institute,date,labour,national,nz_first,alliance,act,green,united,united_future,prog,maori,destiny,mana,con,internet,internet_mana,top,sample_size,ncp,anz
One News Colmar Brunton,1997-05-13,42,38,4,6,5,NA,NA,NA,NA,NA,NA,NA,NA,NA,NA,NA,NA,NA,NA
One News Colmar Brunton,1997-06-25,41,39,4,7,5,NA,NA,NA,NA,NA,NA,NA,NA,NA,NA,NA,NA,NA,NA
One News Colmar Brunton,1997-12-10,46,40,1.2,6,5,NA,NA,NA,NA,NA,NA,NA,NA,NA,NA,NA,NA,NA,NA
One News Colmar Brunton,1998-02-12,45,42,1,5,5,0.4,NA,NA,NA,NA,NA,NA,NA,NA,NA,NA,NA,NA,NA
TV3-CM Research,1998-02-15,44,38,1.8,7.9,4.4,0.5,NA,NA,NA,NA,NA,NA,NA,NA,NA,NA,NA,NA,NA
One News Colmar Brunton,1998-03-25,39,42,1.6,5,8,NA,NA,NA,NA,NA,NA,NA,NA,NA,NA,NA,NA,NA,NA
TV3-CM Research,1998-07-10,37,36,2.3,9.9,5.1,NA,NA,NA,NA,NA,NA,NA,NA,NA,NA,NA,NA,NA,NA
One News Colmar Brunton,1998-08-11,40,39,3,9,6,NA,NA,NA,NA,NA,NA,NA,NA,NA,NA,NA,NA,NA,NA
New Zealand Herald-DigiPoll,1998-08-11,46.1,11.4,2.2,9.7,5.9,NA,NA,NA,NA,NA,NA,NA,NA,NA,NA,NA,NA,NA,NA
One News Colmar Brunton,1998-09-22,42,41,2,7,6,NA,NA,NA,NA,NA,NA,NA,NA,NA,NA,NA,NA,NA,NA
One News Colmar Brunton,1998-11-16,48,34,2,7,6,NA,NA,NA,NA,NA,NA,NA,NA,NA,NA,NA,NA,NA,NA
TV3/CM Research,1998-11-17,49,32,3,5,5,1,NA,NA,NA,NA,NA,NA,NA,NA,NA,NA,NA,NA,NA
One News Colmar Brunton,1999-03-23,39,42,2,7,6,NA,NA,NA,NA,NA,NA,NA,NA,NA,NA,NA,NA,NA,NA
One News Colmar Brunton,1999-04-27,44,38,2,6,6,NA,NA,NA,NA,NA,NA,NA,NA,NA,NA,NA,NA,NA,NA
One News Colmar Brunton,1999-05-19,44,39,3,7,4,NA,NA,NA,NA,NA,NA,NA,NA,NA,NA,NA,NA,NA,NA
One News Colmar Brunton,1999-07-13,44,38,2,6,5,NA,NA,NA,NA,NA,NA,NA,NA,NA,NA,NA,NA,NA,NA
New Zealand Herald-DigiPoll,1999-09-03,43.8,35.7,5.5,5,NA,3.1,NA,NA,NA,NA,NA,NA,NA,NA,NA,NA,NA,NA,NA
One News Colmar Brunton,1999-10-18,39,37,6,4.5,7,NA,NA,NA,NA,NA,NA,NA,NA,NA,NA,NA,NA,NA,NA
New Zealand Herald-Digipoll,1999-11-05,35.2,34,NA,8.7,9.2,2.9,0.3,NA,NA,NA,NA,NA,NA,NA,NA,NA,NA,NA,NA
One News Colmar Brunton,1999-11-26,39,31,3,8,7,6,NA,NA,NA,NA,NA,NA,NA,NA,NA,NA,NA,NA,NA
TV3/CM Research,1999-11-26,34,29,5.5,9,11,6,NA,NA,NA,NA,NA,NA,NA,NA,NA,NA,NA,NA,NA
TV3/CM Research poll,2000-02-28,51,30,3,5,4,4,NA,NA,NA,NA,NA,NA,NA,NA,NA,NA,NA,NA,NA
One News Colmar Brunton,2000-02-28,50,31,2.1,4.3,5,4.3,NA,NA,NA,NA,NA,NA,NA,NA,NA,NA,NA,NA,NA
TV3/CM Research poll,2000-04-18,53,28,1,3,4,5,NA,NA,NA,NA,NA,NA,NA,NA,NA,NA,NA,NA,NA
TV3/CM Research poll,2000-06-26,46,34,2,4,4,5,NA,NA,NA,NA,NA,NA,NA,NA,NA,NA,NA,NA,NA
Herald-DigiPoll,2000-06-30,43,32,6,8,10,3,NA,NA,NA,NA,NA,NA,NA,NA,NA,NA,NA,NA,NA
TV3/CM Research poll,2000-08-22,47,36,2,3,4,5,NA,NA,NA,NA,NA,NA,NA,NA,NA,NA,NA,NA,NA
NBR-Compaq,2000-09-10,36,41,NA,6,4,7,NA,NA,NA,NA,NA,NA,NA,NA,NA,NA,NA,NA,NA
TV3/CM Research poll,2000-10-31,44,39,2,5,3,4,NA,NA,NA,NA,NA,NA,NA,NA,NA,NA,NA,NA,NA
TV3/CM Research poll,2001-02-20,49,34,1.5,4.5,3.6,4.7,NA,NA,NA,NA,NA,NA,NA,NA,NA,NA,NA,NA,NA
TV3-NFO,2001-04-09,50,32,2,3.7,4.2,5,NA,0.5,NA,NA,NA,NA,NA,NA,NA,NA,NA,NA,NA
NBR-Compaq,2001-05-05,43,32,NA,5,6,6.5,NA,NA,NA,NA,NA,NA,NA,NA,NA,NA,NA,NA,NA
One News Colmar Brunton,2001-05-14,44,41,NA,2,NA,6,NA,NA,NA,NA,NA,NA,NA,NA,NA,NA,NA,NA,NA
TV3-NFO,2001-06-11,49,31,3.3,3.5,2,7,NA,NA,NA,NA,NA,NA,NA,NA,NA,NA,NA,NA,NA
One News Colmar Brunton,2001-10-12,46,39,3.5,2,3.1,5,NA,NA,NA,NA,NA,NA,NA,NA,NA,NA,NA,NA,NA
NBR-Compaq,2001-10-19,43,33,3.6,3.8,5.2,8,NA,NA,NA,NA,NA,NA,NA,NA,NA,NA,NA,NA,NA
One News Colmar Brunton,2001-11-12,44,40,2,4,3,5,NA,NA,NA,NA,NA,NA,NA,NA,NA,NA,NA,NA,NA
TV3/CM Research poll,2001-12-17,45,35,3,3,3,6,NA,NA,NA,NA,NA,NA,NA,NA,NA,NA,NA,NA,NA
TV3/CM Research poll,2002-02-27,54,30,2.2,2.2,3,6,NA,NA,NA,NA,NA,NA,NA,NA,NA,NA,NA,NA,NA
NBR HP-Invent,2002-06-07,53,29,3.3,0.5,4.5,7.2,NA,NA,1.3,NA,NA,NA,NA,NA,NA,NA,NA,NA,NA
TV3-NFO,2002-06-10,56,24,3.1,1.2,3.9,9,NA,NA,NA,NA,NA,NA,NA,NA,NA,NA,NA,NA,NA
Herald-DigiPoll,2002-06-10,49.9,31.2,2.5,0.1,4.7,7.7,NA,0.1,0.7,NA,NA,NA,NA,NA,NA,NA,NA,NA,NA
One News Colmar Brunton,2002-06-17,53,27,3,0.5,4,9,NA,NA,2,NA,NA,NA,NA,NA,NA,NA,NA,NA,NA
Herald-DigiPoll,2002-06-26,52.1,25.7,3.8,0.5,4.4,8.3,NA,NA,2,NA,NA,NA,NA,NA,NA,NA,NA,NA,NA
Herald-DigiPoll,2002-07-03,51.2,24.6,4.4,0.4,5.7,9.6,NA,0.1,1.4,NA,NA,NA,NA,NA,NA,NA,NA,NA,NA
TV3-NFO,2002-07-05,51,24,5.7,1.1,5,10.8,NA,NA,1.1,NA,NA,NA,NA,NA,NA,NA,NA,NA,NA
Herald-DigiPoll,2002-07-11,48,24.5,6.4,0.4,5.8,10.1,NA,0.7,1.5,NA,NA,NA,NA,NA,NA,NA,NA,NA,NA
TV3-NFO,2002-07-11,48,24,7.9,1.2,6.3,7.9,NA,0.9,0.8,NA,NA,NA,NA,NA,NA,NA,NA,NA,NA
One News Colmar Brunton,2002-07-15,46,27,6,1,8,9,NA,NA,1,NA,NA,NA,NA,NA,NA,NA,NA,NA,NA
Herald-DigiPoll,2002-07-17,46.7,23.1,8.3,0.4,5.5,11.3,NA,1.1,1.3,NA,NA,NA,NA,NA,NA,NA,NA,NA,NA
TV3-NFO,2002-07-18,46,25,8,1.4,6,9,NA,0.7,0.7,NA,NA,NA,NA,NA,NA,NA,NA,NA,NA
Herald-DigiPoll,2002-07-22,40.8,23.6,10.2,0.4,8.1,6.9,NA,6.6,1.3,NA,NA,NA,NA,NA,NA,NA,NA,NA,NA
One News Colmar Brunton,2002-07-25,44,21,10,1,7,8,NA,4,0.5,NA,NA,NA,NA,NA,NA,NA,NA,NA,NA
TV3-NFO,2002-07-25,43,21,8,1.4,8,9,NA,3.9,1.2,NA,NA,NA,NA,NA,NA,NA,NA,NA,NA
Herald-DigiPoll,2002-07-26,38.8,23.2,9.6,1.3,8.9,9,NA,5.4,1.4,NA,NA,NA,NA,NA,NA,NA,NA,NA,NA
One News Colmar Brunton,2002-09-01,40,25,10,NA,6,7,NA,8,NA,NA,NA,NA,NA,NA,NA,NA,NA,NA,NA
TV3 NFO,2002-09-22,49,19,10,NA,5,8,NA,4.7,NA,NA,NA,NA,NA,NA,NA,NA,NA,NA,NA
NBR-HP Invent,2002-09-22,44,22,9.5,NA,NA,8.5,NA,5.9,NA,NA,NA,NA,NA,NA,NA,NA,NA,NA,NA
One News Colmar Brunton,2002-09-26,47,26,8,NA,5,6,NA,4,NA,NA,NA,NA,NA,NA,NA,NA,NA,NA,NA
One News Colmar Brunton,2002-10-27,51,25,7,NA,5,5,NA,5,NA,NA,NA,NA,NA,NA,NA,NA,NA,NA,NA
NBR-HP Invent,2002-10-20,47,24,9.1,NA,4.9,7.5,NA,4.7,NA,NA,NA,NA,NA,NA,NA,NA,NA,NA,NA
TV3 NFO,2002-11-24,50,19,10,NA,4.8,8,NA,5,NA,NA,NA,NA,NA,NA,NA,NA,NA,NA,NA
One News Colmar Brunton,2002-11-18,49,26,8,NA,6,5,NA,2.9,NA,NA,NA,NA,NA,NA,NA,NA,NA,NA,NA
One News Colmar Brunton,2002-12-15,52,25,6,NA,5,5,NA,4,NA,NA,NA,NA,NA,NA,NA,NA,NA,NA,NA
Herald-DigiPoll,2003-02-03,49.6,22.9,7.2,NA,5.9,5.1,NA,3.3,NA,NA,NA,NA,NA,NA,NA,NA,NA,NA,NA
TV3 NFO,2003-02-16,56,21,6,NA,4.2,6,NA,3.6,NA,NA,NA,NA,NA,NA,NA,NA,NA,NA,NA
One News Colmar Brunton,2003-02-17,53,27,5,NA,6,6,NA,2,NA,NA,NA,NA,NA,NA,NA,NA,NA,NA,NA
One News Colmar Brunton,2003-03-23,51,28,6,NA,6,5,NA,2.9,NA,NA,NA,NA,NA,NA,NA,NA,NA,NA,NA
TV3 NFO,2003-04-13,53,26,5,NA,4.9,6,NA,2.4,NA,NA,NA,NA,NA,NA,NA,NA,NA,NA,NA
One News Colmar Brunton,2003-04-13,52,26,6,NA,5,5,NA,2,NA,NA,NA,NA,NA,NA,NA,NA,NA,NA,NA
Herald-DigiPoll,2003-05-18,49.4,28,8,NA,5.6,5.3,NA,1.8,NA,NA,NA,NA,NA,NA,NA,NA,NA,NA,NA
One News Colmar Brunton,2003-05-15,50,28,7,NA,6,3,NA,2,NA,NA,NA,NA,NA,NA,NA,NA,NA,NA,NA
TV3 NFO,2003-06-16,52,24,8,NA,4.5,6,NA,2.9,NA,NA,NA,NA,NA,NA,NA,NA,NA,NA,NA
One News Colmar Brunton,2003-06-16,54,28,NA,NA,NA,4,NA,NA,NA,NA,NA,NA,NA,NA,NA,NA,NA,NA,NA
One News Colmar Brunton,2003-07-13,51,28,7,NA,6,4,NA,1.1,NA,NA,NA,NA,NA,NA,NA,NA,NA,NA,NA
Herald-DigiPoll,2003-08-17,47.7,26.8,9.7,NA,4.4,5,NA,4.2,NA,NA,NA,NA,NA,NA,NA,NA,NA,NA,NA
TV3 NFO,2003-08-12,52,23,9,NA,5,6,NA,2.7,NA,NA,NA,NA,NA,NA,NA,NA,NA,NA,NA
One News Colmar Brunton,2003-08-17,47,27,8,NA,6,5,NA,2.6,NA,NA,NA,NA,NA,NA,NA,NA,NA,NA,NA
One News Colmar Brunton,2003-09-15,45,29,8,NA,5,7,NA,3.4,NA,NA,NA,NA,NA,NA,NA,NA,NA,NA,NA
Herald-DigiPoll,2003-10-15,43.3,22.3,12.3,NA,6.2,9.2,NA,2.7,NA,NA,NA,NA,NA,NA,NA,NA,NA,NA,NA
TV3 NFO,2003-10-06,46,24,10,NA,6,8,NA,2.9,NA,NA,NA,NA,NA,NA,NA,NA,NA,NA,NA
One News Colmar Brunton,2003-10-14,45,27,8,NA,6,7,NA,2.8,NA,NA,NA,NA,NA,NA,NA,NA,NA,NA,NA
One News Colmar Brunton,2003-11-09,45,31,8,NA,4,7,NA,2.2,NA,NA,NA,NA,NA,NA,NA,NA,NA,NA,NA
One News Colmar Brunton,2003-12-14,45,28,11,NA,6,4,NA,2.1,NA,NA,NA,NA,NA,NA,NA,NA,NA,NA,NA
Herald-DigiPoll,2004-02-23,37,45.5,5.6,NA,2.3,5.3,NA,1.4,NA,NA,NA,NA,NA,NA,NA,NA,NA,NA,NA
3 News TNS,2004-02-05,43,32,8,NA,4.2,8,NA,2.4,NA,NA,NA,NA,NA,NA,NA,NA,NA,NA,NA
One News Colmar Brunton,2004-02-04,38,45,6,NA,1.3,5,NA,1.8,NA,NA,NA,NA,NA,NA,NA,NA,NA,NA,NA
3 News TNS,2004-02-29,39,42,6,NA,2.4,6,NA,0.9,NA,NA,NA,NA,NA,NA,NA,NA,NA,NA,NA
One News Colmar Brunton,2004-03-22,39,49,4,NA,2,2.2,NA,1.7,NA,NA,NA,NA,NA,NA,NA,NA,NA,NA,NA
3 News TNS,2004-03-31,42,42,5,NA,1.3,4.6,NA,2.1,NA,NA,NA,NA,NA,NA,NA,NA,NA,NA,NA
One News Colmar Brunton,2004-04-25,37,48,5,NA,1.6,5,NA,1.9,NA,NA,NA,NA,NA,NA,NA,NA,NA,NA,NA
One News Colmar Brunton,2004-05-20,37,47,5,NA,3,4,NA,1.4,NA,NA,NA,NA,NA,NA,NA,NA,NA,NA,NA
Herald-DigiPoll,2004-06-01,36,44,5.6,NA,2,4.7,NA,2.4,NA,NA,NA,NA,NA,NA,NA,NA,NA,NA,NA
3 News TNS,2004-06-03,43,40,5,NA,2,4.6,NA,2.3,NA,NA,NA,NA,NA,NA,NA,NA,NA,NA,NA
One News Colmar Brunton,2004-06-21,40,44,2.7,NA,2.3,5,NA,2.2,NA,NA,NA,NA,NA,NA,NA,NA,NA,NA,NA
One News Colmar Brunton,2004-07-08,39,43,5,NA,2.7,4,NA,2.2,NA,NA,NA,NA,NA,NA,NA,NA,NA,NA,NA
3 News TNS,2004-07-31,44,39,5,NA,2.6,4.7,NA,1.8,NA,0.9,NA,NA,NA,NA,NA,NA,NA,NA,NA
Sunday Star-Times/BRC,2004-08-01,44,39,NA,NA,3,NA,NA,NA,NA,3,NA,NA,NA,NA,NA,NA,NA,NA,NA
One News Colmar Brunton,2004-08-12,44,40,4,NA,1.6,4,NA,1.5,NA,NA,NA,NA,NA,NA,NA,NA,NA,NA,NA
One News Colmar Brunton,2004-09-13,42,42,5,NA,2.5,4,NA,1.7,NA,NA,NA,NA,NA,NA,NA,NA,NA,NA,NA
Herald-DigiPoll,2004-09-28,40.8,36,5,NA,1,3.6,NA,2.6,NA,1.5,NA,NA,NA,NA,NA,NA,NA,NA,NA
3 News TNS,2004-10-06,45,33,5,NA,3.3,5.2,NA,2.8,NA,NA,NA,NA,NA,NA,NA,NA,NA,NA,NA
One News Colmar Brunton,2004-10-14,44,39,5,NA,3.1,4,NA,2.2,NA,NA,NA,NA,NA,NA,NA,NA,NA,NA,NA
One News Colmar Brunton,2004-11-15,44,38,5,NA,3.3,4,NA,2.5,NA,NA,NA,NA,NA,NA,NA,NA,NA,NA,NA
Herald-DigiPoll,2004-11-27,50.1,30.4,5.7,NA,2.5,5.4,NA,2.3,NA,1.9,NA,NA,NA,NA,NA,NA,NA,NA,NA
3 News TNS,2004-12-01,46,32,7,NA,2.8,5.1,NA,2.3,NA,2.6,NA,NA,NA,NA,NA,NA,NA,NA,NA
One News Colmar Brunton,2004-12-13,47,35,5,NA,2.8,5,NA,1.4,NA,NA,NA,NA,NA,NA,NA,NA,NA,NA,NA
Herald-DigiPoll,2005-02-01,44.8,35.3,4.7,NA,1.6,6.9,NA,3,NA,1.5,NA,NA,NA,NA,NA,NA,NA,NA,NA
3 News TNS,2005-02-04,46,38,5,NA,2.1,4.7,NA,1.4,NA,1.7,NA,NA,NA,NA,NA,NA,NA,NA,NA
One News Colmar Brunton,2005-02-14,44,39,5,NA,2,4,NA,1,NA,2,NA,NA,NA,NA,NA,NA,NA,NA,NA
One News Colmar Brunton,2005-03-17,46,35,5,NA,3,5,NA,1,NA,1,NA,NA,NA,NA,NA,NA,NA,NA,NA
Herald-DigiPoll,2005-03-30,47.7,34.5,NA,NA,NA,NA,NA,NA,NA,NA,NA,NA,NA,NA,NA,NA,NA,NA,NA
3 News TNS,2005-04-15,45,34,8,NA,NA,NA,NA,NA,NA,NA,NA,NA,NA,NA,NA,NA,NA,NA,NA
One News Colmar Brunton,2005-04-17,45,38,7,NA,3,4,NA,1,NA,1,NA,NA,NA,NA,NA,NA,NA,NA,NA
One News Colmar Brunton,2005-05-16,44,37,8,NA,2,4,NA,1,NA,2,NA,NA,NA,NA,NA,NA,NA,NA,NA
3 News TNS,2005-06-16,40,36,11,NA,1.5,6,NA,NA,NA,NA,NA,NA,NA,NA,NA,NA,NA,NA,NA
Fairfax Media–Nielsen,2005-06-18,40,38,8,NA,2,5,NA,2,NA,2,NA,NA,NA,NA,NA,NA,NA,NA,NA
One News Colmar Brunton,2005-06-19,41,43,7,NA,2,3,NA,1,NA,2,NA,NA,NA,NA,NA,NA,NA,NA,NA
One News Colmar Brunton,2005-07-18,39,42,7,NA,1,6,NA,1,NA,2,NA,NA,NA,NA,NA,NA,NA,NA,NA
3 News TNS,2005-07-27,39,39,7,NA,1.6,6,NA,1.4,NA,2.2,NA,NA,NA,NA,NA,NA,NA,NA,NA
Roy Morgan Research,2005-08-01,38,38,10,NA,1.5,6,NA,2,NA,NA,NA,NA,NA,NA,NA,NA,NA,NA,NA
One News Colmar Brunton,2005-08-04,45,41,5,NA,2,3,NA,1,NA,1,NA,NA,NA,NA,NA,NA,NA,NA,NA
Roy Morgan Research,2005-08-15,40,36.5,8,NA,2.5,7.5,NA,2,NA,NA,NA,NA,NA,NA,NA,NA,NA,NA,NA
One News Colmar Brunton,2005-08-18,45,37,6,NA,2,6,NA,1,NA,1,1,NA,NA,NA,NA,NA,NA,NA,NA
One News Colmar Brunton,2005-08-25,43,40,5,NA,2,7,NA,1,NA,1,1,NA,NA,NA,NA,NA,NA,NA,NA
3 News TNS,2005-08-30,39,41,6,NA,1.4,6,NA,1.7,NA,1.7,NA,NA,NA,NA,NA,NA,NA,NA,NA
One News Colmar Brunton,2005-09-01,38,46,5,NA,1,6,NA,1,NA,2,1,NA,NA,NA,NA,NA,NA,NA,NA
Roy Morgan Research,2005-09-13,38.5,37,6.5,NA,3,7.5,NA,2.5,NA,1.5,NA,NA,NA,NA,NA,NA,NA,NA,NA
One News Colmar Brunton,2005-09-08,39,41,6,NA,3,6,NA,2,NA,1,1,NA,NA,NA,NA,NA,NA,NA,NA
3 News TNS,2005-09-14,40.5,38.7,6.8,NA,0.9,6.9,NA,3,NA,1.4,NA,NA,NA,NA,NA,NA,NA,NA,NA
Herald-DigiPoll,2005-09-14,44.6,37.4,4.5,NA,1.3,4.6,NA,2.6,NA,2.3,NA,NA,NA,NA,NA,NA,NA,NA,NA
One News Colmar Brunton,2005-09-14,38,44,6,NA,1.9,5,NA,2.5,NA,1.7,NA,NA,NA,NA,NA,NA,NA,NA,NA
Fairfax Media–Nielsen,2005-09-13,37,43,7,NA,1,6,NA,3,NA,1,NA,NA,NA,NA,NA,NA,NA,NA,NA
Roy Morgan Research,2005-10-02,36.5,41.5,4.5,NA,1.5,9,NA,3,1,3,NA,NA,NA,NA,NA,NA,NA,NA,NA
Roy Morgan Research,2005-10-16,39,40.5,5,NA,1.5,7,NA,3.5,1,2,NA,NA,NA,NA,NA,NA,NA,NA,NA
Roy Morgan Research,2005-10-31,37.5,40,6,NA,1,9,NA,3.5,0.5,1,NA,NA,NA,NA,NA,NA,NA,NA,NA
3 News TNS,2005-11-02,44,37,3.5,NA,1.5,7,NA,2.5,0.7,2.5,NA,NA,NA,NA,NA,NA,NA,NA,NA
One News Colmar Brunton,2005-11-20,40,44,4,NA,1,7,NA,1,NA,2,NA,NA,NA,NA,NA,NA,NA,NA,NA
Herald-DigiPoll,2005-11-30,43.8,41.7,3.8,NA,1.5,5.3,NA,1.3,NA,1.5,NA,NA,NA,NA,NA,NA,NA,NA,NA
One News Colmar Brunton,2005-12-11,37,46,4,NA,NA,7,NA,NA,NA,2.1,NA,NA,NA,NA,NA,NA,NA,NA,NA
Roy Morgan International,2006-01-23,39,40.5,4.5,NA,1.5,8.5,NA,3,0,1.5,NA,NA,NA,NA,NA,NA,NA,NA,NA
Sunday Star-Times/BRC,2006-01-25,42,43,4,NA,1,6,NA,1,NA,1,NA,NA,NA,NA,NA,NA,NA,NA,NA
3 News TNS,2006-02-02,44,38,3.4,NA,1.2,7,NA,1.5,0.5,1.7,NA,NA,NA,NA,NA,NA,NA,NA,NA
One News Colmar Brunton,2006-02-19,42,45,4,NA,1,6,NA,1,NA,2,NA,NA,NA,NA,NA,NA,NA,NA,NA
3 News TNS,2006-03-29,43,40,4.3,NA,1.1,6,NA,1.9,0.2,3,NA,NA,NA,NA,NA,NA,NA,NA,NA
Herald-DigiPoll,2006-04-10,43.4,44.6,3.9,NA,1.1,5.2,NA,1.5,NA,2.1,NA,NA,NA,NA,NA,NA,NA,NA,NA
3 News TNS,2006-05-10,42,41,3.8,NA,1.8,6,NA,1.9,0.2,2.2,NA,NA,NA,NA,NA,NA,NA,NA,NA
One News Colmar Brunton,2006-05-25,38,47,4,NA,1.1,5,NA,1.4,0.1,3,NA,NA,NA,NA,NA,NA,NA,NA,NA
3 News TNS,2006-07-05,46,39,3.8,NA,0.8,6,NA,1.1,0.4,1.3,NA,NA,NA,NA,NA,NA,NA,NA,NA
One News Colmar Brunton,2006-07-16,43,45,2,NA,2,4,NA,0.8,NA,2,NA,NA,NA,NA,NA,NA,NA,NA,NA
One News Colmar Brunton,2006-08-10,43,45,3,NA,0.9,3,NA,1.5,0.4,2.6,NA,NA,NA,NA,NA,NA,NA,NA,NA
Herald-DigiPoll,2006-08-31,38.7,46.4,2.8,NA,0.7,5.8,NA,1.1,0.2,3.4,NA,NA,NA,NA,NA,NA,NA,NA,NA
3 News TNS,2006-08-30,43,40,3.2,NA,1,7,NA,1.2,0.2,2.8,NA,NA,NA,NA,NA,NA,NA,NA,NA
Roy Morgan Research,2006-09-10,41,38,5.5,NA,1.5,8.5,NA,2,0.5,3,NA,NA,NA,NA,NA,NA,NA,NA,NA
Herald-DigiPoll,2006-09-24,38,45.7,2.8,NA,1.4,6.8,NA,0.7,0.3,4.1,NA,NA,NA,NA,NA,NA,NA,NA,NA
One News Colmar Brunton,2006-09-21,38,49,NA,NA,NA,6,NA,NA,NA,3,NA,NA,NA,NA,NA,NA,NA,NA,NA
Roy Morgan Research,2006-10-01,36,41.5,7,NA,1.5,8.5,NA,2.5,NA,2.5,NA,NA,NA,NA,NA,NA,NA,NA,NA
Roy Morgan Research,2006-10-15,40,40,5,NA,2,8.5,NA,1.5,0.5,1.5,NA,NA,NA,NA,NA,NA,NA,NA,NA
One News Colmar Brunton,2006-10-19,36,49,2.5,NA,0.5,6,NA,0.9,0.2,2.4,NA,NA,NA,NA,NA,NA,NA,NA,NA
Roy Morgan Research,2006-10-29,38.5,41,3,NA,1.5,8,NA,3,NA,2.5,NA,NA,NA,NA,NA,NA,NA,NA,NA
3 News TNS,2006-11-01,42,40,2.4,NA,1.5,7,NA,1.9,0.2,3.4,NA,NA,NA,NA,NA,NA,NA,NA,NA
Roy Morgan Research,2006-11-12,38.5,42.5,5,NA,0.5,7.5,NA,1.5,0.5,2.5,NA,NA,NA,NA,NA,NA,NA,NA,NA
Roy Morgan Research,2006-11-26,37.5,42.5,4.5,NA,1.5,8,NA,3,NA,2,NA,NA,NA,NA,NA,NA,NA,NA,NA
Herald-DigiPoll,2006-12-02,41.7,42.8,3.4,NA,1,6.1,NA,1.6,0.4,2,NA,NA,NA,NA,NA,NA,NA,NA,NA
Roy Morgan Research,2006-12-12,37.5,44.5,4,NA,0.5,9.5,NA,2,0.5,1,NA,NA,NA,NA,NA,NA,NA,NA,NA
Roy Morgan Research,2007-01-21,41,41,4,NA,1.5,7.5,NA,1,0.5,2,NA,NA,NA,NA,NA,NA,NA,NA,NA
3 News TNS,2007-02-01,44,41,2.8,NA,0.8,8,NA,0.8,0.1,2,NA,NA,NA,NA,NA,NA,NA,NA,NA
Roy Morgan Research,2007-02-05,39.5,41.5,4,NA,1.5,8,NA,2.5,0.5,2,NA,NA,NA,NA,NA,NA,NA,NA,NA
One News Colmar Brunton,2007-02-15,39,46,2.2,NA,1.3,7,NA,0.5,0.4,3.1,NA,NA,NA,NA,NA,NA,NA,NA,NA
Roy Morgan Research,2007-02-18,36,48.5,3,NA,1,8.5,NA,1.5,NA,1.5,NA,NA,NA,NA,NA,NA,NA,NA,NA
Roy Morgan Research,2007-03-04,36,45,2,NA,2.5,8.5,NA,1.5,0.5,3.5,NA,NA,NA,NA,NA,NA,NA,NA,NA
Roy Morgan Research,2007-03-18,37.5,45,4,NA,1,7.5,NA,1.5,NA,3.5,NA,NA,NA,NA,NA,NA,NA,NA,NA
One News Colmar Brunton,2007-03-22,37,46,2,NA,1.5,7,NA,1.6,0.1,3.4,NA,NA,NA,NA,NA,NA,NA,NA,NA
3 News TNS,2007-03-28,44,42,1.2,NA,1.2,5.6,NA,0.7,0.2,3.4,NA,NA,NA,NA,NA,NA,NA,NA,NA
Roy Morgan Research,2007-04-02,35.5,46,3.5,NA,1,9.5,NA,1,NA,2.5,NA,NA,NA,NA,NA,NA,NA,NA,NA
Roy Morgan Research,2007-04-16,33.5,45.5,6,NA,1,8.5,NA,2,NA,2,NA,NA,NA,NA,NA,NA,NA,NA,NA
One News Colmar Brunton,2007-04-19,39,49,2,NA,1,6,NA,0.6,0.2,1.7,NA,NA,NA,NA,NA,NA,NA,NA,NA
Roy Morgan Research,2007-05-06,36,49.5,4.5,NA,0.5,6,NA,1.5,NA,1.5,NA,NA,NA,NA,NA,NA,NA,NA,NA
3 News TNS,2007-05-09,36,48,2.4,NA,0.5,8,NA,0.6,0.1,3.7,NA,NA,NA,NA,NA,NA,NA,NA,NA
Roy Morgan Research,2007-05-20,32,49,4.5,NA,1.5,7,NA,1.5,NA,2.5,NA,NA,NA,NA,NA,NA,NA,NA,NA
Herald-DigiPoll,2007-05-24,33.6,50.9,3.2,NA,0.7,6.1,NA,0.8,0.4,1.7,NA,NA,NA,NA,NA,NA,NA,NA,NA
One News Colmar Brunton,2007-05-24,31,56,2.1,NA,0.4,6,NA,1,0.2,2.9,NA,NA,NA,NA,NA,NA,NA,NA,NA
Roy Morgan Research,2007-06-03,33.5,50.5,3.5,NA,0.5,6.5,NA,2,0.5,1.5,NA,NA,NA,NA,NA,NA,NA,NA,NA
Roy Morgan Research,2007-06-17,36,49.5,3,NA,1.5,6.5,NA,0.5,0.5,1.5,NA,NA,NA,NA,NA,NA,NA,NA,NA
Herald-DigiPoll,2007-06-22,40.1,48.2,3,NA,0.6,4,NA,0.3,NA,2.4,NA,NA,NA,NA,NA,NA,NA,NA,NA
Roy Morgan Research,2007-07-01,34,48.5,2.5,NA,1,8.5,NA,1.5,1,2,NA,NA,NA,NA,NA,NA,NA,NA,NA
One News Colmar Brunton,2007-07-05,36,52,2.3,NA,0.3,5,NA,0.6,0.4,2.6,NA,NA,NA,NA,NA,NA,NA,NA,NA
3 News TNS,2007-07-11,36,48,2.6,NA,1.2,6,NA,1.1,NA,2.7,NA,NA,NA,NA,NA,NA,NA,NA,NA
UMR Research,2007-07-15,36,50,2.3,NA,0.4,7.1,NA,0.8,NA,2.6,NA,NA,NA,NA,NA,NA,NA,NA,NA
Roy Morgan Research,2007-07-15,36,47,5,NA,1.5,6.5,NA,1,0.5,2,NA,NA,NA,NA,NA,NA,NA,NA,NA
Herald-DigiPoll,2007-07-19,42,48.5,2,NA,0.4,4,NA,0.3,NA,1.8,NA,NA,NA,NA,NA,NA,NA,NA,NA
Roy Morgan Research,2007-07-29,35,49,4,NA,0.5,6,NA,0.5,0.5,3,NA,NA,NA,NA,NA,NA,NA,NA,NA
One News Colmar Brunton,2007-08-09,36,53,2.6,NA,1.2,5,NA,0.5,0.2,1,NA,NA,NA,NA,NA,NA,NA,NA,NA
UMR Research,2007-08-15,35,49,2.9,NA,0.6,7.7,NA,1.1,NA,2.1,NA,NA,NA,NA,NA,NA,NA,NA,NA
Roy Morgan Research,2007-08-12,31,50.5,4,NA,1.5,7,NA,2,0.5,3,NA,NA,NA,NA,NA,NA,NA,NA,NA
Roy Morgan Research,2007-09-02,34,48,2.5,NA,1,9.5,NA,0.5,0.5,3,NA,NA,NA,NA,NA,NA,NA,NA,NA
3 News TNS,2007-09-05,37,47,3.2,NA,1.5,7,NA,0.1,NA,1.8,NA,NA,NA,NA,NA,NA,NA,NA,NA
Fairfax Media–Nielsen,2007-09-15,36,50,3,NA,1,6,NA,1,0,2,NA,NA,NA,NA,NA,NA,NA,NA,NA
One News Colmar Brunton,2007-09-13,39,49,2.9,NA,0.8,5,NA,0.5,0.3,2.8,NA,NA,NA,NA,NA,NA,NA,NA,NA
Roy Morgan Research,2007-09-16,35,49,2.5,NA,1.5,7.5,NA,1,NA,3,NA,NA,NA,NA,NA,NA,NA,NA,NA
UMR Research,2007-09-19,34,51,2.8,NA,0.9,6.7,NA,0.4,NA,2.6,NA,NA,NA,NA,NA,NA,NA,NA,NA
Herald-DigiPoll,2007-09-29,39.6,44.8,3.1,NA,1.1,7.2,NA,0.4,0.2,2.8,NA,NA,NA,NA,NA,NA,NA,NA,NA
Roy Morgan Research,2007-09-30,33,48.5,3,NA,1,9.5,NA,1.5,0.5,2.5,NA,NA,NA,NA,NA,NA,NA,NA,NA
One News Colmar Brunton,2007-10-11,37,49,1.9,NA,0.6,6,NA,0.4,0.1,2.8,NA,NA,NA,NA,NA,NA,NA,NA,NA
Roy Morgan Research,2007-10-14,39,45.5,3,NA,0.5,7.5,NA,1.5,NA,2,NA,NA,NA,NA,NA,NA,NA,NA,NA
UMR Research,2007-10-15,38,49,2.6,NA,0.8,6.9,NA,0.5,NA,1.2,NA,NA,NA,NA,NA,NA,NA,NA,NA
Herald-DigiPoll,2007-10-28,38.8,51.2,1.8,NA,0.2,5.4,NA,0.2,NA,1.8,NA,NA,NA,NA,NA,NA,NA,NA,NA
Roy Morgan Research,2007-10-28,40.5,45,3.5,NA,1,6.5,NA,1.5,NA,1.5,NA,NA,NA,NA,NA,NA,NA,NA,NA
Roy Morgan Research,2007-11-11,34,48,5.5,NA,1,7.5,NA,1,NA,2.5,NA,NA,NA,NA,NA,NA,NA,NA,NA
Herald-DigiPoll,2007-11-26,38.1,51.3,2.1,NA,0.7,3.5,NA,0.4,0.3,3,NA,NA,NA,NA,NA,NA,NA,NA,NA
Fairfax Media–Nielsen,2007-11-17,40,45,3,NA,1,5,NA,1,0,3,NA,NA,NA,NA,NA,NA,NA,NA,NA
Roy Morgan Research,2007-11-25,35,48,5,NA,1.5,6.5,NA,0.5,0.5,2.5,NA,NA,NA,NA,NA,NA,NA,NA,NA
3 News TNS,2007-12-13,36,51,2.2,NA,0.9,4.8,NA,0.7,NA,2.8,NA,NA,NA,NA,NA,NA,NA,NA,NA
One News Colmar Brunton,2007-12-13,35,54,2.2,NA,0.8,4.6,NA,0.5,0.1,1.7,NA,NA,NA,NA,NA,NA,NA,NA,NA
Roy Morgan Research,2007-12-09,34.5,47.5,5,NA,1.5,6,NA,0.5,0.5,2,NA,NA,NA,NA,NA,NA,NA,NA,NA
Roy Morgan Research,2008-01-20,33.5,52,3.5,NA,1,6.5,NA,0.5,0.5,2,NA,NA,NA,NA,NA,NA,NA,NA,NA
Herald-DigiPoll,2008-01-24,38.7,47.5,3,NA,0.7,9.1,NA,0,0,1,NA,NA,NA,NA,NA,NA,NA,NA,NA
3 News TNS,2008-01-30,35,49,3,NA,0.5,7,NA,0.5,NA,3,NA,NA,NA,NA,NA,NA,NA,NA,NA
Roy Morgan Research,2008-02-03,36.5,45.5,4,NA,2,9,NA,0.5,0.5,2,NA,NA,NA,NA,NA,NA,NA,NA,NA
One News Colmar Brunton,2008-02-14,34,53,1.7,NA,0.9,6,NA,0.2,NA,3.3,NA,NA,NA,NA,NA,NA,NA,NA,NA
Roy Morgan Research,2008-02-17,32.5,51.5,3,NA,0.5,8,NA,0.5,0.5,3,NA,NA,NA,NA,NA,NA,NA,NA,NA
Fairfax Media–Nielsen,2008-02-19,32,55,3,NA,1,6,NA,0,0,2,NA,NA,NA,NA,NA,NA,NA,NA,NA
3 News TNS,2008-02-26,35,51,3,NA,1,7,NA,0.1,0.1,2,NA,NA,NA,NA,NA,NA,NA,NA,NA
Herald-DigiPoll,2008-02-28,36.5,54.5,2.1,NA,0.4,4.4,NA,0.4,0,1.5,NA,NA,NA,NA,NA,NA,NA,NA,NA
Roy Morgan Research,2008-03-02,35,49.5,4,NA,1,7,NA,0.5,0.5,2,NA,NA,NA,NA,NA,NA,NA,NA,NA
One News Colmar Brunton,2008-03-13,35,50,2.5,NA,0.9,7,NA,0.3,0.1,3.3,NA,NA,NA,NA,NA,NA,NA,NA,NA
Roy Morgan Research,2008-03-16,34,51,3,NA,1.5,6.5,NA,1,0.5,2,NA,NA,NA,NA,NA,NA,NA,NA,NA
Herald-DigiPoll,2008-03-27,39.3,49.9,1.1,NA,1.1,3.9,NA,0,NA,3.7,NA,NA,NA,NA,NA,NA,NA,NA,NA
Roy Morgan Research,2008-04-06,34.5,47,4,NA,1.5,9,NA,0.5,0.5,3,NA,NA,NA,NA,NA,NA,NA,NA,NA
3 News TNS,2008-04-16,38,48,3.4,NA,0.5,5.8,NA,0.3,NA,2.9,NA,NA,NA,NA,NA,NA,NA,NA,NA
One News Colmar Brunton,2008-04-17,35,54,1.5,NA,1.1,3.7,NA,0.2,0.1,3.2,NA,NA,NA,NA,NA,NA,NA,NA,NA
Roy Morgan Research,2008-04-20,35.5,50,3.5,NA,1.5,6.5,NA,0.5,NA,2.5,NA,NA,NA,NA,NA,NA,NA,NA,NA
Fairfax Media–Nielsen,2008-04-22,34,52,3,NA,0,6,NA,1,1,3,NA,NA,NA,NA,NA,NA,NA,NA,NA
Herald-DigiPoll,2008-04-26,37.2,52.1,1.5,NA,0.4,5.2,NA,0.1,0,2.9,NA,NA,NA,NA,NA,NA,NA,NA,NA
Roy Morgan Research,2008-05-04,35.5,49.5,4.5,NA,1,6.5,NA,1,NA,2,NA,NA,NA,NA,NA,NA,NA,NA,NA
Fairfax Media–Nielsen,2008-05-13,29,56,5,NA,1,6,NA,0,0,2,NA,NA,NA,NA,NA,NA,NA,NA,NA
Roy Morgan Research,2008-05-18,35,49,4,NA,1,7.5,NA,0.5,NA,2.5,NA,NA,NA,NA,NA,NA,NA,NA,NA
Herald-DigiPoll,2008-05-28,36.2,51.5,1.9,NA,0.7,6.4,NA,0.4,0,2.2,NA,NA,NA,NA,NA,NA,NA,NA,NA
3 News TNS,2008-05-29,35,50,3.9,NA,1,5.8,NA,0.2,0.1,2,NA,NA,NA,NA,NA,NA,NA,NA,NA
One News Colmar Brunton,2008-05-29,29,55,4.4,NA,1.2,7,NA,0.2,0.1,2.5,NA,NA,NA,NA,NA,NA,NA,NA,NA
Roy Morgan Research,2008-06-01,32,50.5,4,NA,1.5,7,NA,1,NA,3,NA,NA,NA,NA,NA,NA,NA,NA,NA
Roy Morgan Research,2008-06-15,31.5,52.5,4,NA,2,7,NA,0.5,NA,2,NA,NA,NA,NA,NA,NA,NA,NA,NA
Fairfax Media–Nielsen,2008-06-17,30,54,3,NA,1,7,NA,1,NA,2,NA,NA,NA,NA,NA,NA,NA,NA,NA
One News Colmar Brunton,2008-06-19,29,55,3.2,NA,0.8,7,NA,0.4,0,4.4,NA,NA,NA,NA,NA,NA,NA,NA,NA
Herald-DigiPoll,2008-06-25,32.4,54.9,3.3,NA,0.8,5.9,NA,0.1,NA,1.8,NA,NA,NA,NA,NA,NA,NA,NA,NA
Roy Morgan Research,2008-06-29,30.5,51.5,4,NA,2,8,NA,1,NA,2.5,NA,NA,NA,NA,NA,NA,NA,NA,NA
Roy Morgan Research,2008-07-13,31,52,6.5,NA,0.5,7.5,NA,1,NA,1,NA,NA,NA,NA,NA,NA,NA,NA,NA
Fairfax Media–Nielsen,2008-07-15,35,51,4,NA,1,5,NA,0,NA,2,NA,NA,NA,NA,NA,NA,NA,NA,NA
One News Colmar Brunton,2008-07-17,35,52,2.4,NA,1.2,6,NA,0.3,0,1.7,NA,NA,NA,NA,NA,NA,NA,NA,NA
3 News TNS,2008-07-18,35,48,4,NA,1,7,NA,0.3,0,2,NA,NA,NA,NA,NA,NA,NA,NA,NA
Herald-DigiPoll,2008-07-29,30.8,55.4,4.1,NA,0.2,5.5,NA,0.9,NA,2.6,NA,NA,NA,NA,NA,NA,NA,NA,NA
Roy Morgan Research,2008-07-27,32.5,47.5,5,NA,2.5,8,NA,0.5,NA,3,NA,NA,NA,NA,NA,NA,NA,NA,NA
Roy Morgan Research,2008-08-10,34,48,6.5,NA,1.5,7.5,NA,0,NA,2,NA,NA,NA,NA,NA,NA,NA,NA,NA
Fairfax Media–Nielsen,2008-08-12,35,54,3,NA,1,4,NA,0,NA,2,NA,NA,NA,NA,NA,NA,NA,NA,NA
One News Colmar Brunton,2008-08-14,37,51,2.6,NA,0.6,3.5,NA,0.7,0.1,3.1,NA,NA,NA,NA,NA,NA,NA,NA,NA
3 News TNS,2008-08-20,37,48,3,NA,2,6,NA,1,0,2,NA,NA,NA,NA,NA,NA,NA,NA,NA
Roy Morgan Research,2008-08-31,38,44.5,2.5,NA,1.5,8,NA,1,NA,3.5,NA,NA,NA,NA,NA,NA,NA,NA,NA
Herald-DigiPoll,2008-08-25,36.3,50,2.1,NA,2.3,5.1,NA,0,NA,3.1,NA,NA,NA,NA,NA,NA,NA,NA,NA
One News Colmar Brunton,2008-09-11,35,53,1.8,NA,2,5,NA,0,0,1.8,NA,NA,NA,NA,NA,NA,NA,NA,NA
Roy Morgan Research,2008-09-14,36.5,47.5,5,NA,1.5,6.5,NA,0.5,NA,1.5,NA,NA,NA,NA,NA,NA,NA,NA,NA
Fairfax Media–Nielsen,2008-09-16,34,52,3,NA,1,5,NA,NA,NA,3,NA,NA,NA,NA,NA,NA,NA,NA,NA
Herald-DigiPoll,2008-09-24,35.7,51.4,2.8,NA,1.1,4.9,NA,0.4,0.4,1.9,NA,NA,NA,NA,NA,NA,NA,NA,NA
3 News TNS,2008-09-24,36,49,3,NA,2,5,NA,0,0,2,NA,NA,NA,NA,NA,NA,NA,NA,NA
One News Colmar Brunton,2008-10-02,33,52,2,NA,1.5,7,NA,0.7,0.3,2.5,NA,NA,NA,NA,NA,NA,NA,NA,NA
Roy Morgan Research,2008-10-05,37.5,40.5,4,NA,3.5,9,NA,1,1,2,NA,NA,NA,NA,NA,NA,NA,NA,NA
3 News TNS,2008-10-10,39,45,2.7,NA,1.8,6.7,NA,0.1,0.1,2.5,NA,NA,NA,NA,NA,NA,NA,NA,NA
One News Colmar Brunton,2008-10-09,33,51,2.6,NA,1.6,8,NA,0.1,0.3,2.8,NA,NA,NA,NA,NA,NA,NA,NA,NA
Fairfax Media–Nielsen,2008-10-14,33,51,3,NA,1,7,NA,1,0,2,NA,NA,NA,NA,NA,NA,NA,NA,NA
One News Colmar Brunton,2008-10-16,36,50,2.1,NA,2.1,5,NA,0.5,0.5,2.1,NA,NA,NA,NA,NA,NA,NA,NA,NA
3 News TNS,2008-10-23,37.4,45.1,3.5,NA,1.7,8.8,NA,0.2,0.1,2.3,NA,NA,NA,NA,NA,NA,NA,NA,NA
Roy Morgan Research,2008-10-19,32,43,4.5,NA,3.5,11.5,NA,0.5,0.5,2.5,NA,NA,NA,NA,NA,NA,NA,NA,NA
Herald-DigiPoll,2008-10-22,37,50.4,2.1,NA,1.2,5.4,NA,0.2,0.3,2.4,NA,NA,NA,NA,NA,NA,NA,NA,NA
One News Colmar Brunton,2008-10-23,35,47,3,NA,2,8,NA,0.4,0,3,NA,NA,NA,NA,NA,NA,NA,NA,NA
3 News TNS,2008-11-06,33.1,46,3.4,NA,2.8,9,NA,0.2,0.3,2.7,NA,NA,NA,NA,NA,NA,NA,NA,NA
One News Colmar Brunton,2008-11-05,35,47,2.4,NA,2.5,9,NA,0.4,0.4,1.3,NA,NA,NA,NA,NA,NA,NA,NA,NA
Herald-DigiPoll,2008-11-05,36.4,47.9,3.9,NA,1.8,5.8,NA,0.7,0.2,2.3,NA,NA,NA,NA,NA,NA,NA,NA,NA
Fairfax Media–Nielsen,2008-11-07,31,49,3,NA,4,8,NA,1,NA,3,NA,NA,NA,NA,NA,NA,NA,NA,NA
Roy Morgan Research,2008-11-02,34.5,42,4.5,NA,4,10,NA,1,NA,2.5,NA,NA,NA,NA,NA,NA,NA,NA,NA
Roy Morgan Research,2008-11-30,32.5,44,3.5,NA,4,9.5,NA,1,0.5,3.5,NA,NA,NA,NA,NA,NA,NA,NA,NA
Roy Morgan Research,2008-12-14,31.5,47,3,NA,4,9.5,NA,1,0.5,2,NA,NA,NA,NA,NA,NA,NA,NA,NA
Roy Morgan Research,2009-01-18,33,48,2.5,NA,3,8,NA,1,0.5,3.5,NA,NA,NA,NA,NA,NA,NA,NA,NA
Roy Morgan Research,2009-02-01,31,48,3,NA,3.5,9,NA,1,0.5,3.5,NA,NA,NA,NA,NA,NA,NA,NA,NA
Roy Morgan Research,2009-02-15,32,48.5,1.5,NA,2.5,8.5,NA,1,0.5,3.5,NA,NA,NA,NA,NA,NA,NA,NA,NA
One News Colmar Brunton,2009-02-19,31,57,1,NA,2,7,NA,NA,NA,2,NA,NA,NA,NA,NA,NA,NA,NA,NA
3 News Reid Research,2009-02-18,27,60,1.6,NA,1.2,7,NA,0.2,NA,2.1,NA,NA,NA,NA,NA,NA,NA,NA,NA
Roy Morgan Research,2009-03-01,26,56,2.5,NA,1.5,8.5,NA,NA,0.5,3.5,NA,NA,NA,NA,NA,NA,NA,NA,NA
Roy Morgan Research,2009-03-15,29,54.5,2,NA,2.5,8,NA,0.5,0.5,2,NA,NA,NA,NA,NA,NA,NA,NA,NA
One News Colmar Brunton,2009-04-01,28,56,1,NA,3,6,NA,NA,NA,3,NA,NA,NA,NA,NA,NA,NA,NA,NA
Roy Morgan Research,2009-04-05,28,50.5,2.5,NA,4,9.5,NA,NA,1,3.5,NA,NA,NA,NA,NA,NA,NA,NA,NA
One News Colmar Brunton,2009-04-05,31,57,NA,NA,2,7,NA,NA,NA,2,NA,NA,NA,NA,NA,NA,NA,NA,NA
Roy Morgan Research,2009-04-19,32.5,50,2,NA,2.5,8.5,NA,NA,0.5,3.5,NA,NA,NA,NA,NA,NA,NA,NA,NA
Roy Morgan Research,2009-05-03,30.5,55,2,NA,2,7,NA,0.5,NA,2,NA,NA,NA,NA,NA,NA,NA,NA,NA
Roy Morgan Research,2009-05-17,31.5,52,1,NA,2,9.5,NA,0.5,0.5,2.5,NA,NA,NA,NA,NA,NA,NA,NA,NA
Roy Morgan Research,2009-05-31,31,52,1,NA,2,8.5,NA,0.5,0.5,2,NA,NA,NA,NA,NA,NA,NA,NA,NA
Roy Morgan Research,2009-06-14,33,52,1,NA,2.5,7.5,NA,0.5,0.5,2.5,NA,NA,NA,NA,NA,NA,NA,NA,NA
Roy Morgan Research,2009-07-05,31.5,54,1,NA,1,8,NA,0.5,0.5,3,NA,NA,NA,NA,NA,NA,NA,NA,NA
Roy Morgan Research,2009-07-19,30,52,2,NA,1,10,NA,NA,0.5,3.5,NA,NA,NA,NA,NA,NA,NA,NA,NA
One News Colmar Brunton,2009-07-29,31,56,NA,NA,1,7,NA,NA,NA,3.1,NA,NA,NA,NA,NA,NA,NA,NA,NA
Roy Morgan Research,2009-08-02,34,53.5,1,NA,2.5,7,NA,NA,0.5,1.5,NA,NA,NA,NA,NA,NA,NA,NA,NA
Roy Morgan Research,2009-08-16,32.5,53.5,2,NA,1,8.5,NA,NA,0.5,2,NA,NA,NA,NA,NA,NA,NA,NA,NA
Roy Morgan Research,2009-08-30,29.5,56.5,1.5,NA,1.5,8,NA,0.5,0.5,1.5,NA,NA,NA,NA,NA,NA,NA,NA,NA
Roy Morgan Research,2009-09-13,33,51.5,2.5,NA,2,7.5,NA,0.5,0.5,2.5,NA,NA,NA,NA,NA,NA,NA,NA,NA
One News Colmar Brunton,2009-09-24,33,54,2,NA,3,4,NA,NA,NA,3,NA,NA,NA,NA,NA,NA,NA,NA,NA
Roy Morgan Research,2009-10-04,28,57.5,2,NA,1.5,6.5,NA,NA,1,2.5,NA,NA,NA,NA,NA,NA,NA,NA,NA
3 News Reid Research,2009-10-18,27.2,59.9,1,NA,1.7,6.9,NA,NA,NA,2.4,NA,NA,NA,NA,NA,NA,NA,NA,NA
Roy Morgan Research,2009-10-18,30,53,2.5,NA,2.5,7.5,NA,0.5,0.5,3,NA,NA,NA,NA,NA,NA,NA,NA,NA
Roy Morgan Research,2009-11-01,29,55.5,1.5,NA,1,7.5,NA,0.5,0.5,3.5,NA,NA,NA,NA,NA,NA,NA,NA,NA
Roy Morgan Research,2009-11-15,33,51.5,2.5,NA,2.5,6.5,NA,NA,1,2,NA,NA,NA,NA,NA,NA,NA,NA,NA
One News Colmar Brunton,2009-11-25,31,53,1,NA,2,7,NA,NA,NA,3,NA,NA,NA,NA,NA,NA,NA,NA,NA
Roy Morgan Research,2009-11-29,30.5,53.5,2.5,NA,1.5,7,NA,NA,NA,3.5,NA,NA,NA,NA,NA,NA,NA,NA,NA
3 News Reid Research,2009-12-13,30.8,55.2,1.5,NA,1.8,7.8,NA,0.1,NA,1.7,NA,NA,NA,NA,NA,NA,NA,NA,NA
Roy Morgan Research,2009-12-13,27.5,54,4,NA,1.5,9.5,NA,NA,0.5,1.5,NA,NA,NA,NA,NA,NA,NA,NA,NA
Roy Morgan Research,2010-01-17,30,53,2.5,NA,2,8,NA,0.5,0.5,2.5,NA,NA,NA,NA,NA,NA,NA,NA,NA
Roy Morgan Research,2010-01-31,32,52,3.5,NA,2,6,NA,0.5,0.5,3,NA,NA,NA,NA,NA,NA,NA,NA,NA
Herald-DigiPoll,2010-02-10,34,56,1.7,NA,NA,4.6,NA,NA,NA,2.8,NA,NA,NA,NA,NA,NA,NA,NA,NA
Roy Morgan Research,2010-02-14,33,52,2,NA,1.5,8,NA,NA,0.5,2.5,NA,NA,NA,NA,NA,NA,NA,NA,NA
3 News Reid Research,2010-02-16,29.6,56.3,1.5,NA,1.6,7.3,NA,0.2,0.2,2.4,NA,NA,NA,NA,NA,NA,NA,NA,NA
One News Colmar Brunton,2010-02-17,34,54,2,NA,2,5,NA,NA,NA,2,NA,NA,NA,NA,NA,NA,NA,NA,NA
Roy Morgan Research,2010-02-28,31.5,53.5,2,NA,1.5,8,NA,0.5,NA,2.5,NA,NA,NA,NA,NA,NA,NA,NA,NA
Roy Morgan Research,2010-03-14,33.5,51.5,2,NA,2.5,6.5,NA,0.5,1,2,NA,NA,NA,NA,NA,NA,NA,NA,NA
Roy Morgan Research,2010-04-04,33,49,3,NA,2,7.5,NA,1,0.5,3,NA,NA,NA,NA,NA,NA,NA,NA,NA
One News Colmar Brunton,2010-04-14,33,54,NA,NA,2,5,NA,NA,NA,2,NA,NA,NA,NA,NA,NA,NA,NA,NA
3 News Reid Research,2010-04-25,33.8,52.1,1.5,NA,1.6,8.2,NA,0.5,NA,1.9,NA,NA,NA,NA,NA,NA,NA,NA,NA
Roy Morgan Research,2010-04-18,34,49.5,2.5,NA,1,7.5,NA,0.5,0.5,4,NA,NA,NA,NA,NA,NA,NA,NA,NA
Roy Morgan Research,2010-05-16,33.5,48.5,3,NA,2.5,9,NA,0.5,0.5,2.5,NA,NA,NA,NA,NA,NA,NA,NA,NA
Roy Morgan Research,2010-05-30,30,52.5,2.5,NA,1,9.5,NA,0.5,0.5,3.5,NA,NA,NA,NA,NA,NA,NA,NA,NA
One News Colmar Brunton,2010-05-30,33,49,NA,NA,1.6,7,NA,NA,NA,3.6,NA,NA,NA,NA,NA,NA,NA,NA,NA
Roy Morgan Research,2010-06-13,33,50.5,1.5,NA,1,9.5,NA,1,NA,3,NA,NA,NA,NA,NA,NA,NA,NA,NA
Roy Morgan Research,2010-07-04,29,53,3,NA,2,8.5,NA,0.5,NA,3,NA,NA,NA,NA,NA,NA,NA,NA,NA
Roy Morgan Research,2010-07-18,31.5,49,4.5,NA,2,9,NA,0.5,0.5,3,NA,NA,NA,NA,NA,NA,NA,NA,NA
Roy Morgan Research,2010-08-01,33.5,51,2,NA,2,6.5,NA,0.5,0.5,3.5,NA,NA,NA,NA,NA,NA,NA,NA,NA
One News Colmar Brunton,2010-08-08,35,49,2.3,NA,2.7,7,NA,NA,NA,2.3,NA,NA,NA,NA,NA,NA,NA,NA,NA
3 News Reid Research,2010-08-08,30.6,54.5,1.5,NA,2.2,8.5,NA,0.2,NA,1.5,NA,NA,NA,NA,NA,NA,NA,NA,NA
Roy Morgan Research,2010-08-15,33.5,50,3.5,NA,1.5,7.5,NA,0.5,NA,3,NA,NA,NA,NA,NA,NA,NA,NA,NA
Roy Morgan Research,2010-08-29,32.5,49.5,3.5,NA,1,8.5,NA,1,NA,3,NA,NA,NA,NA,NA,NA,NA,NA,NA
Roy Morgan Research,2010-09-12,34,48.5,4.5,NA,2,8,NA,1,0.5,1.5,NA,NA,NA,NA,NA,NA,NA,NA,NA
Roy Morgan Research,2010-10-03,36.5,49.5,2.5,NA,0.5,8,NA,NA,NA,2.5,NA,NA,NA,NA,NA,NA,NA,NA,NA
One News Colmar Brunton,2010-09-26,32,54,2.4,NA,1.1,8,NA,NA,NA,2.3,NA,NA,NA,NA,NA,NA,NA,NA,NA
Roy Morgan Research,2010-10-17,33,52.5,2.5,NA,0.5,8.5,NA,0.5,NA,1.5,NA,NA,NA,NA,NA,NA,NA,NA,NA
3 News Reid Research,2010-10-11,32.6,53.8,1.2,NA,0.9,7.6,NA,0.3,NA,2.4,NA,NA,NA,NA,NA,NA,NA,NA,NA
Roy Morgan Research,2010-10-31,33,50.5,2.5,NA,1.5,8.5,NA,0.5,0.5,3,NA,NA,NA,NA,NA,NA,NA,NA,NA
Roy Morgan Research,2010-11-14,32.5,50,3,NA,1,9,NA,0.5,NA,2.5,NA,NA,NA,NA,NA,NA,NA,NA,NA
Roy Morgan Research,2010-11-28,33,51,3,NA,1,7,NA,0.5,0.5,3,NA,NA,NA,NA,NA,NA,NA,NA,NA
Roy Morgan Research,2010-12-12,35,48.5,3,NA,1.5,7,NA,1,0.5,2.5,NA,NA,NA,NA,NA,NA,NA,NA,NA
3 News Reid Research,2010-12-13,31.2,55.5,1.9,NA,1.3,7.3,NA,0.1,NA,1.7,NA,NA,NA,NA,NA,NA,NA,NA,NA
One News Colmar Brunton,2010-12-19,33,55,3.1,NA,0.9,4.5,NA,NA,NA,2.2,NA,NA,NA,NA,NA,NA,NA,NA,NA
Herald-DigiPoll,2010-12-30,37.2,52.4,2.5,NA,0.9,5.3,NA,NA,NA,1.2,NA,NA,NA,NA,NA,NA,NA,NA,NA
Roy Morgan Research,2011-01-16,29,55,4.5,NA,1.5,7,NA,0.5,NA,2.5,NA,NA,NA,NA,NA,NA,NA,NA,NA
Roy Morgan Research,2011-01-30,34.5,49,5.5,NA,1,6.5,NA,NA,NA,3,NA,NA,NA,NA,NA,NA,NA,NA,NA
Roy Morgan Research,2011-02-13,33.5,52.5,2.5,NA,0.5,8.5,NA,0.5,NA,1.5,NA,NA,NA,NA,NA,NA,NA,NA,NA
One News Colmar Brunton,2011-02-20,33,51,3.6,NA,1.3,8,NA,NA,NA,2.3,NA,NA,NA,NA,NA,NA,NA,NA,NA
3 News Reid Research,2011-02-20,30.9,54.6,3.3,NA,0.6,8.2,NA,NA,NA,2.3,NA,NA,NA,NA,NA,NA,NA,NA,NA
Roy Morgan Research,2011-02-27,35,49,3,NA,1.5,8,NA,NA,NA,3,NA,NA,NA,NA,NA,NA,NA,NA,NA
Roy Morgan Research,2011-03-13,32.5,52.5,4,NA,0.5,8,NA,NA,0.5,1.5,NA,NA,NA,NA,NA,NA,NA,NA,NA
Roy Morgan Research,2011-04-03,31.5,51,5,NA,2,8,NA,0.5,NA,1.5,NA,NA,NA,NA,NA,NA,NA,NA,NA
One News Colmar Brunton,2011-04-10,34,54,2.7,NA,1.1,6,NA,NA,NA,1.4,NA,NA,NA,NA,NA,NA,NA,NA,NA
3 News Reid Research,2011-04-17,27.1,57.5,2.8,NA,1.7,7.7,NA,0.2,NA,2.5,NA,NA,NA,NA,NA,NA,NA,NA,NA
Roy Morgan Research,2011-04-17,32,51,3,NA,1,8,NA,0.5,0.5,3.5,NA,NA,NA,NA,NA,NA,NA,NA,NA
Roy Morgan Research,2011-05-01,31,52.5,4.5,NA,1,7.5,NA,0.5,0.5,2,NA,NA,NA,NA,NA,NA,NA,NA,NA
Roy Morgan Research,2011-05-15,28,53,3,NA,2,10,NA,0.5,0.5,2,NA,NA,NA,NA,NA,NA,NA,NA,NA
Herald-DigiPoll,2011-05-25,33.7,54.4,2.7,NA,1.7,5.5,NA,0,0,1.5,NA,NA,NA,NA,NA,NA,NA,NA,NA
One News Colmar Brunton,2011-05-29,34,52,1.6,NA,2.5,6,NA,NA,NA,1.4,NA,0.9,NA,NA,NA,NA,NA,NA,NA
3 News Reid Research,2011-05-29,32.8,53,2.4,NA,2.2,6.5,NA,0.2,NA,1.6,NA,0.5,NA,NA,NA,NA,NA,NA,NA
Roy Morgan Research,2011-05-29,36,49,2.5,NA,1.5,6.5,NA,0.5,NA,2.5,NA,NA,NA,NA,NA,NA,NA,NA,NA
Roy Morgan Research,2011-06-12,30,53,2.5,NA,3,7,NA,0.5,NA,3,NA,NA,NA,NA,NA,NA,NA,NA,NA
Roy Morgan Research,2011-06-26,30.5,54,3.5,NA,2.5,5.5,NA,0.5,NA,3,NA,NA,NA,NA,NA,NA,NA,NA,NA
Herald-DigiPoll,2011-06-27,36.1,51.2,1.2,NA,1.9,6.6,NA,NA,NA,1.7,NA,0.5,NA,NA,NA,NA,NA,NA,NA
Roy Morgan Research,2011-07-10,33.5,49,3,NA,3,7.5,NA,0.5,NA,2.5,NA,NA,NA,NA,NA,NA,NA,NA,NA
3 News Reid Research,2011-07-10,29.9,55.1,2.2,NA,1.7,9.1,NA,0,NA,0.8,NA,0.7,NA,NA,NA,NA,NA,NA,NA
One News Colmar Brunton,2011-07-17,27,53,2.4,NA,3.1,10,NA,0.3,NA,3,NA,0.5,NA,NA,NA,NA,NA,NA,NA
Roy Morgan Research,2011-07-24,31.5,52,2.5,NA,2,7.5,NA,0.5,NA,3,NA,0.5,NA,NA,NA,NA,NA,NA,NA
Fairfax Media–Research International ,2011-07-25,29,56,2,NA,2.2,6.4,NA,NA,0.2,1.2,NA,0.2,NA,NA,NA,NA,NA,NA,NA
Herald-DigiPoll,2011-07-30,33.1,52.3,0.9,NA,1.4,8.3,NA,NA,NA,2,NA,0.6,NA,NA,NA,NA,NA,NA,NA
Roy Morgan Research ,2011-08-07,32,51.5,4,NA,2,7,NA,0.5,NA,1.5,NA,0.5,NA,NA,NA,NA,NA,NA,NA
One News Colmar Brunton,2011-08-21,30,56,2.3,NA,1.7,6,NA,0.5,NA,1.4,NA,0.9,NA,NA,NA,NA,NA,NA,NA
3 News Reid Research,2011-08-21,28.8,54,2.2,NA,2.2,9.3,NA,0,NA,1.5,NA,0.9,NA,NA,NA,NA,NA,NA,NA
Herald-DigiPoll,2011-08-26,31.5,52,2.4,NA,1.2,9.8,NA,0.1,NA,1.8,NA,0.2,NA,NA,NA,NA,NA,NA,NA
Roy Morgan Research ,2011-08-28,29.5,52,3.5,NA,2,9,NA,0.5,NA,1.5,NA,1,NA,NA,NA,NA,NA,NA,NA
Fairfax Media–Research International,2011-08-29,25.7,57.1,2.2,NA,1.1,11,NA,0.1,NA,1.6,NA,0.6,NA,NA,NA,NA,NA,NA,NA
Roy Morgan Research ,2011-09-11,26,57,3.5,NA,1.5,7.5,NA,0.5,NA,2.5,NA,1,NA,NA,NA,NA,NA,NA,NA
Roy Morgan Research ,2011-09-25,30.5,51,1,NA,1.5,11.5,NA,0.5,NA,2.5,NA,0.5,NA,NA,NA,NA,NA,NA,NA
Fairfax Media–Research International,2011-09-28,28,54,2.3,NA,1.5,10,NA,0.4,NA,1.3,NA,0.2,NA,NA,NA,NA,NA,NA,NA
One News Colmar Brunton,2011-10-02,29,56,1.9,NA,1.3,9,NA,0,NA,1.1,NA,0.6,NA,NA,NA,NA,NA,NA,NA
3 News Reid Research,2011-10-02,26.6,57.4,1.9,NA,1.6,9.8,NA,0,NA,0.8,NA,0,NA,NA,NA,NA,NA,NA,NA
Roy Morgan Research ,2011-10-09,28,55.5,2,NA,1.5,9.5,NA,0.5,NA,2,NA,0.5,NA,NA,NA,NA,NA,NA,NA
Roy Morgan Research ,2011-10-23,29.5,53.5,2.5,NA,1,9.5,NA,1,NA,2,NA,0.5,NA,NA,NA,NA,NA,NA,NA
Herald-DigiPoll ,2011-10-27,30.3,53.5,2.8,NA,1.5,9.5,NA,0.1,NA,1.2,NA,0.1,NA,NA,NA,NA,NA,NA,NA
3 News Reid Research,2011-10-30,30.2,52.3,2.4,NA,1.5,9.4,NA,0,NA,1.4,NA,0.9,NA,NA,NA,NA,NA,NA,NA
Fairfax Media–Research International,2011-10-31,31.3,52.6,1.5,NA,1.2,9.7,NA,0.1,0.2,1.2,NA,1.1,NA,NA,NA,NA,NA,NA,NA
Herald-DigiPoll ,2011-11-02,29.1,54.2,1.7,NA,0.9,10.1,NA,0.5,NA,1.9,NA,0.1,1.1,NA,NA,NA,NA,NA,NA
One News Colmar Brunton,2011-11-03,30,56,2.2,NA,0.9,9,NA,0.1,NA,1.3,NA,0.3,NA,NA,NA,NA,NA,NA,NA
Roy Morgan Research ,2011-11-06,26,53,4.5,NA,1,12,NA,0,NA,2,NA,1,NA,NA,NA,NA,NA,NA,NA
Fairfax Media–Research International,2011-11-07,25.9,52.5,2.8,NA,1,12.6,NA,0.3,0.2,1.5,NA,0.7,NA,NA,NA,NA,NA,NA,NA
Herald-DigiPoll ,2011-11-09,28.7,49.5,3.7,NA,1.5,12.6,NA,0.7,NA,0.5,NA,0.7,1,NA,NA,NA,NA,NA,NA
One News Colmar Brunton,2011-11-10,28,54,2.9,NA,1.5,9,NA,0.8,NA,2.1,NA,0.2,0.5,NA,NA,NA,NA,NA,NA
3 News Reid Research,2011-11-13,29.9,53.3,2.4,NA,0.7,10.2,NA,0,NA,1.4,NA,1,NA,NA,NA,NA,NA,NA,NA
Herald-DigiPoll ,2011-11-16,29.1,49.9,4.9,NA,1.7,12.6,NA,0.1,NA,0.7,NA,0.4,0.6,NA,NA,NA,NA,NA,NA
One News Colmar Brunton,2011-11-17,26,51,2.2,NA,1.6,13,NA,0.3,NA,1.6,NA,1.3,1.4,NA,NA,NA,NA,NA,NA
3 News Reid Research,2011-11-17,27.4,50.2,3.5,NA,1.8,13,NA,0,NA,1.3,NA,1,1.1,NA,NA,NA,NA,NA,NA
Roy Morgan Research ,2011-11-18,24.5,53,3,NA,1.5,13,NA,0,NA,3,NA,1,NA,NA,NA,NA,NA,NA,NA
Fairfax Media–Research International,2011-11-21,26,54,4,NA,0.7,12,NA,0.1,0,1.1,NA,1.1,NA,NA,NA,NA,NA,NA,NA
Herald-DigiPoll ,2011-11-23,28,50.9,5.2,NA,1.8,11.8,NA,0,NA,0.4,NA,0.3,1.3,NA,NA,NA,NA,NA,NA
One News Colmar Brunton,2011-11-24,28,50,4.2,NA,1.7,10,NA,0.1,NA,2,NA,1,2.4,NA,NA,NA,NA,NA,NA
3 News Reid Research,2011-11-24,26,50.8,3.1,NA,1,13.4,NA,0,NA,1.5,NA,1.1,1.8,NA,NA,NA,NA,NA,NA
Roy Morgan Research ,2011-11-24,23.5,49.5,6.5,NA,1.5,14.5,NA,0.5,NA,1,NA,0.5,NA,NA,NA,NA,NA,NA,NA
Roy Morgan Research,2012-01-15,27.5,47,5,NA,0.5,14.5,NA,0.5,NA,1.5,NA,1,NA,NA,NA,NA,NA,NA,NA
Roy Morgan Research,2012-01-29,30.5,46,5.5,NA,0.5,13,NA,0.5,NA,2,NA,0.5,NA,NA,NA,NA,NA,NA,NA
Roy Morgan Research,2012-02-12,31,45.5,6,NA,1,11.5,NA,0.5,NA,1.5,NA,1,NA,NA,NA,NA,NA,NA,NA
3 News Reid Research,2012-02-19,29.4,46.5,5,NA,0.2,13.3,NA,NA,NA,1.3,NA,1.3,1.4,NA,NA,NA,NA,NA,NA
Roy Morgan Research,2012-02-26,31.5,45.5,5,NA,0.5,13,NA,0.5,NA,1.5,NA,1,NA,NA,NA,NA,NA,NA,NA
Roy Morgan Research,2012-03-11,30,48.5,5,NA,0.5,12.5,NA,0.5,NA,1,NA,0.5,NA,NA,NA,NA,NA,NA,NA
One News Colmar Brunton,2012-03-28,29,51,3.1,NA,0.5,11,NA,0.2,NA,0.9,NA,1,1.4,NA,NA,NA,NA,NA,NA
Roy Morgan Research,2012-04-01,30.5,44,5,NA,0.5,17,NA,0.5,NA,1.5,NA,0.5,NA,NA,NA,NA,NA,NA,NA
Roy Morgan Research,2012-04-15,26.5,49.5,6.5,NA,NA,12.5,NA,1,NA,1.5,NA,1,NA,NA,NA,NA,NA,NA,NA
3 News Reid Research,2012-04-22,29.4,49.8,2.3,NA,0.2,14.1,NA,NA,NA,1.6,NA,0.9,1.1,NA,NA,NA,NA,NA,NA
Herald-DigiPoll,2012-04-29,34.8,48.1,4.9,NA,0,9.2,NA,0.7,NA,1.7,NA,0.1,0.1,NA,NA,NA,NA,NA,NA
Roy Morgan Research,2012-04-29,28.5,47,5,NA,0.5,15,NA,0.5,NA,1.5,NA,0.5,NA,NA,NA,NA,NA,NA,NA
Roy Morgan Research,2012-05-13,30,44.5,5.5,NA,NA,15,NA,1,NA,1,NA,0.5,NA,NA,NA,NA,NA,NA,NA
Roy Morgan Research,2012-05-27,30.5,44,5,NA,1,13.5,NA,0.5,NA,2,NA,1,NA,NA,NA,NA,NA,NA,NA
One News Colmar Brunton,2012-06-30,33,47,2.2,NA,0.7,13,NA,0,NA,1.3,NA,1,1.4,NA,NA,NA,NA,NA,NA
Roy Morgan Research,2012-06-07,31,46,5.5,NA,NA,12.5,NA,0.5,NA,1.5,NA,1,NA,NA,NA,NA,NA,NA,NA
3 News Reid Research,2012-06-10,33.2,45.8,2.8,NA,0.5,14.4,NA,NA,NA,1.4,NA,0.3,1.1,NA,NA,NA,NA,NA,NA
Roy Morgan Research,2012-06-24,32,47.5,4,NA,0.5,12,NA,0.5,NA,1.5,NA,0.5,NA,NA,NA,NA,NA,NA,NA
Herald-DigiPoll,2012-06-25,34,47.5,4.4,NA,0.5,9.1,NA,0.5,NA,1.3,NA,1.7,0.5,NA,NA,NA,NA,NA,NA
Roy Morgan Research,2012-07-08,32.5,45.5,4.5,NA,0.5,13,NA,0.5,NA,1,NA,0.5,NA,NA,NA,NA,NA,NA,NA
Roy Morgan Research,2012-07-22,30,47.5,5.5,NA,1,11,NA,0.5,NA,1,NA,0.5,3,NA,NA,NA,NA,NA,NA
Fairfax Media Ipsos,2012-07-23,32.6,44.9,3.6,NA,0.6,11.9,NA,0.1,NA,2.7,NA,1.2,0.7,NA,NA,NA,NA,NA,NA
One News Colmar Brunton,2012-08-01,32,48,2.5,NA,0.5,12,NA,0.1,NA,2.3,NA,0.4,0.9,NA,NA,NA,NA,NA,NA
3 News Reid Research,2012-08-05,30.8,50.6,3,NA,0.1,11.2,NA,NA,NA,1.6,NA,0.2,1.7,NA,NA,NA,NA,NA,NA
Roy Morgan Research,2012-08-05,32,44,4,NA,0.5,14,NA,0.5,NA,2,NA,1,1.5,NA,NA,NA,NA,NA,NA
Roy Morgan Research,2012-08-26,32,44.5,5,NA,1,14.5,NA,NA,NA,2.5,NA,NA,0.5,NA,NA,NA,NA,NA,NA
Herald-DigiPoll,2012-08-31,32,47.9,5.5,NA,0.2,10.7,NA,0.3,NA,1.5,NA,0.3,1.4,NA,NA,NA,NA,NA,NA
Roy Morgan Research,2012-09-09,31,46.5,4.5,NA,0.5,12.5,NA,NA,NA,2.5,NA,1,1,NA,NA,NA,NA,NA,NA
One News Colmar Brunton,2012-09-19,34,45,1.8,NA,0.9,12,NA,0.1,NA,2.9,NA,0.6,2,NA,NA,NA,NA,NA,NA
Roy Morgan Research,2012-09-23,33,43.5,5,NA,0.5,11.5,NA,NA,NA,2.5,NA,1.5,2,NA,NA,NA,NA,NA,NA
Roy Morgan Research,2012-10-07,33.5,41.5,6.5,NA,0.5,13.5,NA,0.5,NA,1.5,NA,NA,2,NA,NA,NA,NA,NA,NA
3 News Reid Research,2012-10-14,33,48.8,3.2,NA,0.1,10.6,NA,NA,NA,1.5,NA,0.1,2,NA,NA,NA,NA,NA,NA
Roy Morgan Research,2012-10-24,29,43.5,7.5,NA,0.5,13,NA,NA,NA,3.5,NA,0.5,2,NA,NA,NA,NA,NA,NA
One News Colmar Brunton,2012-10-31,32,45,4.9,NA,0.6,12,NA,0.2,NA,2.2,NA,1,1,NA,NA,NA,NA,NA,NA
Roy Morgan Research,2012-11-11,32.5,45.5,5,NA,0.5,10.5,NA,0.5,NA,2,NA,1,1.5,NA,NA,NA,NA,NA,NA
Roy Morgan Research,2012-11-25,31.5,45,6.5,NA,0.5,13.5,NA,0.5,NA,1,NA,NA,1.5,NA,NA,NA,NA,NA,NA
One News Colmar Brunton,2012-11-28,35,44,3.6,NA,0.6,13,NA,0.5,NA,0.7,NA,0.3,1.3,NA,NA,NA,NA,NA,NA
3 News Reid Research,2012-12-02,34.6,47,2,NA,0.2,12.9,NA,NA,NA,1.2,NA,0.1,0.7,NA,NA,NA,NA,NA,NA
Fairfax Media Ipsos,2012-12-03,34.4,46.2,3.8,NA,0,10.5,NA,0.2,NA,1.3,NA,0.6,1.4,NA,NA,NA,NA,NA,NA
Roy Morgan Research,2012-12-09,33.5,45.5,5,NA,1,11,NA,NA,NA,1.5,NA,1,1,NA,NA,NA,NA,NA,NA
Roy Morgan Research,2013-01-14,31.5,46,5,NA,0.5,12,NA,0.5,NA,2,NA,0.5,1.5,NA,NA,NA,NA,NA,NA
Roy Morgan Research,2013-01-27,31.5,46,5.5,NA,0.5,13.5,NA,NA,NA,1.5,NA,0.5,0.5,NA,NA,NA,NA,NA,NA
Roy Morgan Research,2013-02-10,34.5,44,4,NA,0.5,13.5,NA,0,NA,0.5,NA,0.5,2,NA,NA,NA,NA,NA,NA
One News Colmar Brunton,2013-02-13,33,49,3.9,NA,0.1,11,NA,0.2,NA,1,NA,0.5,0.9,NA,NA,NA,NA,NA,NA
Fairfax Media Ipsos,2013-02-14,36.3,44.9,2.8,NA,0.4,10.7,NA,0.1,NA,1.3,NA,1.4,1.6,NA,NA,NA,NA,NA,NA
3 News Reid Research,2013-02-24,32.6,51.4,3.4,NA,0.1,10.8,NA,NA,NA,0.4,NA,0,0.9,NA,NA,NA,NA,NA,NA
Roy Morgan Research,2013-02-24,30.5,47.5,3,NA,0.5,12.5,NA,0.5,NA,2.5,NA,0.5,2,NA,NA,NA,NA,NA,NA
Roy Morgan Research,2013-03-10,32.5,43.5,5,NA,0.5,13.5,NA,0.5,NA,2,NA,0,2,NA,NA,NA,NA,NA,NA
Herald-DigiPoll,2013-03-17,36.4,48.5,2.5,NA,0.1,9,NA,NA,NA,1.1,NA,0.5,1.3,NA,NA,NA,NA,NA,NA
Roy Morgan Research,2013-03-24,34.5,44,3,NA,0.5,13,NA,1,NA,2.5,NA,0.5,1,NA,NA,NA,NA,NA,NA
Roy Morgan Research,2013-04-14,35.5,40.5,5,NA,0.5,13.5,NA,0.5,NA,2,NA,0.5,1.5,NA,NA,NA,NA,NA,NA
3 News Reid Research,2013-04-18,30.2,49.4,3.8,NA,0.5,11.5,NA,NA,NA,1,NA,1,2,NA,NA,NA,NA,NA,NA
One News Colmar Brunton,2013-04-18,36,43,3,NA,0.1,13,NA,1,NA,1.3,NA,0.1,1.7,NA,NA,NA,NA,NA,NA
Roy Morgan Research,2013-04-28,31.5,46.5,4.5,NA,0.5,11,NA,0.5,NA,1.5,NA,1,2,NA,NA,NA,NA,NA,NA
Roy Morgan Research,2013-05-12,32,44,5,NA,1.5,12,NA,0.5,NA,2,NA,1,1.5,NA,NA,NA,NA,NA,NA
One News Colmar Brunton,2013-05-22,33,49,3.6,NA,0.3,9,NA,0.7,NA,1.3,NA,1.2,1.7,NA,NA,NA,NA,NA,NA
3 News Reid Research,2013-05-23,33.1,47.1,2.2,NA,0.2,12,NA,NA,NA,2.2,NA,0.5,1.5,NA,NA,NA,NA,NA,NA
Fairfax Media Ipsos,2013-05-23,31.9,49.1,3.2,NA,0.1,11.2,NA,0.3,NA,1.6,NA,0.1,1.6,NA,NA,NA,NA,NA,NA
Roy Morgan Research,2013-05-26,35,41,4.5,NA,0.5,12,NA,NA,NA,2,NA,0.5,2.5,NA,NA,NA,NA,NA,NA
Roy Morgan Research,2013-06-16,33,44,6,NA,0.5,11.5,NA,0,NA,2,NA,1,2,NA,NA,NA,NA,NA,NA
Herald-DigiPoll,2013-06-23,30.9,48.8,5.1,NA,0.2,10.5,NA,0.3,NA,1.8,NA,0.5,1.5,NA,NA,NA,NA,NA,NA
Roy Morgan Research,2013-06-30,31.5,46.5,3.5,NA,NA,13,NA,0.5,NA,1.5,NA,0.5,2,NA,NA,NA,NA,NA,NA
Roy Morgan Research,2013-07-14,31,47,4.5,NA,0.5,11.5,NA,NA,NA,2,NA,1.5,1.5,NA,NA,NA,NA,NA,NA
3 News Reid Research,2013-07-14,31,49.5,3.9,NA,0.2,12,NA,NA,NA,1.6,NA,0.2,1.1,NA,NA,NA,NA,NA,NA
Roy Morgan Research,2013-07-28,29,51,4,NA,1,10,NA,0,NA,1.5,NA,1,1.5,NA,NA,NA,NA,NA,NA
One News Colmar Brunton,2013-07-31,33,46,3.3,NA,0.7,14,NA,0.2,NA,1.6,NA,0.2,0.6,NA,NA,NA,NA,NA,NA
Roy Morgan Research,2013-08-11,34,44,3,NA,0.5,14,NA,NA,NA,2,NA,0.5,1,NA,NA,NA,NA,NA,NA
Fairfax Media Ipsos,2013-08-15,31.6,48.3,2.8,NA,0.2,12.3,NA,NA,NA,1,NA,0.5,1.4,NA,NA,NA,NA,NA,NA
Roy Morgan Research,2013-08-25,31.5,44,5.5,NA,0.5,14,NA,0.5,NA,2,NA,0.5,1,NA,NA,NA,NA,NA,NA
Roy Morgan Research,2013-09-08,32.5,41,6.5,NA,1,15,NA,0.5,NA,1,NA,0.5,1.5,NA,NA,NA,NA,NA,NA
One News Colmar Brunton,2013-09-18,34,47,3.6,NA,0.2,12,NA,0.3,NA,1.3,NA,0,0.8,NA,NA,NA,NA,NA,NA
Herald-DigiPoll,2013-09-23,37.7,43.7,4.4,NA,0.1,11.3,NA,0,NA,0.8,NA,0.7,1,NA,NA,NA,NA,NA,NA
Roy Morgan Research,2013-09-29,37,42,4.5,NA,0.5,11.5,NA,0.5,NA,1,NA,0.5,2,NA,NA,NA,NA,NA,NA
Roy Morgan Research,2013-10-13,37,41.5,5,NA,0.5,12.5,NA,NA,NA,1.5,NA,0.5,0.5,NA,NA,NA,NA,NA,NA
Fairfax Media Ipsos,2013-10-23,33.6,50.2,2.3,NA,0.1,10.7,NA,0.1,NA,0.7,NA,0.7,0.7,NA,NA,NA,NA,NA,NA
One News Colmar Brunton,2013-10-23,34,45,3.9,NA,0.5,13,NA,0.1,NA,1.4,NA,0.3,1.6,NA,NA,NA,NA,NA,NA
Roy Morgan Research,2013-10-27,35.5,42,4.5,NA,1,11,NA,0.5,NA,1.5,NA,0.5,2.5,NA,NA,NA,NA,NA,NA
3 News Reid Research,2013-11-07,32.2,46.3,4.2,NA,0.8,10.4,NA,0.1,NA,1.2,NA,1.3,2.8,NA,NA,NA,NA,NA,NA
Roy Morgan Research,2013-11-10,32,45.5,5,NA,NA,12.5,NA,0.5,NA,1,NA,1,1.5,NA,NA,NA,NA,NA,NA
Roy Morgan Research,2013-11-24,34,44.5,3.5,NA,0.5,11,NA,0.5,NA,1,NA,1,2,NA,NA,NA,NA,NA,NA
Roy Morgan Research,2013-12-08,30.5,45,5,NA,NA,14.5,NA,NA,NA,1.5,NA,1,2,NA,NA,NA,NA,NA,NA
Herald-DigiPoll,2013-12-17,35.4,46.8,3.9,NA,0,10.8,NA,0,NA,1.3,NA,0.9,0.7,NA,NA,NA,NA,NA,NA
Roy Morgan Research,2014-01-19,33.5,43.5,4,NA,NA,12.5,NA,0.5,NA,2,NA,0.5,2.5,NA,NA,NA,NA,NA,NA
3 News Reid Research,2014-02-02,33.5,44.5,5.7,NA,0,12.4,NA,0,NA,1,NA,0.3,2.1,NA,NA,NA,NA,NA,NA
Roy Morgan Research,2014-02-02,33,47,4.5,NA,NA,11,NA,NA,NA,1.5,NA,1,1.5,0.5,NA,NA,NA,NA,NA
Fairfax Media Ipsos,2014-02-10,31.8,49.4,3.6,NA,0.5,10,NA,0.1,NA,1.1,NA,0.3,2.1,NA,NA,NA,NA,NA,NA
Roy Morgan Research,2014-02-16,30,48,5.5,NA,1,12,NA,0.5,NA,0.5,NA,1,1,0.5,NA,NA,NA,NA,NA
One News Colmar Brunton,2014-02-19,34,51,3.1,NA,0.4,8,NA,0.3,NA,0.9,NA,0,1.3,NA,NA,NA,NA,NA,NA
Roy Morgan Research,2014-03-02,30.5,48.5,4.5,NA,1,10.5,NA,0.5,NA,1.5,NA,0.5,2.5,NA,NA,NA,NA,NA,NA
Herald-DigiPoll,2014-03-16,29.5,50.8,3.6,NA,0.8,13.1,NA,0,NA,0.2,NA,0.1,1.3,NA,NA,NA,NA,NA,NA
Roy Morgan Research,2014-03-16,31.5,45.5,3.5,NA,0.5,14,NA,0.5,NA,2,NA,NA,1.5,NA,NA,NA,NA,NA,NA
One News Colmar Brunton,2014-03-26,31,47,7,NA,0.3,11,NA,0.1,NA,0.7,NA,0,2.3,NA,NA,NA,NA,NA,NA
3 News Reid Research,2014-03-30,31.2,45.9,4.9,NA,1.1,11.2,NA,0.1,NA,1.5,NA,1.1,1.9,0.4,NA,NA,NA,NA,NA
Roy Morgan Research,2014-03-30,32,43,5.5,NA,0.5,13,NA,0.5,NA,1.5,NA,0.5,2.5,0.5,NA,NA,NA,NA,NA
Roy Morgan Research,2014-04-14,28.5,48.5,5.5,NA,0.5,11.5,NA,0,NA,1,NA,1,2,1,NA,NA,NA,NA,NA
Roy Morgan Research,2014-05-04,31,42.5,6,NA,0.5,14.5,NA,0.5,NA,1,NA,1,0.5,1.5,NA,NA,NA,NA,NA
Fairfax Media Ipsos,2014-05-12,29.5,47.6,3.7,NA,0.9,12.7,NA,0.1,NA,1.9,NA,0.5,1.6,NA,NA,NA,NA,NA,NA
Roy Morgan Research,2014-05-18,30.5,45.5,6,NA,0.5,13.5,NA,NA,NA,1,NA,1,1,0.5,NA,NA,NA,NA,NA
One News Colmar Brunton,2014-05-21,30,51,4.8,NA,1,11,NA,0,NA,1,NA,0,1,1,NA,NA,NA,NA,NA
3 News Reid Research,2014-05-25,29.5,50.3,5.6,NA,0.5,10.2,NA,0,NA,0.6,NA,0.2,2.3,0.6,NA,NA,NA,NA,NA
Roy Morgan Research,2014-06-01,29,52.3,4.5,NA,1,9,NA,NA,NA,1.5,NA,0.5,1,0.5,NA,NA,NA,NA,NA
Roy Morgan Research,2014-06-15,28,49.5,4,NA,0.5,12,NA,0,NA,1,NA,NA,1.5,NA,2.5,NA,NA,NA,NA
Herald-DigiPoll,2014-06-16,30.5,50.4,3.6,NA,0.7,10.7,NA,0.1,NA,0.8,NA,NA,1.5,NA,1.4,NA,NA,NA,NA
Fairfax Media Ipsos,2014-06-17,23.2,55.6,3.2,NA,0.7,11.9,NA,0,NA,0.7,NA,NA,0.9,NA,2.1,NA,NA,NA,NA
3 News Reid Research,2014-06-25,27.3,49.7,3.6,NA,0.4,12.7,NA,0,NA,1.5,NA,NA,2.8,NA,1.8,NA,NA,NA,NA
One News Colmar Brunton,2014-06-25,29,50,3.8,NA,0.7,12,NA,0,NA,1.2,NA,NA,1,NA,2,NA,NA,NA,NA
Roy Morgan Research,2014-06-29,28,48,5.5,NA,1,12,NA,0,NA,1.5,NA,NA,1,NA,2.5,NA,NA,NA,NA
Roy Morgan Research,2014-07-13,23.5,51,6,NA,0.5,15,NA,0.5,NA,1,NA,NA,1,NA,1.5,NA,NA,NA,NA
3 News Reid Research,2014-07-16,26.7,49.4,4.3,NA,0.1,12.4,NA,0.2,NA,1.1,NA,NA,2.7,NA,2.3,NA,NA,NA,NA
Fairfax Media Ipsos,2014-07-17,24.9,54.8,2.6,NA,0.1,12.4,NA,0.2,NA,0.9,NA,NA,1.3,NA,1.2,NA,NA,NA,NA
Herald-DigiPoll,2014-07-17,26.5,54.9,4.6,NA,0,9.9,NA,0,NA,0.5,NA,NA,1.5,NA,2.2,NA,NA,NA,NA
One News Colmar Brunton,2014-07-23,28,52,4.4,NA,0.8,10,NA,0.2,NA,0.6,NA,NA,1.7,NA,2,NA,NA,NA,NA
Roy Morgan Research,2014-07-27,30,46,5,NA,0.5,12,NA,0.5,NA,1.5,NA,NA,1,NA,2.5,NA,NA,NA,NA
Fairfax Media Ipsos,2014-08-13,22.5,55.1,3.4,NA,0.2,11.3,NA,0,NA,1,NA,NA,3.4,NA,2.1,NA,NA,NA,NA
One News Colmar Brunton,2014-08-13,26,50,5,NA,0.6,11,NA,0,NA,0.9,NA,NA,2.4,NA,3.9,NA,NA,NA,NA
3 News Reid Research,2014-08-13,29,47.5,4.6,NA,0.3,13,NA,0.2,NA,0.8,NA,NA,2.5,NA,2,NA,NA,NA,NA
Roy Morgan Research,2014-08-17,27.5,48,6.5,NA,0.5,11.5,NA,0.5,NA,1,NA,NA,1,NA,2.5,NA,NA,NA,NA
Herald-DigiPoll,2014-08-20,25.2,50,4.3,NA,0.6,13.7,NA,0.4,NA,0.7,NA,NA,2.6,NA,2.1,NA,NA,NA,NA
3 News Reid Research,2014-08-25,26.4,45,6.3,NA,0.3,13.5,NA,0.4,NA,0.7,NA,NA,4.6,NA,2.1,NA,NA,NA,NA
Herald-DigiPoll,2014-08-27,24.1,50.7,5,NA,0.3,11.4,NA,0.2,NA,1,NA,NA,3.3,NA,3.4,NA,NA,NA,NA
Fairfax Media Ipsos,2014-08-27,26.1,50.8,4,NA,0.7,11.8,NA,0.1,NA,0.7,NA,NA,2.7,NA,2.2,NA,NA,NA,NA
One News Colmar Brunton,2014-08-27,28,48,6,NA,0.4,12,NA,0,NA,0.6,NA,NA,3.2,NA,1.6,NA,NA,NA,NA
Roy Morgan Research,2014-08-31,26,45,6,NA,1,16,NA,0,NA,0.5,NA,NA,3.5,NA,1,NA,NA,NA,NA
3 News Reid Research,2014-09-01,25.9,46.4,5.8,NA,0.6,12.6,NA,0.1,NA,2,NA,NA,4.2,NA,1.7,NA,NA,NA,NA
Herald-DigiPoll,2014-09-03,23.8,50.1,6,NA,0.4,11.4,NA,0.3,NA,0.4,NA,NA,3.8,NA,3.5,NA,NA,NA,NA
Fairfax Media Ipsos,2014-09-03,24.3,54.2,3.6,NA,0.2,12.9,NA,0.1,NA,0.3,NA,NA,2.4,NA,1.3,NA,NA,NA,NA
One News Colmar Brunton,2014-09-03,26,50,7,NA,0.1,11,NA,0.1,NA,0.2,NA,NA,2.9,NA,2.4,NA,NA,NA,NA
3 News Reid Research,2014-09-08,26.1,46.7,5.9,NA,0.3,13,NA,0.1,NA,1.3,NA,NA,4.7,NA,1.7,NA,NA,NA,NA
Herald-DigiPoll,2014-09-10,24.6,48.6,8.1,NA,0.3,11.5,NA,0,NA,0.7,NA,NA,3.8,NA,2.3,NA,NA,NA,NA
One News Colmar Brunton,2014-09-10,25,46,7,NA,1.2,14,NA,0.2,NA,0.8,NA,NA,4,NA,1.4,NA,NA,NA,NA
Fairfax Media Ipsos,2014-09-10,22.4,52.8,4.4,NA,0.7,13,NA,0,NA,1,NA,NA,3.6,NA,1.4,NA,NA,NA,NA
Roy Morgan Research,2014-09-14,24,46.5,8,NA,0.5,13.5,NA,0.5,NA,1.5,NA,NA,3.5,NA,1,NA,NA,NA,NA
3 News Reid Research,2014-09-15,25.6,44.5,7.1,NA,0.1,14.4,NA,0.1,NA,1.1,NA,NA,4.9,NA,2,NA,NA,NA,NA
Herald-DigiPoll,2014-09-17,25.9,48.2,8.4,NA,0.5,11.1,NA,0.2,NA,1.1,NA,NA,3.3,NA,1,NA,NA,NA,NA
One News Colmar Brunton,2014-09-17,25,45,8,NA,0.6,12,NA,0,NA,1.6,NA,NA,4.4,NA,1.8,NA,NA,NA,NA
Fairfax Media Ipsos,2014-09-17,26.1,47.7,6.6,NA,0.3,12,NA,0,NA,0.9,NA,NA,4.5,NA,0.9,NA,NA,NA,NA
Roy Morgan Research,2014-10-12,22.5,43.5,7,NA,0.5,17.5,NA,0.5,NA,2,NA,1,5,NA,NA,NA,NA,NA,NA
Roy Morgan Research,2014-11-09,24,49.5,6.5,NA,0.5,14.5,NA,0,NA,1,NA,0.5,2,NA,NA,NA,NA,NA,NA
Roy Morgan Research,2014-12-07,27,46,7,NA,1.5,12,NA,0,NA,2,NA,1,2.5,NA,NA,NA,NA,NA,NA
Herald–DigiPoll,2014-12-21,28.9,50.4,5.6,NA,0.4,9.5,NA,0,NA,1.5,NA,0.2,2.9,NA,NA,NA,NA,NA,NA
Roy Morgan Research,2015-01-18,26,52,6,NA,1,11,NA,0,NA,1.5,NA,0,2,NA,NA,NA,NA,NA,NA
3 News–Reid Research,2015-01-28,29.1,49.8,6.9,NA,0.4,9.3,NA,0,NA,1.3,NA,0.6,2.7,NA,NA,NA,NA,NA,NA
Roy Morgan Research,2015-02-15,30,49,6,NA,0,12,NA,0,NA,1,NA,0,1.5,NA,NA,NA,NA,NA,NA
One News–Colmar Brunton,2015-02-18,31,49,6,NA,0.3,10,NA,0,NA,1.5,NA,0.4,1.4,NA,NA,NA,NA,NA,NA
Roy Morgan Research,2015-03-15,31,46.5,6,NA,1,11,NA,NA,NA,2,NA,NA,1.5,NA,NA,NA,NA,NA,NA
One News–Colmar Brunton,2015-04-15,31,49,7,NA,0.5,9,NA,NA,NA,0.8,NA,1.1,1.5,NA,NA,NA,NA,NA,NA
Roy Morgan Research,2015-04-19,27.5,45.5,8,NA,1,13.5,NA,NA,NA,1.5,NA,NA,1,NA,NA,NA,NA,NA,NA
Herald-DigiPoll,2015-04-26,28.7,51,6.1,NA,0.8,10.8,NA,NA,NA,0.8,NA,NA,1.1,NA,NA,NA,NA,NA,NA
Roy Morgan Research,2015-05-17,25.5,54,6,NA,1,10.5,NA,0,NA,1,NA,NA,1,NA,NA,NA,NA,NA,NA
One News–Colmar Brunton,2015-05-27,31,48,7,NA,0.1,10,NA,NA,NA,1.4,NA,NA,2.3,NA,NA,NA,NA,NA,NA
3 News–Reid Research,2015-05-27,30.4,46.4,8.1,NA,0.5,11.1,NA,NA,NA,1.1,NA,0.1,1.9,NA,NA,NA,NA,NA,NA
Roy Morgan Research,2015-06-21,26,49.5,6.5,NA,1,13,NA,NA,NA,1,NA,NA,1,NA,NA,NA,NA,NA,NA
Roy Morgan Research,2015-07-12,32,43,7,NA,0.5,13,NA,NA,NA,1.5,NA,NA,1.5,NA,NA,NA,NA,NA,NA
One News–Colmar Brunton,2015-07-15,32,47,7,NA,0.4,13,NA,NA,NA,0.4,NA,0.5,NA,NA,NA,NA,NA,NA,NA
3 News–Reid Research,2015-07-22,31.1,47,8.4,NA,0.5,11.4,NA,0.1,NA,0.5,NA,0.2,0.7,NA,NA,NA,NA,NA,NA
Roy Morgan Research,2015-08-16,27,50.5,8,NA,0.5,11,NA,NA,NA,1.5,NA,0.5,NA,NA,NA,NA,NA,NA,NA
Herald-DigiPoll,2015-08-24,31,50.8,6.9,NA,0.2,9.2,NA,NA,NA,1,NA,0.2,0.6,NA,NA,NA,NA,NA,NA
One News–Colmar Brunton,2015-09-02,32,47,7,NA,0.1,12,NA,NA,NA,1.2,NA,0.2,0.1,NA,NA,NA,NA,NA,NA
Roy Morgan Research,2015-09-13,31,44.5,5.5,NA,0.5,15,NA,0.5,NA,1.5,NA,0.5,1,NA,NA,NA,NA,NA,NA
3 News–Reid Research,2015-09-16,33,47.3,7.9,NA,0.6,10,NA,NA,NA,0.5,NA,NA,0.5,NA,NA,NA,NA,NA,NA
Roy Morgan Research,2015-10-11,29,50,6.5,NA,0.5,11.5,NA,NA,NA,0.5,NA,0.5,0.5,NA,NA,NA,NA,NA,NA
One News–Colmar Brunton,2015-10-14,31,47,9,NA,0.2,12,NA,NA,NA,0.8,NA,NA,0.4,NA,NA,NA,NA,NA,NA
Roy Morgan Research,2015-11-08,29.5,49,6,NA,0.5,12,NA,NA,NA,2,NA,0.5,0.5,NA,NA,NA,NA,NA,NA
3 News–Reid Research,2015-11-17,32.3,46.7,7.5,NA,0.8,10.2,NA,NA,NA,1.3,NA,0.2,0.7,NA,NA,NA,NA,NA,NA
Roy Morgan Research,2015-12-06,28.5,49,6,NA,0.5,13,NA,0.5,NA,1.5,NA,NA,0.5,NA,NA,NA,NA,NA,NA
Herald-DigiPoll,2015-12-14,31.1,51.3,5.7,NA,0.8,8.2,NA,0.3,NA,2.1,NA,NA,NA,NA,NA,NA,NA,NA,NA
Roy Morgan Research,2016-01-17,27.5,47,6.5,NA,0.5,14,NA,NA,NA,3,NA,NA,1,NA,NA,NA,NA,NA,NA
Roy Morgan Research,2016-02-14,27,48,6,NA,0.5,14.5,NA,NA,NA,1,NA,0.5,1,NA,NA,NA,NA,NA,NA
One News–Colmar Brunton,2016-02-17,32,47,10,NA,0.3,8,NA,NA,NA,1.1,NA,0.3,0.6,NA,NA,NA,NA,NA,NA
Roy Morgan Research,2016-03-13,28,46,9,NA,1,14,NA,NA,NA,1,NA,0.5,0.5,NA,NA,NA,NA,NA,NA
One News–Colmar Brunton,2016-04-06,28,50,9,NA,0.7,10,NA,NA,NA,1.1,NA,NA,0.3,NA,NA,NA,NA,NA,NA
Roy Morgan Research,2016-04-17,26,42.5,12.5,NA,1.5,14.5,NA,NA,NA,1.5,NA,NA,1,NA,NA,NA,NA,NA,NA
Roy Morgan Research,2016-05-15,29.5,45.5,9.5,NA,1,12,NA,0,NA,1,NA,NA,0.5,NA,NA,NA,NA,NA,NA
Newshub Reid Research,2016-05-22,31.3,47,7.8,NA,0.4,11.1,NA,NA,NA,1,NA,0.1,0.6,NA,NA,NA,NA,NA,NA
One News–Colmar Brunton,2016-06-02,29,48,9,NA,0.3,12,NA,NA,NA,0.7,NA,0.1,0.7,NA,NA,NA,NA,NA,NA
Roy Morgan Research,2016-06-12,28,43.5,9,NA,0.5,14.5,NA,NA,NA,2,NA,1,1,NA,NA,NA,NA,NA,NA
Roy Morgan Research,2016-07-17,25.5,53,7,NA,1,11.5,NA,NA,NA,0.5,NA,0.5,0.5,NA,NA,NA,NA,NA,NA
Newshub Reid Research,2016-08-03,32.7,45.1,8.1,NA,0.2,11.5,NA,0.1,NA,1.3,NA,0.4,0.5,NA,NA,NA,NA,NA,NA
Roy Morgan Research,2016-08-21,25.5,46,9.5,NA,1,14.5,NA,NA,NA,1.5,NA,0.5,1,NA,NA,NA,NA,NA,NA
One News–Colmar Brunton,2016-09-07,26,48,11,NA,NA,13,NA,NA,NA,2,NA,NA,0.3,NA,NA,NA,NA,NA,NA
Roy Morgan Research,2016-09-18,33.5,41.5,8.5,NA,1,12,NA,NA,NA,2,NA,NA,0.5,NA,NA,NA,NA,NA,NA
Roy Morgan Research,2016-10-23,26.5,48,10,NA,0.5,11.5,NA,NA,NA,1.5,NA,NA,NA,NA,NA,NA,NA,NA,NA
One News–Colmar Brunton,2016-11-23,28,50,10,NA,NA,11,NA,NA,NA,1,NA,NA,0.2,NA,NA,NA,NA,NA,NA
Roy Morgan Research,2016-11-20,23,49.5,8,NA,1,14.5,NA,0.5,NA,1.5,NA,0,0.5,NA,NA,NA,NA,NA,NA
Roy Morgan Research,2016-12-11,28.5,45,7.5,NA,0.5,14.5,NA,0.5,NA,1,NA,0.5,0.5,NA,NA,NA,NA,NA,NA
Roy Morgan Research,2017-01-16,27,46,9,NA,0.5,12.5,NA,0.5,NA,2,NA,0,0.5,NA,NA,NA,NA,NA,NA
Roy Morgan Research,2017-02-12,26,48,8,NA,1,13,NA,0,NA,2,NA,0,0,NA,NA,NA,NA,NA,NA
One News–Colmar Brunton,2017-02-15,30,46,11,NA,0.8,11,NA,0.3,NA,0.7,NA,0.8,0.2,NA,NA,0,NA,NA,NA
Roy Morgan Research,2017-03-12,29.5,43.5,7.5,NA,0.5,14.5,NA,0.5,NA,2,NA,0.5,0.5,NA,NA,NA,NA,NA,NA
Newshub Reid Research,2017-03-19,30.8,47.1,7.6,NA,0.4,11.2,NA,0.4,NA,0.7,NA,0,0.4,NA,NA,0.8,NA,NA,NA
One News–Colmar Brunton,2017-03-22,30,46,8,NA,0.4,11,NA,NA,NA,4,NA,0.2,0.3,NA,NA,0.4,NA,NA,NA
Roy Morgan Research,2017-04-16,29.5,43,10.5,NA,1.5,13,NA,0,NA,1,NA,0,0.5,NA,NA,NA,NA,NA,NA
Roy Morgan Research,2017-05-14,28.5,43,10,NA,0.5,14,NA,0,NA,1.5,NA,0.5,0,NA,NA,NA,NA,NA,NA
Listener: Bauer Media Insights,2017-05-24,23.75,43.75,10,NA,1.25,16.25,NA,0,NA,1.25,NA,NA,1.25,NA,NA,2.5,NA,NA,NA
One News–Colmar Brunton,2017-05-31,30,49,9,NA,0.5,9,NA,NA,NA,0.6,NA,NA,0.1,NA,NA,1.4,NA,NA,NA
Roy Morgan Research,2017-06-11,25.5,46.5,9,NA,1,14,NA,0,NA,1.5,NA,0.5,0,NA,NA,NA,NA,NA,NA
Newshub Reid Research,2017-06-12,26.4,47.4,9.4,NA,0.9,12.5,NA,0.3,NA,0.7,NA,0.3,0.8,NA,NA,0.8,NA,NA,NA
One News–Colmar Brunton,2017-07-05,27,47,11,NA,0.3,11,NA,0.2,NA,1.8,NA,0.3,0.1,NA,NA,1.1,NA,NA,NA
Roy Morgan Research,2017-07-09,30.5,43,8,NA,1,13.5,NA,0,NA,1.5,NA,0,0,NA,NA,NA,NA,NA,NA
One News–Colmar Brunton,2017-07-27,24,47,11,NA,0.3,15,NA,0.1,NA,0.6,NA,NA,NA,NA,NA,1.5,NA,NA,NA
Newshub Reid Research,2017-07-28,24.1,45.2,13,NA,0.5,13,NA,0.2,NA,1.2,NA,0.2,0.2,NA,NA,2,NA,NA,NA
Listener: Bauer Media Insights,2017-08-02,26.79,45.42,9.32,NA,1.17,13.98,NA,0,NA,0,NA,0,0,NA,NA,2.33,NA,NA,NA
Newshub Reid Research,2017-08-08,33.1,44.4,9.2,NA,0.6,8.3,NA,0.1,NA,1.5,NA,0.3,0.3,NA,NA,2,NA,NA,NA
Roy Morgan Research,2017-08-13,32.5,42.5,11.5,NA,0.5,9,NA,0,NA,1.5,NA,0,0,NA,NA,2,NA,NA,NA
One News–Colmar Brunton,2017-08-16,37,44,10,NA,0.4,4.3,NA,0,NA,1.7,NA,NA,NA,NA,NA,2.1,NA,NA,NA
Newshub Reid Research,2017-08-30,39.4,43.3,6.6,NA,0.6,6.1,NA,0.1,NA,1,NA,0,0.3,NA,NA,1.9,NA,NA,NA
One News–Colmar Brunton,2017-08-30,43,41,8,NA,0.3,5,NA,NA,NA,0.5,NA,NA,NA,NA,NA,0.9,NA,NA,NA
Listener: Bauer Media Insights,2017-09-05,41.1,38.9,8.9,NA,1.1,6.7,NA,NA,NA,1.1,NA,NA,NA,NA,NA,2.2,NA,NA,NA
One News–Colmar Brunton,2017-09-06,43,39,9,NA,0.1,5,NA,NA,NA,2,NA,NA,NA,NA,NA,1.9,NA,NA,NA
Newsroom-SSI,2017-09-06,45,30,11,NA,1,6,NA,NA,NA,2,NA,NA,NA,NA,NA,2,NA,NA,NA
Roy Morgan Research,2017-09-10,39.5,40,6,NA,0.5,9,NA,0,NA,2,NA,NA,0.5,NA,NA,2,NA,NA,NA
Newshub Reid Research,2017-09-11,37.8,47.3,6,NA,0.6,4.9,NA,0.1,NA,1.1,NA,0.1,0.3,NA,NA,1.6,NA,NA,NA
One News–Colmar Brunton,2017-09-13,44,40,6,NA,0.6,7,NA,NA,NA,0.9,NA,NA,NA,NA,NA,1.6,NA,NA,NA
Newshub Reid Research,2017-09-20,37.3,45.8,7.1,NA,0.6,7.1,NA,NA,NA,0.4,NA,0.1,0.6,NA,NA,0.9,NA,NA,NA
One News–Colmar Brunton,2017-09-19,37,46,4.9,NA,0.3,8,NA,NA,NA,0.5,NA,NA,NA,NA,NA,2.3,NA,NA,NA
Newshub–Reid Research,2020-10-15,45.8,31.1,3.5,NA,7.4,6.3,NA,NA,NA,0.6,NA,NA,NA,NA,NA,1.3,1000,1.7,0.3
1 News–Colmar Brunton,2020-10-14,46,31,2.6,NA,8,8,NA,NA,NA,0.6,NA,NA,NA,NA,NA,1.1,1005,1.5,0.9
1 News–Colmar Brunton,2020-10-07,47,32,2.4,NA,8,6,NA,NA,NA,0.2,NA,NA,NA,NA,NA,1.8,1007,1.3,0.9
1 News–Colmar Brunton,2020-09-27,47,33,1.4,NA,8,7,NA,NA,NA,0.8,NA,NA,NA,NA,NA,1,1005,1.4,0.6
Newshub–Reid Research,2020-09-23,50.1,29.6,1.9,NA,6.3,6.5,NA,NA,NA,1.5,NA,NA,NA,NA,NA,0.9,1000,2.1,NA
1 News–Colmar Brunton,2020-09-21,48,31,2.4,NA,7,6,NA,NA,NA,0.9,NA,NA,NA,NA,NA,1.1,1008,1.6,0.8
1 News–Colmar Brunton,2020-07-29,53,32,2,NA,4.8,5,NA,NA,NA,1,NA,NA,NA,NA,NA,0.1,1004,1.2,NA
Newshub–Reid Research,2020-07-24,60.9,25.1,2,NA,3.3,5.7,NA,NA,NA,0.4,NA,NA,NA,NA,NA,0.4,1000,0.9,NA
1 News–Colmar Brunton,2020-06-24,50,38,1.8,NA,3.1,6,NA,NA,NA,0.9,NA,NA,NA,NA,NA,0.5,1007,0.7,NA
Roy Morgan Research,2020-05-24,56.5,26.5,2.5,NA,3.5,7,NA,NA,NA,1.5,NA,NA,NA,NA,NA,1,894,NA,NA
1 News–Colmar Brunton,2020-05-20,59,29,2.9,NA,2.2,4.7,NA,NA,NA,1.2,NA,NA,NA,NA,NA,0.5,1003,0.4,NA
Newshub–Reid Research,2020-05-16,56.5,30.6,2.7,NA,1.8,5.5,NA,NA,NA,0.9,NA,NA,NA,NA,NA,0.1,1000,1,NA
1 News–Colmar Brunton,2020-02-12,41,46,3.3,NA,1.7,5,NA,NA,NA,1.1,NA,NA,NA,NA,NA,0.1,1004,0.8,NA
Newshub–Reid Research,2020-02-01,42.5,43.3,3.6,NA,1.8,5.6,NA,NA,NA,0.9,NA,NA,NA,NA,NA,0.6,1000,0.7,NA
1 News–Colmar Brunton,2019-11-27,39,46,4.3,NA,1.6,7,NA,NA,NA,0.5,NA,NA,NA,NA,NA,0.9,1006,0.8,NA
Stuff–YouGov,2019-11-11,41,38,8,NA,2,8,NA,NA,NA,1,NA,NA,NA,NA,NA,1,1005,NA,NA
1 News–Colmar Brunton,2019-10-09,40,47,4.2,NA,0.9,7,NA,NA,NA,0.8,NA,NA,NA,NA,NA,0.5,1008,0.4,NA
Newshub–Reid Research,2019-10-09,41.6,43.9,4,NA,1.4,6.3,NA,NA,NA,0.7,NA,NA,NA,NA,NA,1.1,1000,1,NA
1 News–Colmar Brunton,2019-07-24,43,45,3.3,NA,1,6,NA,NA,NA,1.1,NA,NA,NA,NA,NA,0.5,1003,0.8,NA
1 News–Colmar Brunton,2019-06-08,42,44,5,NA,0.7,6,NA,NA,NA,0.5,NA,NA,NA,NA,NA,0.5,1002,0.6,NA
Newshub–Reid Research,2019-06-07,50.8,37.4,2.8,NA,0.8,6.2,NA,NA,NA,0.5,NA,NA,NA,NA,NA,0.1,1000,1,NA
1 News–Colmar Brunton,2019-04-10,48,40,4.3,NA,0.7,6,NA,NA,NA,0.5,NA,NA,NA,NA,NA,NA,1009,0.4,NA
Business NZ–Reid Research,2019-03-23,49.6,41.3,2.3,NA,NA,3.9,NA,NA,NA,NA,NA,NA,NA,NA,NA,NA,1000,NA,NA
1 News–Colmar Brunton,2019-02-13,45,42,3,NA,0.9,6,NA,NA,NA,1.4,NA,NA,NA,NA,NA,0.6,1006,0.2,NA
Newshub–Reid Research,2019-02-02,47.5,41.6,2.9,NA,0.4,5.1,NA,NA,NA,0.8,NA,NA,NA,NA,NA,0.5,1000,1.1,NA
1 News–Colmar Brunton,2018-11-28,43,46,4,NA,0.6,5,NA,NA,NA,0.9,NA,NA,NA,NA,NA,0.3,1008,NA,NA
1 News–Colmar Brunton,2018-10-19,45,43,5,NA,0.3,7,NA,NA,NA,0.6,NA,NA,NA,NA,NA,0.3,1006,0.3,NA
1 News–Colmar Brunton,2018-08-01,42,45,5,NA,1.1,6,NA,NA,NA,0.9,NA,NA,NA,NA,NA,0.4,1007,0.1,NA
Newshub–Reid Research,2018-05-24,42.6,45.1,2.4,NA,0.2,5.7,NA,NA,NA,0.9,NA,NA,NA,NA,NA,1.6,1000,1.1,NA
1 News–Colmar Brunton,2018-05-23,43,45,4.2,NA,0.7,5,NA,NA,NA,0.9,NA,NA,NA,NA,NA,0.5,1007,0.2,NA
1 News–Colmar Brunton,2018-04-11,43,44,5,NA,0.3,6,NA,NA,NA,1.2,NA,NA,NA,NA,NA,0.4,1007,0.2,NA
1 News–Colmar Brunton,2018-02-14,48,43,2.6,NA,0.5,5,NA,NA,NA,0.7,NA,NA,NA,NA,NA,0.6,1007,0.1,NA
Newshub–Reid Research,2018-01-28,42.3,44.5,3.8,NA,0.2,6,NA,NA,NA,0.8,NA,NA,NA,NA,NA,1.4,1000,0.3,NA
Roy Morgan Research,2018-01-28,42.5,39,6,NA,0.5,9,NA,NA,NA,1,NA,NA,NA,NA,NA,1.5,1000,NA,NA
Roy Morgan Research,2017-12-10,37,40.5,8,NA,0.5,10,NA,NA,NA,NA,NA,NA,NA,NA,NA,NA,NA,NA,NA
1 News–Colmar Brunton,2017-12-05,39,46,5,NA,0.1,7,NA,NA,NA,0.9,NA,NA,NA,NA,NA,1.2,1007,NA,NA
Roy Morgan Research,2017-11-12,39.5,40.5,5,NA,0.5,10,NA,NA,NA,1.5,NA,NA,NA,NA,NA,2,887,NA,NA
Roy Morgan Research,2017-10-15,31,46,6.5,NA,0.5,11,NA,NA,NA,1.5,NA,NA,NA,NA,NA,2,894,NA,NA
