institute,date,nd,pasok,kke,syriza,laos,other,none,unsure,sample_size,ecologist_greens,golden_dawn,dimar,democratic_alliance,parmap,anel,dixa,drassi,potami,kinima,kidiso,union_of_centrists,popular_unity,disi,ant,pe,el,kinal,mera25
Public Issue/VPRC,2007-01-14,43,39,7.5,4,3.5,3.0,NA,NA,NA,NA,NA,NA,NA,NA,NA,NA,NA,NA,NA,NA,NA,NA,NA,NA,NA,NA,NA,NA
GPO,2007-01-15,35.9,33.7,7.3,4.1,4.4,0.7,4.4,9.3,NA,NA,NA,NA,NA,NA,NA,NA,NA,NA,NA,NA,NA,NA,NA,NA,NA,NA,NA,NA
Kapa Research,2007-02-10,37.5,35.9,7.4,3.6,3.2,NA,NA,12.4,NA,NA,NA,NA,NA,NA,NA,NA,NA,NA,NA,NA,NA,NA,NA,NA,NA,NA,NA,NA
Public Issue/VPRC,2007-02-11,43,39.5,7.5,4,3.5,2.5,NA,NA,NA,NA,NA,NA,NA,NA,NA,NA,NA,NA,NA,NA,NA,NA,NA,NA,NA,NA,NA,NA
RASS,2007-02-25,36.7,33.9,5.8,2.8,2.7,NA,NA,18.1,NA,NA,NA,NA,NA,NA,NA,NA,NA,NA,NA,NA,NA,NA,NA,NA,NA,NA,NA,NA
Public Issue/VPRC,2007-03-11,43,39.5,7,4.5,3.5,2.5,NA,NA,NA,NA,NA,NA,NA,NA,NA,NA,NA,NA,NA,NA,NA,NA,NA,NA,NA,NA,NA,NA
Metron Analysis,2007-03-22,37.1,35.9,7,3.1,3.6,NA,NA,13.3,NA,NA,NA,NA,NA,NA,NA,NA,NA,NA,NA,NA,NA,NA,NA,NA,NA,NA,NA,NA
ALCO,2007-03-30,33.9,33.4,5.5,2.8,2.2,NA,NA,22.2,NA,NA,NA,NA,NA,NA,NA,NA,NA,NA,NA,NA,NA,NA,NA,NA,NA,NA,NA,NA
Kapa Research,2007-03-30,36.9,35.9,7,3.4,3.9,NA,NA,12.9,NA,NA,NA,NA,NA,NA,NA,NA,NA,NA,NA,NA,NA,NA,NA,NA,NA,NA,NA,NA
GPO,2007-04-02,36,34.2,7,4,4.5,0.9,3.9,9.5,NA,NA,NA,NA,NA,NA,NA,NA,NA,NA,NA,NA,NA,NA,NA,NA,NA,NA,NA,NA
Public Issue/VPRC,2007-04-13,42.5,39,7,4.5,4,3.0,NA,NA,NA,NA,NA,NA,NA,NA,NA,NA,NA,NA,NA,NA,NA,NA,NA,NA,NA,NA,NA,NA
MRB,2007-04-27,35.9,33.5,6.7,4.1,3.7,NA,NA,16.1,NA,NA,NA,NA,NA,NA,NA,NA,NA,NA,NA,NA,NA,NA,NA,NA,NA,NA,NA,NA
Public Issue/VPRC,2007-05-13,42.5,39.5,6.5,5,3.5,3.0,NA,NA,NA,NA,NA,NA,NA,NA,NA,NA,NA,NA,NA,NA,NA,NA,NA,NA,NA,NA,NA,NA
MRB,2007-05-24,35.7,33.7,6.3,4.4,4.7,NA,NA,15.2,NA,NA,NA,NA,NA,NA,NA,NA,NA,NA,NA,NA,NA,NA,NA,NA,NA,NA,NA,NA
Metron Analysis,2007-06-02,33.4,32,6.8,3.6,4.4,NA,NA,19.8,NA,NA,NA,NA,NA,NA,NA,NA,NA,NA,NA,NA,NA,NA,NA,NA,NA,NA,NA,NA
Public Issue/VPRC,2007-06-08,43,39,7,4.5,4,2.5,NA,NA,NA,NA,NA,NA,NA,NA,NA,NA,NA,NA,NA,NA,NA,NA,NA,NA,NA,NA,NA,NA
GPO,2007-06-04,35.5,34.5,7.1,4.4,4.9,2.3,3.3,8,NA,NA,NA,NA,NA,NA,NA,NA,NA,NA,NA,NA,NA,NA,NA,NA,NA,NA,NA,NA
ALCO,2007-06-15,34.2,34,6.3,2.9,3.5,1.6,2.5,14.7,NA,NA,NA,NA,NA,NA,NA,NA,NA,NA,NA,NA,NA,NA,NA,NA,NA,NA,NA,NA
MRB,2007-06-15,36.3,34,7,4.4,3.7,NA,NA,14.6,NA,NA,NA,NA,NA,NA,NA,NA,NA,NA,NA,NA,NA,NA,NA,NA,NA,NA,NA,NA
Metron Analysis,2007-06-21,36.8,35.8,6.4,3.8,3.8,NA,NA,13.4,NA,NA,NA,NA,NA,NA,NA,NA,NA,NA,NA,NA,NA,NA,NA,NA,NA,NA,NA,NA
Kapa Research,2007-06-30,36.1,35.1,7.6,4.3,4.2,0.6,NA,12.1,NA,NA,NA,NA,NA,NA,NA,NA,NA,NA,NA,NA,NA,NA,NA,NA,NA,NA,NA,NA
Public Issue/VPRC,2007-07-16,42.5,38.5,7.5,4.5,3.5,3.5,NA,NA,NA,NA,NA,NA,NA,NA,NA,NA,NA,NA,NA,NA,NA,NA,NA,NA,NA,NA,NA,NA
GPO,2007-08-22,36.2,34.6,7.1,4.2,4.6,NA,5.8,7.5,NA,NA,NA,NA,NA,NA,NA,NA,NA,NA,NA,NA,NA,NA,NA,NA,NA,NA,NA,NA
Metron Analysis,2007-08-22,31,29.5,7,4.3,3.5,2.5,6.8,15.4,NA,NA,NA,NA,NA,NA,NA,NA,NA,NA,NA,NA,NA,NA,NA,NA,NA,NA,NA,NA
MRB,2007-08-23,36.8,34.8,6.8,4.5,4,1.3,2.8,9,NA,NA,NA,NA,NA,NA,NA,NA,NA,NA,NA,NA,NA,NA,NA,NA,NA,NA,NA,NA
Kapa Research,2007-08-26,34.9,33.6,7.2,4.9,4.1,"1,6",NA,13.7,NA,NA,NA,NA,NA,NA,NA,NA,NA,NA,NA,NA,NA,NA,NA,NA,NA,NA,NA,NA
ALCO,2007-08-27,35,34.2,6.5,3.4,3.6,0.8,4.1,11.8,NA,NA,NA,NA,NA,NA,NA,NA,NA,NA,NA,NA,NA,NA,NA,NA,NA,NA,NA,NA
MRB,2007-08-28,35.2,33.2,7.3,4.4,3.9,2.2,4.3,6.7,NA,NA,NA,NA,NA,NA,NA,NA,NA,NA,NA,NA,NA,NA,NA,NA,NA,NA,NA,NA
Metron Analysis,2007-08-29,29.7,28.1,8.1,4.7,3.6,2.6,10.5,17.4,NA,NA,NA,NA,NA,NA,NA,NA,NA,NA,NA,NA,NA,NA,NA,NA,NA,NA,NA,NA
GPO,2007-08-29,36,34.8,7,4.5,4.9,2.1,NA,10.7,NA,NA,NA,NA,NA,NA,NA,NA,NA,NA,NA,NA,NA,NA,NA,NA,NA,NA,NA,NA
ALCO,2007-08-29,31.6,30.9,6.2,3.4,3.3,1.8,8.7,15.9,NA,NA,NA,NA,NA,NA,NA,NA,NA,NA,NA,NA,NA,NA,NA,NA,NA,NA,NA,NA
Public Issue/VPRC ,2007-08-31,42,38,8.5,5,4,2.5,NA,NA,NA,NA,NA,NA,NA,NA,NA,NA,NA,NA,NA,NA,NA,NA,NA,NA,NA,NA,NA,NA
MRB,2007-08-31,35.4,33.3,7.5,4.7,3.7,NA,NA,NA,NA,NA,NA,NA,NA,NA,NA,NA,NA,NA,NA,NA,NA,NA,NA,NA,NA,NA,NA,NA
GPO,2007-08-31,37.4,36,7.6,4.2,4.7,NA,NA,NA,NA,NA,NA,NA,NA,NA,NA,NA,NA,NA,NA,NA,NA,NA,NA,NA,NA,NA,NA,NA
ALCO,2007-08-31,31.5,30.8,6.5,3.7,3.6,NA,NA,NA,NA,NA,NA,NA,NA,NA,NA,NA,NA,NA,NA,NA,NA,NA,NA,NA,NA,NA,NA,NA
GPO/Mega TV,2012-04-20,25.6,19.5,10.7,9.8,4.7,NA,NA,NA,NA,3.1,5.5,7.9,3.5,NA,9.7,NA,NA,NA,NA,NA,NA,NA,NA,NA,NA,NA,NA,NA
Marc/Alpha TV,2012-04-20,22.7,17.9,9,11.8,3.9,NA,NA,NA,1122,3.2,4.8,8.4,3,NA,9.5,NA,NA,NA,NA,NA,NA,NA,NA,NA,NA,NA,NA,NA
VPRC/Kontra Channel,2012-04-20,23,14,11.5,13.5,3,NA,NA,NA,NA,3,6.5,8,1.5,NA,8.5,NA,NA,NA,NA,NA,NA,NA,NA,NA,NA,NA,NA,NA
Metron Analysis/Crisis Monitor,2012-04-19,20.1,15.1,9.9,11,3.8,NA,NA,NA,1185,4.3,6.2,8.8,2.7,NA,10.3,NA,NA,NA,NA,NA,NA,NA,NA,NA,NA,NA,NA,NA
Kapa Research/Ta Nea,2012-04-19,25.5,19.1,10.6,9.1,4,NA,NA,NA,NA,3.6,5.2,5.4,3.8,NA,7.7,NA,NA,NA,NA,NA,NA,NA,NA,NA,NA,NA,NA,NA
MRB/Real.gr,2012-04-19,23,14.5,9.8,11.9,3.1,NA,NA,NA,1007,4,5.7,8.2,3,NA,9.3,NA,NA,NA,NA,NA,NA,NA,NA,NA,NA,NA,NA,NA
Rass/Eleftheros Typos,2012-04-19,24.1,17.1,8.7,10.3,3.4,NA,NA,NA,1203,3.8,4.3,8.4,3.2,NA,9.4,NA,NA,NA,NA,NA,NA,NA,NA,NA,NA,NA,NA,NA
Marc/Ethnos,2012-04-19,21.9,17.8,9.2,11,4.2,NA,NA,NA,1001,3.2,5.2,8.8,3,NA,10.4,NA,NA,NA,NA,NA,NA,NA,NA,NA,NA,NA,NA,NA
Alco/NewsIT,2012-04-19,23,16.5,8.7,9.8,3.7,NA,NA,NA,1000,3.3,4.8,8.2,2.9,NA,10.3,NA,NA,NA,NA,NA,NA,NA,NA,NA,NA,NA,NA,NA
Public Issue/Skai–Kathimerini,2012-04-19,21.5,14,11,13,3,NA,NA,NA,1310,3.5,5.5,9.5,2,NA,11,NA,NA,NA,NA,NA,NA,NA,NA,NA,NA,NA,NA,NA
Pulse RC/To Pontiki,2012-04-17,22,15,10.5,11,3,NA,NA,NA,1209,3.5,5.5,8.5,3,1.5,10,NA,NA,NA,NA,NA,NA,NA,NA,NA,NA,NA,NA,NA
Marc/Alpha TV,2012-04-17,22.3,17.8,9.7,9.8,3.9,NA,NA,NA,NA,3.1,5.7,8.6,3,NA,9.9,NA,NA,NA,NA,NA,NA,NA,NA,NA,NA,NA,NA,NA
VPRC/Epikaira,2012-04-12,22,14.5,11.5,13,3.5,NA,NA,NA,NA,2.5,5,10,1.5,1.5,9,NA,NA,NA,NA,NA,NA,NA,NA,NA,NA,NA,NA,NA
Pulse RC/Typos tis Kyriakis,2012-04-11,21.5,15.5,11.5,11.5,3,NA,NA,NA,1206,3,5,9,2.5,2,9.5,NA,NA,NA,NA,NA,NA,NA,NA,NA,NA,NA,NA,NA
MRB/Real News,2012-04-10,25.4,15.8,9.8,10.7,3.1,NA,NA,NA,1008,3.6,4.8,8.7,3,1.2,8.8,NA,NA,NA,NA,NA,NA,NA,NA,NA,NA,NA,NA,NA
GPO/Mega TV,2012-04-09,24.7,19.3,10.9,8.4,5.4,NA,NA,NA,1200,2,4.2,8,3.4,NA,9.5,NA,NA,NA,NA,NA,NA,NA,NA,NA,NA,NA,NA,NA
Public Issue/Skai–Kathimerini,2012-04-09,19,14.5,11,13,3,NA,NA,NA,1226,3,5,12,2,NA,11,NA,NA,NA,NA,NA,NA,NA,NA,NA,NA,NA,NA,NA
AUEB–STAT,2012-04-08,18.7,17.9,9.9,12.7,2.1,NA,NA,NA,1731,5.3,6,6.9,2.1,1.5,12,NA,NA,NA,NA,NA,NA,NA,NA,NA,NA,NA,NA,NA
Metron Analysis,2012-04-06,24.3,15.4,10.9,9.5,4.2,NA,NA,NA,2010,4.4,6.3,8,2.1,NA,9.6,NA,NA,NA,NA,NA,NA,NA,NA,NA,NA,NA,NA,NA
Metron Analysis/Crisis Monitor,2012-04-05,20.8,15,10.5,11.5,3,NA,NA,NA,1201,4.6,5.5,9,2.1,NA,10.6,NA,NA,NA,NA,NA,NA,NA,NA,NA,NA,NA,NA,NA
Alco/Proto Thema,2012-04-05,25.9,17.4,9.5,9.4,3.7,NA,NA,NA,1000,3.2,3.8,8.5,2.5,1,8.2,NA,NA,NA,NA,NA,NA,NA,NA,NA,NA,NA,NA,NA
Alco/NewsIT,2012-03-28,26.6,17.3,10.1,8.5,3.8,NA,NA,NA,1500,3.3,3.4,9.2,2.8,1.1,9.2,NA,NA,NA,NA,NA,NA,NA,NA,NA,NA,NA,NA,NA
Alco/Crash,2012-03-27,26.8,17.4,10.3,7.7,3.7,NA,NA,NA,1000,3.2,2.7,10.1,2.7,1.4,9.1,NA,NA,NA,NA,NA,NA,NA,NA,NA,NA,NA,NA,NA
Public Issue/Skai–Kathimerini,2012-03-26,22.5,15.5,12,12.5,2,NA,NA,NA,1017,3,5,12,2,1,8.5,NA,NA,NA,NA,NA,NA,NA,NA,NA,NA,NA,NA,NA
Metron Analysis/iefimerida,2012-03-23,18.8,18,10.7,9.7,3.2,NA,NA,NA,1200,3.1,5.6,11.5,1.9,NA,11.8,NA,NA,NA,NA,NA,NA,NA,NA,NA,NA,NA,NA,NA
Alco/Star,2012-03-23,26.5,16.8,10.5,8,4.1,NA,NA,NA,1000,3.1,2.9,9.7,3.1,1.3,8.8,NA,NA,NA,NA,NA,NA,NA,NA,NA,NA,NA,NA,NA
Kapa Research/To Vima,2012-03-22,24.2,19.1,10.9,8,4.8,NA,NA,NA,1011,3.3,4.5,6.5,3.1,0.9,9.6,NA,NA,NA,NA,NA,NA,NA,NA,NA,NA,NA,NA,NA
Marc/Ethnos,2012-03-21,24.8,18.4,10.4,8.4,3.5,NA,NA,NA,1012,2.7,3.2,10.2,2.9,NA,9.9,NA,NA,NA,NA,NA,NA,NA,NA,NA,NA,NA,NA,NA
MRB/Real News,2012-03-20,25.5,15.2,10.8,9.9,3.1,NA,NA,NA,1003,3.8,3.3,9.3,3.1,1.9,8.8,NA,NA,NA,NA,NA,NA,NA,NA,NA,NA,NA,NA,NA
VPRC/Epikaira,2012-03-19,22.5,12.5,12.5,12,3,NA,NA,NA,NA,2.5,3.5,11.5,2,1.5,11,NA,NA,NA,NA,NA,NA,NA,NA,NA,NA,NA,NA,NA
Pulse RC/To Pontiki,2012-03-13,23,13.5,12.5,12.5,4,NA,NA,NA,1212,2.5,4.5,10.5,2.5,2.5,6.5,NA,NA,NA,NA,NA,NA,NA,NA,NA,NA,NA,NA,NA
Public Issue/Skai–Kathimerini,2012-03-13,25,11,11.5,12,4,NA,NA,NA,1010,3.5,3,15.5,2,NA,6.5,NA,NA,NA,NA,NA,NA,NA,NA,NA,NA,NA,NA,NA
Metron Analysis,2012-03-10,23.1,11.4,11.5,10.9,4.4,NA,NA,NA,1001,4.4,3.3,15,3.4,NA,5.2,NA,NA,NA,NA,NA,NA,NA,NA,NA,NA,NA,NA,NA
Public Issue/Skai–Kathimerini,2012-02-29,28,11,11,12,4,NA,NA,NA,1006,4,3.5,16,2,1,4,NA,NA,NA,NA,NA,NA,NA,NA,NA,NA,NA,NA,NA
GPO/Mega TV,2012-02-20,25.6,17.3,12.5,11.2,6.7,NA,NA,NA,NA,2.5,NA,15.8,3.3,1.1,NA,NA,NA,NA,NA,NA,NA,NA,NA,NA,NA,NA,NA,NA
Rass/To Paron,2012-02-17,26.3,11.1,10.6,13.4,3.9,NA,NA,NA,1005,5,3.4,16.4,3.8,1.2,NA,NA,NA,NA,NA,NA,NA,NA,NA,NA,NA,NA,NA,NA
Marc/Ethnos,2012-02-17,24,13.9,11.9,10.7,6.9,NA,NA,NA,1013,3.3,2.8,15.2,3.2,1.7,NA,NA,NA,NA,NA,NA,NA,NA,NA,NA,NA,NA,NA,NA
VPRC/Epikaira,2012-02-16,27.5,11,14,13.5,4.5,NA,NA,NA,NA,3.5,2.5,16,2,2,NA,NA,NA,NA,NA,NA,NA,NA,NA,NA,NA,NA,NA,NA
Metron Analysis,2012-02-16,25.5,11.4,11.1,11.1,5.5,NA,NA,NA,1203,4.8,3.9,16.2,2.7,2.4,NA,NA,NA,NA,NA,NA,NA,NA,NA,NA,NA,NA,NA,NA
Alco/Proto Thema,2012-02-16,27.7,12.1,12.1,9.4,6.2,NA,NA,NA,1000,3.9,3.9,13.3,3.5,2,NA,NA,NA,NA,NA,NA,NA,NA,NA,NA,NA,NA,NA,NA
MRB/Real News,2012-02-16,27.5,11.9,12.8,11.9,4.9,NA,NA,NA,1016,3.9,3,14.6,3,1.9,NA,NA,NA,NA,NA,NA,NA,NA,NA,NA,NA,NA,NA,NA
Rass/To Paron,2012-02-10,27.3,11.1,9.1,11.2,5,NA,NA,NA,1202,5.4,3.6,17.5,3.7,1.5,NA,NA,NA,NA,NA,NA,NA,NA,NA,NA,NA,NA,NA,NA
Alco/Proto Thema,2012-02-10,27.1,12.7,12.1,9.3,6.3,NA,NA,NA,1000,3.8,2.8,13.2,3.1,2.1,NA,NA,NA,NA,NA,NA,NA,NA,NA,NA,NA,NA,NA,NA
Public Issue/Skai–Kathimerini,2012-02-03,31,8,12.5,12,5,NA,NA,NA,1002,3.5,3,18,2,NA,NA,NA,NA,NA,NA,NA,NA,NA,NA,NA,NA,NA,NA,NA
Pulse RC/To Pontiki,2012-02-01,27,13.5,12.5,12,5.5,NA,NA,NA,1784,3.5,3,11.5,3,3,NA,NA,NA,NA,NA,NA,NA,NA,NA,NA,NA,NA,NA,NA
ToThePoint/ERT3,2012-01-28,27.1,10.2,12.7,12,6.3,NA,NA,NA,1001,5.2,2.5,10.9,NA,NA,NA,NA,NA,NA,NA,NA,NA,NA,NA,NA,NA,NA,NA,NA
VPRC/Epikaira,2012-01-26,30.5,12,12.5,12.5,6,NA,NA,NA,NA,3,2.5,13,2.5,2.5,NA,NA,NA,NA,NA,NA,NA,NA,NA,NA,NA,NA,NA,NA
Alco/Star,2012-01-26,31,15.9,11,8.7,7.2,NA,NA,NA,1000,3,1.7,11.4,2.7,1.6,NA,NA,NA,NA,NA,NA,NA,NA,NA,NA,NA,NA,NA,NA
Metron Analysis,2012-01-14,25.2,13.8,12.4,11.2,6.1,NA,NA,NA,NA,6.1,1.9,13.9,2.6,NA,NA,NA,NA,NA,NA,NA,NA,NA,NA,NA,NA,NA,NA,NA
Public Issue/Skai–Kathimerini,2012-01-10,30.5,14,12.5,12,5.5,NA,NA,NA,1018,4,NA,13.5,2.5,NA,NA,NA,NA,NA,NA,NA,NA,NA,NA,NA,NA,NA,NA,NA
Kapa Research/To Vima,2011-12-29,30.4,17.9,13.2,8.8,7.5,NA,NA,NA,1004,4,NA,7.1,3.5,NA,NA,NA,NA,NA,NA,NA,NA,NA,NA,NA,NA,NA,NA,NA
Marc/Ethnos,2011-12-15,27.7,17.5,11.6,8.2,9.6,NA,NA,NA,1007,4.2,NA,9.2,3.4,3,NA,NA,NA,NA,NA,NA,NA,NA,NA,NA,NA,NA,NA,NA
ToThePoint/ERT3,2011-12-13,24.1,17.8,11.5,8.9,5.2,NA,NA,NA,1153,4.9,NA,7,NA,NA,NA,NA,NA,NA,NA,NA,NA,NA,NA,NA,NA,NA,NA,NA
Alco/Kontra Channel,2011-12-12,29.9,18,13,8.4,7,NA,NA,NA,1000,4.5,NA,9.6,3.5,0.6,NA,NA,NA,NA,NA,NA,NA,NA,NA,NA,NA,NA,NA,NA
VPRC/Epikaira,2011-12-08,30.5,18,13,11,7,NA,NA,NA,NA,3,1.5,8.5,2,2,NA,NA,NA,NA,NA,NA,NA,NA,NA,NA,NA,NA,NA,NA
MRB/Real.gr,2011-12-08,32.7,19.1,11.2,8.8,7.1,NA,NA,NA,2000,4.7,1.8,7,2.5,1.3,NA,NA,NA,NA,NA,NA,NA,NA,NA,NA,NA,NA,NA,NA
Pulse RC/To Pontiki,2011-12-07,27.5,18,13,11.5,7,NA,NA,NA,1059,3.5,NA,7.5,3.5,2.5,NA,NA,NA,NA,NA,NA,NA,NA,NA,NA,NA,NA,NA,NA
Public Issue/Skai–Kathimerini,2011-12-05,30,15.5,13.5,14,6,NA,NA,NA,1008,4,NA,9.5,3,NA,NA,NA,NA,NA,NA,NA,NA,NA,NA,NA,NA,NA,NA,NA
GPO/Mega TV,2011-12-05,28.7,20.4,13.4,8.1,9.5,NA,NA,NA,NA,4,NA,8.4,3.1,1.1,NA,NA,NA,NA,NA,NA,NA,NA,NA,NA,NA,NA,NA,NA
Metron Analysis/Eleftheros Typos,2011-12-05,29.3,17.1,13.6,10.7,9.2,NA,NA,NA,2204,5.8,NA,5.9,2.5,2.4,NA,NA,NA,NA,NA,NA,NA,NA,NA,NA,NA,NA,NA,NA
Rass/To Paron,2011-11-18,31.9,19.2,11,7.7,7.4,NA,NA,NA,1202,4.3,NA,8,3.8,1.7,NA,NA,NA,NA,NA,NA,NA,NA,NA,NA,NA,NA,NA,NA
Alco/NewsIT,2011-11-16,29.9,16.6,11.3,8.1,7.3,NA,NA,NA,1000,3.9,NA,8.8,3.5,0.9,NA,NA,NA,NA,NA,NA,NA,NA,NA,NA,NA,NA,NA,NA
VPRC/Epikaira,2011-11-14,32,18.5,12.5,10,7,NA,NA,NA,NA,3.5,1,6.5,2,2,NA,NA,NA,NA,NA,NA,NA,NA,NA,NA,NA,NA,NA,NA
Metron Analysis/protagon.gr,2011-11-12,26.3,18.5,11.8,10,11.2,NA,NA,NA,NA,5.6,1.9,7,2.9,2,NA,NA,NA,NA,NA,NA,NA,NA,NA,NA,NA,NA,NA,NA
MRB/Real News,2011-11-11,33.1,18.1,11,8.8,7.1,NA,NA,NA,1012,3.2,NA,7.5,3.2,1.5,NA,NA,NA,NA,NA,NA,NA,NA,NA,NA,NA,NA,NA,NA
Public Issue/Skai–Kathimerini,2011-11-10,28.5,19.5,11,12,8.5,NA,NA,NA,1206,3.5,NA,7.5,2.5,NA,NA,NA,NA,NA,NA,NA,NA,NA,NA,NA,NA,NA,NA,NA
Alco/Proto Thema,2011-11-04,32.3,21.5,11.2,7.6,8.2,NA,NA,NA,1000,3.9,NA,5.3,3.2,1.3,NA,NA,NA,NA,NA,NA,NA,NA,NA,NA,NA,NA,NA,NA
Marc/Ethnos,2011-11-03,30.3,20.5,11.2,7.1,7.9,NA,NA,NA,1004,3.1,NA,7.5,3.3,2.2,NA,NA,NA,NA,NA,NA,NA,NA,NA,NA,NA,NA,NA,NA
Pulse RC/Typos tis Kyriakis,2011-11-03,29.5,18.5,12.5,10.5,7.5,NA,NA,NA,1209,3.5,NA,5.5,2,3.5,NA,NA,NA,NA,NA,NA,NA,NA,NA,NA,NA,NA,NA,NA
Kapa Research/To Vima,2011-10-27,30.2,20,12.4,6.9,8.6,NA,NA,NA,1009,4.6,NA,5.7,3.5,2.4,NA,NA,NA,NA,NA,NA,NA,NA,NA,NA,NA,NA,NA,NA
VPRC/Epikaira,2011-10-10,31,19.5,13.5,8.5,8,NA,NA,NA,NA,4.5,1.5,4,2,2,NA,NA,NA,NA,NA,NA,NA,NA,NA,NA,NA,NA,NA,NA
Public Issue/Skai–Kathimerini,2011-10-04,31.5,22.5,10.5,9.5,9,NA,NA,NA,1015,3,NA,5,2,NA,NA,NA,NA,NA,NA,NA,NA,NA,NA,NA,NA,NA,NA,NA
GPO/Mega TV,2011-09-26,31.2,21.7,13.7,6.7,11,NA,NA,NA,1000,3.4,NA,3.8,2.8,2.2,NA,NA,NA,NA,NA,NA,NA,NA,NA,NA,NA,NA,NA,NA
Alco/Proto Thema,2011-09-23,31.7,23,11,7.5,8.3,NA,NA,NA,1000,4.4,NA,3.6,3.2,2.4,NA,NA,NA,NA,NA,NA,NA,NA,NA,NA,NA,NA,NA,NA
Pulse RC/Typos tis Kyriakis,2011-09-22,30.5,22,13,7,8,NA,NA,NA,NA,3.5,NA,4.5,3,3,NA,NA,NA,NA,NA,NA,NA,NA,NA,NA,NA,NA,NA,NA
Rass/To Paron,2011-09-22,32.9,27.2,10.5,5.4,6.8,NA,NA,NA,1203,4.1,NA,4.2,3.4,2,NA,NA,NA,NA,NA,NA,NA,NA,NA,NA,NA,NA,NA,NA
Public Issue/Skai–Kathimerini,2011-09-07,32,28,10.5,9,8,NA,NA,NA,1216,4,NA,3,1.5,NA,NA,NA,NA,NA,NA,NA,NA,NA,NA,NA,NA,NA,NA,NA
VPRC/Epikaira,2011-09-05,30,24.5,13,7,7.5,NA,NA,NA,NA,5,1.5,3,1.5,1,NA,NA,NA,NA,NA,NA,NA,NA,NA,NA,NA,NA,NA,NA
Alco/Proto Thema,2011-09-02,32.2,25.1,10.3,5.8,8.1,NA,NA,NA,1000,4.9,NA,3.4,3.2,2,NA,NA,NA,NA,NA,NA,NA,NA,NA,NA,NA,NA,NA,NA
Kapa Research/To Vima,2011-09-01,31.5,30.6,10.5,4.5,7.9,NA,NA,NA,NA,3,NA,3.3,3.2,3,NA,NA,NA,NA,NA,NA,NA,NA,NA,NA,NA,NA,NA,NA
MRB/Real News,2011-08-31,34.6,27.2,9.4,5.9,6.4,NA,NA,NA,1006,3.6,NA,3.1,2.7,1.5,NA,NA,NA,NA,NA,NA,NA,NA,NA,NA,NA,NA,NA,NA
Public Issue/Skai–Kathimerini,2011-08-14,30,30.5,11.5,7.5,7.5,NA,NA,NA,NA,3,NA,3.5,1.5,NA,NA,NA,NA,NA,NA,NA,NA,NA,NA,NA,NA,NA,NA,NA
Metron Analysis/Eleftheros Typos,2011-07-14,30.1,25.6,11.1,8.4,9.2,NA,NA,NA,2211,4.1,NA,2.5,2.8,3.8,NA,NA,NA,NA,NA,NA,NA,NA,NA,NA,NA,NA,NA,NA
Public Issue/Skai–Kathimerini,2011-07-12,32.5,26.5,11.5,9,7.5,NA,NA,NA,1208,3.5,1,2,1.5,0.5,NA,NA,NA,NA,NA,NA,NA,NA,NA,NA,NA,NA,NA,NA
Kapa Research/To Vima,2011-07-07,27.5,25.5,11.6,5.6,8.8,NA,NA,NA,1003,3.4,NA,4.8,4.3,4.8,NA,NA,NA,NA,NA,NA,NA,NA,NA,NA,NA,NA,NA,NA
VPRC/Epikaira,2011-07-07,29.5,25.5,13,7,7.5,NA,NA,NA,NA,4,1.5,2.5,2,1,NA,NA,NA,NA,NA,NA,NA,NA,NA,NA,NA,NA,NA,NA
Rass/To Paron,2011-07-01,31.9,30.2,10.2,4.5,6.3,NA,NA,NA,2002,4.3,NA,3,3.1,2.9,NA,NA,NA,NA,NA,NA,NA,NA,NA,NA,NA,NA,NA,NA
Marc/Ethnos,2011-06-23,29.5,27.5,10.3,4.9,8,NA,NA,NA,1014,3.1,NA,3.8,3.8,2.8,NA,NA,NA,NA,NA,NA,NA,NA,NA,NA,NA,NA,NA,NA
MRB/Real.gr,2011-06-21,33.2,30.1,9.3,4.7,6.3,NA,NA,NA,NA,3.6,NA,2.7,2.7,1.5,NA,NA,NA,NA,NA,NA,NA,NA,NA,NA,NA,NA,NA,NA
GPO/Mega TV,2011-06-21,28.7,27.5,12.6,5.5,8.9,NA,NA,NA,NA,2.9,NA,4.1,2.7,3,NA,NA,NA,NA,NA,NA,NA,NA,NA,NA,NA,NA,NA,NA
Alco/Real FM,2011-06-20,30.9,28.5,11.1,4.5,7.4,NA,NA,NA,1000,3.3,NA,3.3,3.5,1.6,NA,NA,NA,NA,NA,NA,NA,NA,NA,NA,NA,NA,NA,NA
VPRC/Epikaira,2011-06-20,28.5,26,13.5,6.5,7,NA,NA,NA,NA,3.5,1,3,2,0.5,NA,NA,NA,NA,NA,NA,NA,NA,NA,NA,NA,NA,NA,NA
MRB/Real.gr,2011-06-14,34.6,29.7,9.6,4.8,6.6,NA,NA,NA,1596,4,NA,2.7,2.8,1.2,NA,NA,NA,NA,NA,NA,NA,NA,NA,NA,NA,NA,NA,NA
Public Issue/Skai–Kathimerini,2011-06-07,31,27,11,6.5,8,NA,NA,NA,1204,3.5,1,3,2.5,1,NA,NA,NA,NA,NA,NA,NA,NA,NA,NA,NA,NA,NA,NA
VPRC/Epikaira,2011-05-27,31,30.5,12,5.5,7.5,NA,NA,NA,NA,3,1,2.5,1,0.5,NA,NA,NA,NA,NA,NA,NA,NA,NA,NA,NA,NA,NA,NA
Pulse RC/Typos tis Kyriakis,2011-05-26,28.5,27.5,13,6,8,NA,NA,NA,1208,3.5,NA,3,3,3,NA,NA,NA,NA,NA,NA,NA,NA,NA,NA,NA,NA,NA,NA
Alco/Proto Thema,2011-05-26,30.1,30.5,11.6,4.7,8.2,NA,NA,NA,1000,3,NA,3.4,3.8,1.6,NA,NA,NA,NA,NA,NA,NA,NA,NA,NA,NA,NA,NA,NA
Rass/To Paron,2011-05-20,31.3,32.5,9.9,4.1,7.2,NA,NA,NA,2002,4.2,NA,2.4,2.5,2.3,NA,NA,NA,NA,NA,NA,NA,NA,NA,NA,NA,NA,NA,NA
MRB/Real News,2011-05-18,31.8,31.8,9.5,4.8,7.1,NA,NA,NA,1005,3.8,NA,2.7,2.4,1.5,NA,NA,NA,NA,NA,NA,NA,NA,NA,NA,NA,NA,NA,NA
Public Issue/Skai–Kathimerini,2011-05-10,29,32,12,6.5,8,NA,NA,NA,1199,3.5,1.5,3.5,1.5,0.5,NA,NA,NA,NA,NA,NA,NA,NA,NA,NA,NA,NA,NA,NA
GPO/Mega TV,2011-05-09,28.9,31.3,12.9,4.7,10,NA,NA,NA,1205,3.4,NA,3.4,3.6,3.6,NA,NA,NA,NA,NA,NA,NA,NA,NA,NA,NA,NA,NA,NA
Pulse RC/To Pontiki,2011-05-06,27,30,12,5,8,NA,NA,NA,1210,3.5,NA,3,3,3.5,NA,NA,NA,NA,NA,NA,NA,NA,NA,NA,NA,NA,NA,NA
Marc/Ethnos,2011-05-05,26.7,31.7,10.3,4.3,9,NA,NA,NA,1015,3.2,NA,3.5,3.8,3.7,NA,NA,NA,NA,NA,NA,NA,NA,NA,NA,NA,NA,NA,NA
VPRC/Epikaira,2011-04-28,30.5,31.5,12,5,7.5,NA,NA,NA,NA,3.5,1.5,2,1.5,NA,NA,NA,NA,NA,NA,NA,NA,NA,NA,NA,NA,NA,NA,NA
Alco/Proto Thema,2011-04-19,28.4,31.4,12.4,4.7,8.4,NA,NA,NA,1000,2.9,NA,3.4,2.5,NA,NA,NA,NA,NA,NA,NA,NA,NA,NA,NA,NA,NA,NA,NA
Kapa Research/To Vima,2011-04-14,28.8,31,12.2,4.4,8.3,NA,NA,NA,NA,3.9,NA,3.6,3.1,NA,NA,NA,NA,NA,NA,NA,NA,NA,NA,NA,NA,NA,NA,NA
Public Issue/Skai–Kathimerini,2011-04-12,27,33.5,12,5.5,8.5,NA,NA,NA,1186,3,1,3,2.5,NA,NA,NA,NA,NA,NA,NA,NA,NA,NA,NA,NA,NA,NA,NA
MRB/Real News,2011-04-02,30.7,33.3,10,4.5,8,NA,NA,NA,1032,4,NA,2.5,2.5,NA,NA,NA,NA,NA,NA,NA,NA,NA,NA,NA,NA,NA,NA,NA
Rass/To Paron,2011-04-01,30.7,34.4,9.9,4.5,7.3,NA,NA,NA,2002,4.7,NA,2.6,2.5,NA,NA,NA,NA,NA,NA,NA,NA,NA,NA,NA,NA,NA,NA,NA
Metron Analysis/Eleftheros Typos,2011-03-27,29.3,33.6,10.5,5.8,10.1,NA,NA,NA,2203,4.9,NA,1.6,3,NA,NA,NA,NA,NA,NA,NA,NA,NA,NA,NA,NA,NA,NA,NA
Public Issue/Skai–Kathimerini,2011-03-04,28.5,35,11,5,9,NA,NA,NA,1215,2.5,1,2.5,2,NA,NA,NA,NA,NA,NA,NA,NA,NA,NA,NA,NA,NA,NA,NA
Alco/Proto Thema,2011-03-03,28.5,31.8,12.1,3.7,8.1,NA,NA,NA,1000,3.2,NA,3.1,3.5,NA,NA,NA,NA,NA,NA,NA,NA,NA,NA,NA,NA,NA,NA,NA
Alco,2011-02-28,29.6,33.1,11.4,3.6,7.9,NA,NA,NA,1000,2.2,NA,1.6,2.5,NA,NA,NA,NA,NA,NA,NA,NA,NA,NA,NA,NA,NA,NA,NA
MRB/Real News,2011-02-24,32.1,34.9,10.5,3.5,6.5,NA,NA,NA,1018,3,NA,2.5,2.5,NA,NA,NA,NA,NA,NA,NA,NA,NA,NA,NA,NA,NA,NA,NA
Marc/Ethnos,2011-02-21,27.4,33.5,10.3,4.5,7.6,NA,NA,NA,2003,3.7,NA,3.7,4.3,NA,NA,NA,NA,NA,NA,NA,NA,NA,NA,NA,NA,NA,NA,NA
Rass/To Paron,2011-02-18,30.5,35.1,10.8,4.3,6.9,NA,NA,NA,2002,4,NA,2.3,2.4,NA,NA,NA,NA,NA,NA,NA,NA,NA,NA,NA,NA,NA,NA,NA
Pulse RC,2011-02-17,28.5,33.5,13,4.5,8,NA,NA,NA,NA,3,NA,3,3,NA,NA,NA,NA,NA,NA,NA,NA,NA,NA,NA,NA,NA,NA,NA
VPRC/Epikaira,2011-02-14,32,33,12.5,5,5,NA,NA,NA,1003,4,NA,2.5,2,NA,NA,NA,NA,NA,NA,NA,NA,NA,NA,NA,NA,NA,NA,NA
Public Issue/Skai–Kathimerini,2011-02-08,30.5,38,10.5,4.5,6,NA,NA,NA,1009,3,0.5,2.5,2,NA,NA,NA,NA,NA,NA,NA,NA,NA,NA,NA,NA,NA,NA,NA
GPO/Mega TV,2011-02-07,27.7,34.7,11.7,4,8.5,NA,NA,NA,1202,3.6,NA,3.3,4,NA,NA,NA,NA,NA,NA,NA,NA,NA,NA,NA,NA,NA,NA,NA
Rass/To Paron,2011-01-21,30.9,35.7,10.9,3.9,5.5,NA,NA,NA,2002,4.1,NA,2.9,2.8,NA,NA,NA,NA,NA,NA,NA,NA,NA,NA,NA,NA,NA,NA,NA
Marc/Ethnos,2011-01-13,27.8,36.8,10.3,4,6.4,NA,NA,NA,NA,2.6,NA,2.9,3.7,NA,NA,NA,NA,NA,NA,NA,NA,NA,NA,NA,NA,NA,NA,NA
Alco/Proto Thema,2011-01-13,27,32.5,11.7,3.7,7.8,NA,NA,NA,1000,3.9,NA,2.8,3.8,NA,NA,NA,NA,NA,NA,NA,NA,NA,NA,NA,NA,NA,NA,NA
Public Issue/Skai–Kathimerini,2011-01-11,30.5,38.5,10.5,6,5.5,NA,NA,NA,1005,2.5,NA,2,2,NA,NA,NA,NA,NA,NA,NA,NA,NA,NA,NA,NA,NA,NA,NA
Kapa Research/To Vima,2010-12-24,29.6,32.6,12.8,4.8,5.9,NA,NA,NA,NA,3.5,NA,3.4,4.1,NA,NA,NA,NA,NA,NA,NA,NA,NA,NA,NA,NA,NA,NA,NA
VPRC,2010-12-18,32.5,34.5,12,4.5,5,NA,NA,NA,NA,3,NA,1.5,2.5,NA,NA,NA,NA,NA,NA,NA,NA,NA,NA,NA,NA,NA,NA,NA
Metron Analysis,2010-12-13,29.1,35.8,12,4.5,7.1,NA,NA,NA,2202,3.9,NA,2.1,3.5,NA,NA,NA,NA,NA,NA,NA,NA,NA,NA,NA,NA,NA,NA,NA
Public Issue/Skai–Kathimerini,2010-12-08,30,39,11,5.5,5.5,NA,NA,NA,1006,2,NA,2.5,2,NA,NA,NA,NA,NA,NA,NA,NA,NA,NA,NA,NA,NA,NA,NA
MRB/Real News,2010-12-03,30.7,36.3,10,4,5,NA,NA,NA,2100,4,NA,2.5,3.5,NA,NA,NA,NA,NA,NA,NA,NA,NA,NA,NA,NA,NA,NA,NA
Rass/To Paron,2010-11-25,30.7,36.4,10.9,4,5.4,NA,NA,NA,2003,4.1,NA,2.9,3.2,NA,NA,NA,NA,NA,NA,NA,NA,NA,NA,NA,NA,NA,NA,NA
MRB/Real News,2010-11-15,32.2,37.8,10,3,4.5,NA,NA,NA,1022,2,NA,2,NA,NA,NA,NA,NA,NA,NA,NA,NA,NA,NA,NA,NA,NA,NA,NA
Public Issue/Skai–Kathimerini,2010-11-06,29.5,39.5,11,5,5,NA,NA,NA,NA,3,NA,1.5,NA,NA,NA,NA,NA,NA,NA,NA,NA,NA,NA,NA,NA,NA,NA,NA
VPRC/tvxs,2010-10-21,24,33.5,15,5.5,5,NA,NA,NA,1301,5,NA,1.5,NA,NA,NA,NA,NA,NA,NA,NA,NA,NA,NA,NA,NA,NA,NA,NA
Rass/To Paron,2010-10-15,30.6,38,11.5,4.3,6.2,NA,NA,NA,1003,3.9,NA,2.4,NA,NA,NA,NA,NA,NA,NA,NA,NA,NA,NA,NA,NA,NA,NA,NA
Pulse RC/Typos tis Kyriakis,2010-10-14,29,37.5,12,4,5.5,NA,NA,NA,1115,3.5,NA,NA,NA,NA,NA,NA,NA,NA,NA,NA,NA,NA,NA,NA,NA,NA,NA,NA
Public Issue/Skai–Kathimerini,2010-10-04,28,42.5,11,4.5,5.5,NA,NA,NA,1045,2.5,NA,1.5,NA,NA,NA,NA,NA,NA,NA,NA,NA,NA,NA,NA,NA,NA,NA,NA
Rass/To Paron,2010-09-24,30.7,38.6,10.5,4.2,6.3,NA,NA,NA,2005,4.1,NA,2.7,NA,NA,NA,NA,NA,NA,NA,NA,NA,NA,NA,NA,NA,NA,NA,NA
Pulse RC/Typos tis Kyriakis,2010-09-23,29,38.5,11.5,3.5,6.5,NA,NA,NA,1051,4,NA,NA,NA,NA,NA,NA,NA,NA,NA,NA,NA,NA,NA,NA,NA,NA,NA,NA
Alco/Proto Thema,2010-09-10,28,38.4,10.7,3.8,6.7,NA,NA,NA,1000,2.1,NA,3.4,NA,NA,NA,NA,NA,NA,NA,NA,NA,NA,NA,NA,NA,NA,NA,NA
Kapa Research/To Vima,2010-09-09,29.9,40.8,10.8,3.6,6.3,NA,NA,NA,1005,2.7,NA,2.9,NA,NA,NA,NA,NA,NA,NA,NA,NA,NA,NA,NA,NA,NA,NA,NA
Alco/Proto Thema,2010-09-09,30,40.6,10.4,4,6.7,NA,NA,NA,1000,1.5,NA,3.5,NA,NA,NA,NA,NA,NA,NA,NA,NA,NA,NA,NA,NA,NA,NA,NA
Pulse RC/To Pontiki,2010-09-08,28,39.5,10.5,3.5,7.5,NA,NA,NA,1055,3.5,NA,NA,NA,NA,NA,NA,NA,NA,NA,NA,NA,NA,NA,NA,NA,NA,NA,NA
VPRC/tvxs,2010-09-07,25,34.5,13,7.5,6.5,NA,NA,NA,1083,6.5,NA,2,NA,NA,NA,NA,NA,NA,NA,NA,NA,NA,NA,NA,NA,NA,NA,NA
Public Issue/Skai–Kathimerini,2010-09-06,27,44,10.5,4,5.5,NA,NA,NA,1009,2.5,NA,2,NA,NA,NA,NA,NA,NA,NA,NA,NA,NA,NA,NA,NA,NA,NA,NA
Rass/To Paron,2010-09-03,29.4,38.5,10.6,4.2,6.9,NA,NA,NA,1503,4.1,NA,2.9,NA,NA,NA,NA,NA,NA,NA,NA,NA,NA,NA,NA,NA,NA,NA,NA
MRB/Real News,2010-09-02,29.1,39.4,9,3.5,6.5,NA,NA,NA,1000,3.5,NA,NA,NA,NA,NA,NA,NA,NA,NA,NA,NA,NA,NA,NA,NA,NA,NA,NA
GPO/Mega TV,2010-08-30,28.2,38.2,12,3.7,9.1,NA,NA,NA,NA,3.7,NA,2.3,NA,NA,NA,NA,NA,NA,NA,NA,NA,NA,NA,NA,NA,NA,NA,NA
VPRC/Axía,2010-07-16,29.5,35.5,12.5,5.5,5,NA,NA,NA,1156,4,NA,2,NA,NA,NA,NA,NA,NA,NA,NA,NA,NA,NA,NA,NA,NA,NA,NA
Public Issue/Skai–Kathimerini,2010-07-05,25,43,10,5,6,NA,NA,NA,1006,4,NA,3.5,NA,NA,NA,NA,NA,NA,NA,NA,NA,NA,NA,NA,NA,NA,NA,NA
Metron Analysis/Avgi,2010-07-02,28.3,39.2,11,6,7.7,NA,NA,NA,2206,4.9,NA,NA,NA,NA,NA,NA,NA,NA,NA,NA,NA,NA,NA,NA,NA,NA,NA,NA
Kapa Research/To Vima,2010-07-01,26,39.1,11.2,3.8,6.8,NA,NA,NA,1002,NA,NA,NA,NA,NA,NA,NA,NA,NA,NA,NA,NA,NA,NA,NA,NA,NA,NA,NA
Rass/To Paron,2010-07-01,29,37.1,11.7,4.8,7.4,NA,NA,NA,2003,5,NA,NA,NA,NA,NA,NA,NA,NA,NA,NA,NA,NA,NA,NA,NA,NA,NA,NA
Alco/NewsIT,2010-06-24,27.9,40.5,12.9,4.5,6,NA,NA,NA,1000,2.6,NA,NA,NA,NA,NA,NA,NA,NA,NA,NA,NA,NA,NA,NA,NA,NA,NA,NA
MRB/Mega TV,2010-06-11,31.3,43.7,8.5,4.5,5.5,NA,NA,NA,2100,3,NA,NA,NA,NA,NA,NA,NA,NA,NA,NA,NA,NA,NA,NA,NA,NA,NA,NA
Public Issue/Skai–Kathimerini,2010-06-07,27,45,9.5,5.5,5.5,NA,NA,NA,1019,3.5,NA,NA,NA,NA,NA,NA,NA,NA,NA,NA,NA,NA,NA,NA,NA,NA,NA,NA
Alco/Proto Thema,2010-05-14,28.6,41.2,10.6,4.5,7,NA,NA,NA,1000,2.5,NA,NA,NA,NA,NA,NA,NA,NA,NA,NA,NA,NA,NA,NA,NA,NA,NA,NA
Marc/Ethnos,2010-05-13,27.1,40.5,10.8,5.1,7.2,NA,NA,NA,1028,3.7,NA,NA,NA,NA,NA,NA,NA,NA,NA,NA,NA,NA,NA,NA,NA,NA,NA,NA
Public Issue/Skai–Kathimerini,2010-05-10,27,45,10,6,6,NA,NA,NA,1006,3,NA,NA,NA,NA,NA,NA,NA,NA,NA,NA,NA,NA,NA,NA,NA,NA,NA,NA
MRB/Real News,2010-05-06,29.1,42.9,8.5,5,6,NA,NA,NA,1001,3,NA,NA,NA,NA,NA,NA,NA,NA,NA,NA,NA,NA,NA,NA,NA,NA,NA,NA
Kapa Research/To Vima,2010-04-29,29,43.2,9.4,4.6,5.9,NA,NA,NA,1256,NA,NA,NA,NA,NA,NA,NA,NA,NA,NA,NA,NA,NA,NA,NA,NA,NA,NA,NA
Alco/Proto Thema,2010-04-29,28.3,41,9,4.1,7.7,NA,NA,NA,1000,2.2,NA,NA,NA,NA,NA,NA,NA,NA,NA,NA,NA,NA,NA,NA,NA,NA,NA,NA
GPO/Mega TV,2010-04-26,28.2,41.1,11.9,4.3,9.3,NA,NA,NA,1409,2.6,NA,NA,NA,NA,NA,NA,NA,NA,NA,NA,NA,NA,NA,NA,NA,NA,NA,NA
Rass/To Paron,2010-04-22,29.6,40.9,10.3,4.3,5.9,NA,NA,NA,1001,2.9,NA,NA,NA,NA,NA,NA,NA,NA,NA,NA,NA,NA,NA,NA,NA,NA,NA,NA
Public Issue/Skai–Kathimerini,2010-04-12,30,46.5,8,5,6,NA,NA,NA,1016,2,NA,NA,NA,NA,NA,NA,NA,NA,NA,NA,NA,NA,NA,NA,NA,NA,NA,NA
Alco/Proto Thema,2010-04-01,29.7,43.1,8.5,4.6,7.4,NA,NA,NA,1000,2.8,NA,NA,NA,NA,NA,NA,NA,NA,NA,NA,NA,NA,NA,NA,NA,NA,NA,NA
MRB/Real News,2010-03-29,28.9,43.6,8.5,5,6.5,NA,NA,NA,1011,3,NA,NA,NA,NA,NA,NA,NA,NA,NA,NA,NA,NA,NA,NA,NA,NA,NA,NA
Rass/To Paron,2010-03-12,30.3,41.5,9.7,5.8,6.3,NA,NA,NA,1001,3.9,NA,NA,NA,NA,NA,NA,NA,NA,NA,NA,NA,NA,NA,NA,NA,NA,NA,NA
Marc/Ethnos,2010-03-10,28.5,42.4,10.4,5,8.4,NA,NA,NA,NA,2.2,NA,NA,NA,NA,NA,NA,NA,NA,NA,NA,NA,NA,NA,NA,NA,NA,NA,NA
Metron Analysis/Eleftheros Typos,2010-03-09,28.9,43,9.4,5.7,8.4,NA,NA,NA,2206,3.7,NA,NA,NA,NA,NA,NA,NA,NA,NA,NA,NA,NA,NA,NA,NA,NA,NA,NA
GPO/Mega TV,2010-03-08,28,42.2,11.6,5.4,9,NA,NA,NA,NA,2.4,NA,NA,NA,NA,NA,NA,NA,NA,NA,NA,NA,NA,NA,NA,NA,NA,NA,NA
Public Issue/Skai–Kathimerini,2010-03-08,30.5,47.5,7.5,5,6,NA,NA,NA,1006,1.5,NA,NA,NA,NA,NA,NA,NA,NA,NA,NA,NA,NA,NA,NA,NA,NA,NA,NA
Pulse RC/Eleftheros Typos,2010-03-05,27,44.5,10,5.5,8.5,NA,NA,NA,1577,1.5,NA,NA,NA,NA,NA,NA,NA,NA,NA,NA,NA,NA,NA,NA,NA,NA,NA,NA
MRB/Real News,2010-02-25,30.7,46.3,7.5,4.5,6.5,NA,NA,NA,1005,2,NA,NA,NA,NA,NA,NA,NA,NA,NA,NA,NA,NA,NA,NA,NA,NA,NA,NA
Public Issue/Skai–Kathimerini,2010-02-09,31.5,48,7.5,4.5,6,NA,NA,NA,1042,1,NA,NA,NA,NA,NA,NA,NA,NA,NA,NA,NA,NA,NA,NA,NA,NA,NA,NA
GPO/Mega TV,2010-01-18,32.4,44.6,7.8,4.7,6.1,NA,NA,NA,1043,3.3,NA,NA,NA,NA,NA,NA,NA,NA,NA,NA,NA,NA,NA,NA,NA,NA,NA,NA
Palmos Analysis,2010-01-13,31,47,7,4,5,NA,NA,NA,1042,3,NA,NA,NA,NA,NA,NA,NA,NA,NA,NA,NA,NA,NA,NA,NA,NA,NA,NA
Rass/Paraskevi+13,2010-01-13,34.8,44.6,7.1,4.3,4.5,NA,NA,NA,1503,3.3,NA,NA,NA,NA,NA,NA,NA,NA,NA,NA,NA,NA,NA,NA,NA,NA,NA,NA
Alco/NewsIT,2010-01-13,32.9,44.4,8.3,3.8,5.6,NA,NA,NA,1000,1.9,NA,NA,NA,NA,NA,NA,NA,NA,NA,NA,NA,NA,NA,NA,NA,NA,NA,NA
Public Issue/Skai–Kathimerini,2010-01-12,30.5,48,7.5,5.5,5.5,NA,NA,NA,1042,1.5,NA,NA,NA,NA,NA,NA,NA,NA,NA,NA,NA,NA,NA,NA,NA,NA,NA,NA
Alco/Proto Thema,2010-01-08,32.7,44.4,8.1,4.6,5.8,NA,NA,NA,1000,2.6,NA,NA,NA,NA,NA,NA,NA,NA,NA,NA,NA,NA,NA,NA,NA,NA,NA,NA
Marc/Ethnos,2010-01-07,32.7,44.7,7.6,4.4,5.9,NA,NA,NA,1001,1.8,NA,NA,NA,NA,NA,NA,NA,NA,NA,NA,NA,NA,NA,NA,NA,NA,NA,NA
Metron Analysis/Imerisia,2009-12-10,33.9,44.1,7.5,4.6,4.7,NA,NA,NA,996,3.9,NA,NA,NA,NA,NA,NA,NA,NA,NA,NA,NA,NA,NA,NA,NA,NA,NA,NA
Public Issue,2009-12-09,32,48,7.5,4.5,5,NA,NA,NA,1046,1.5,NA,NA,NA,NA,NA,NA,NA,NA,NA,NA,NA,NA,NA,NA,NA,NA,NA,NA
MRB/Mega TV,2009-12-07,35.2,44.3,7,4,4.5,NA,NA,NA,2100,2,NA,NA,NA,NA,NA,NA,NA,NA,NA,NA,NA,NA,NA,NA,NA,NA,NA,NA
Alco/NewsIT,2009-12-02,35.4,43.9,6.8,4.4,4,NA,NA,NA,1000,1.7,NA,NA,NA,NA,NA,NA,NA,NA,NA,NA,NA,NA,NA,NA,NA,NA,NA,NA
Metron Analysis/Imerisia,2009-11-28,30.7,44.7,8.6,4.7,6.6,NA,NA,NA,1204,3.3,NA,NA,NA,NA,NA,NA,NA,NA,NA,NA,NA,NA,NA,NA,NA,NA,NA,NA
Focus/Real News,2009-11-12,26.1,50.5,8,4.1,7.3,NA,NA,NA,1000,2.1,NA,NA,NA,NA,NA,NA,NA,NA,NA,NA,NA,NA,NA,NA,NA,NA,NA,NA
Public Issue/Skai–Kathimerini,2009-11-12,26,51.5,7.5,5,6,NA,NA,NA,1028,2.5,NA,NA,NA,NA,NA,NA,NA,NA,NA,NA,NA,NA,NA,NA,NA,NA,NA,NA
Public Issue/Skai–Kathimerini,2009-10-14,22,53,7.5,5,6,NA,NA,NA,1033,3.5,NA,NA,NA,NA,NA,NA,NA,NA,NA,NA,NA,NA,NA,NA,NA,NA,NA,NA
Metron Analysis/ANT1,2012-05-31,27.1,13.4,5.2,26.4,1.2,NA,NA,NA,1200,1.6,4.7,8,NA,NA,6.9,3.6,NA,NA,NA,NA,NA,NA,NA,NA,NA,NA,NA,NA
Marc/Alpha TV,2012-05-31,28.8,13.9,6.3,27,1.1,NA,NA,NA,1128,1.1,4.6,5.9,NA,NA,7,2.7,NA,NA,NA,NA,NA,NA,NA,NA,NA,NA,NA,NA
Kapa Research/Ta Nea,2012-05-31,30.3,11.5,6.6,27.4,1.7,NA,NA,NA,1012,1.5,5.9,5.1,NA,NA,6.2,1.7,NA,NA,NA,NA,NA,NA,NA,NA,NA,NA,NA,NA
Rass/Eleftheros Typos,2012-05-30,30,13.7,5.9,27.4,0.8,NA,NA,NA,1202,0.9,4.1,6.1,NA,NA,6.6,2.7,NA,NA,NA,NA,NA,NA,NA,NA,NA,NA,NA,NA
MRB/Real.gr,2012-05-30,27.6,14.6,4.7,26,1.5,NA,NA,NA,1010,1.3,5.4,6.6,NA,NA,7.1,3.3,NA,NA,NA,NA,NA,NA,NA,NA,NA,NA,NA,NA
Data RC/pelop.gr,2012-05-30,28.4,13.9,5.7,25.6,1.2,NA,NA,NA,1007,0.9,5.4,6.2,NA,NA,7,2.8,NA,NA,NA,NA,NA,NA,NA,NA,NA,NA,NA,NA
Alco/NewsIT,2012-05-30,28.4,14.2,5.7,25.7,1.1,NA,NA,NA,1000,1.6,5,5.9,NA,NA,7.3,2.5,NA,NA,NA,NA,NA,NA,NA,NA,NA,NA,NA,NA
Public Issue/Skai–Kathimerini,2012-05-30,25.5,13.5,5.5,31.5,NA,NA,NA,NA,1210,NA,4.5,7.5,NA,NA,5.5,2.5,NA,NA,NA,NA,NA,NA,NA,NA,NA,NA,NA,NA
Pulse RC/To Pontiki,2012-05-29,27,14.5,5.5,27,1.5,NA,NA,NA,1615,1,5.5,5.5,NA,NA,7.5,3,NA,NA,NA,NA,NA,NA,NA,NA,NA,NA,NA,NA
VPRC/Epikaira,2012-05-29,26.5,12.5,5.5,30,1,NA,NA,NA,1000,1.5,4.5,7.5,NA,NA,7.5,2,NA,NA,NA,NA,NA,NA,NA,NA,NA,NA,NA,NA
GPO/Mega TV,2012-05-29,26.6,15.3,6.7,25.1,2.3,NA,NA,NA,NA,0.6,4.8,5.8,NA,NA,8.4,3,NA,NA,NA,NA,NA,NA,NA,NA,NA,NA,NA,NA
Global Link/Pressing,2012-05-28,27,13.3,6.7,24.1,1.4,NA,NA,NA,NA,1.7,6.6,7,NA,NA,7.8,2.1,NA,NA,NA,NA,NA,NA,NA,NA,NA,NA,NA,NA
Alco/Proto Thema,2012-05-25,28.2,15.4,6.2,25.2,NA,NA,NA,NA,1000,1.7,5.1,5.1,NA,NA,7,3.1,NA,NA,NA,NA,NA,NA,NA,NA,NA,NA,NA,NA
Pulse RC/Typos tis Kyriakis,2012-05-24,26.5,15.5,5,26,1.5,NA,NA,NA,NA,1,5.5,5.5,NA,NA,7.5,3,NA,NA,NA,NA,NA,NA,NA,NA,NA,NA,NA,NA
Kapa Research/To Vima,2012-05-24,28.9,14.6,7.1,22.5,2.2,NA,NA,NA,NA,2.4,5.8,5.9,NA,NA,6.1,2.7,NA,NA,NA,NA,NA,NA,NA,NA,NA,NA,NA,NA
Rass/metro,2012-05-24,27.6,15.3,5.6,25.1,0.9,NA,NA,NA,1003,2.1,4.4,7.3,NA,NA,6.8,2.8,NA,NA,NA,NA,NA,NA,NA,NA,NA,NA,NA,NA
Metron Analysis/ANT1,2012-05-24,27,14.8,5.2,27.2,1.2,NA,NA,NA,NA,1.6,4.9,6.2,NA,NA,7.2,3,NA,NA,NA,NA,NA,NA,NA,NA,NA,NA,NA,NA
Marc/Ethnos,2012-05-24,27.7,15.2,5.5,25.5,1.7,NA,NA,NA,1075,1.8,4.4,6.3,NA,NA,7.7,2.4,NA,NA,NA,NA,NA,NA,NA,NA,NA,NA,NA,NA
VPRC/Kontra Channel,2012-05-24,26,12.5,5,28.5,0.5,NA,NA,NA,1015,2,5.5,7,NA,NA,7,3,NA,NA,NA,NA,NA,NA,NA,NA,NA,NA,NA,NA
MRB/Real News,2012-05-23,27.1,14.7,5.2,25.6,1.1,NA,NA,NA,1002,1.1,5.2,6.1,NA,NA,7.7,4.4,NA,NA,NA,NA,NA,NA,NA,NA,NA,NA,NA,NA
Data RC/pelop.gr,2012-05-23,29.4,13.3,5.8,28.8,0.4,NA,NA,NA,1019,1.4,6.4,4.1,NA,NA,6.6,1.4,NA,NA,NA,NA,NA,NA,NA,NA,NA,NA,NA,NA
Public Issue/Skai–Kathimerini,2012-05-23,26,15.5,5,30,NA,NA,NA,NA,1214,NA,4,6.5,NA,NA,8,3,NA,NA,NA,NA,NA,NA,NA,NA,NA,NA,NA,NA
Alco/Proto Thema,2012-05-18,26.3,15.3,5.9,24.3,1.7,NA,NA,NA,1000,1.1,4.3,6.8,1.4,NA,8.3,1.8,NA,NA,NA,NA,NA,NA,NA,NA,NA,NA,NA,NA
Metron Analysis/Crisis Monitor,2012-05-17,23.8,17.4,5.8,25.1,1.8,NA,NA,NA,1207,NA,4.8,6.3,NA,NA,7.8,2.8,NA,NA,NA,NA,NA,NA,NA,NA,NA,NA,NA,NA
MRB/Real News,2012-05-17,24.4,14.5,5.9,23.8,1.3,NA,NA,NA,1006,2.3,5.8,6.9,1.7,NA,8.5,1.9,0.7,NA,NA,NA,NA,NA,NA,NA,NA,NA,NA,NA
Public Issue/Skai–Kathimerini,2012-05-17,24,15,5,28,NA,NA,NA,NA,1015,1.5,4.5,7,NA,NA,8,3,NA,NA,NA,NA,NA,NA,NA,NA,NA,NA,NA,NA
Marc/Alpha TV,2012-05-17,26.1,14.9,5.8,23.7,1.5,NA,NA,NA,1027,1.8,4.8,6.3,1.6,NA,8.1,2,1,NA,NA,NA,NA,NA,NA,NA,NA,NA,NA,NA
Pulse RC/To Pontiki,2012-05-16,21.5,15.5,6,24.5,2,NA,NA,NA,1206,2,6,6,2,NA,8,2,2,NA,NA,NA,NA,NA,NA,NA,NA,NA,NA,NA
Rass/Eleftheros Typos,2012-05-16,23.1,13.4,6.3,24.9,2.2,NA,NA,NA,1203,1.5,4.2,7.1,2.9,NA,8.4,2.3,NA,NA,NA,NA,NA,NA,NA,NA,NA,NA,NA,NA
Rass/Eleftheros Typos,2012-05-11,22.4,13.6,5.5,23.7,2.3,NA,NA,NA,1002,2.1,4.4,7.2,2.8,NA,9,2.7,NA,NA,NA,NA,NA,NA,NA,NA,NA,NA,NA,NA
Kapa Research/To Vima,2012-05-10,20.3,13.7,7.3,23,2.7,NA,NA,NA,1007,2.8,6.5,5.6,2.8,NA,9.2,2.5,1.5,NA,NA,NA,NA,NA,NA,NA,NA,NA,NA,NA
Metron Analysis/Ependytis,2012-05-10,21.7,14.6,5.3,25.5,1.8,NA,NA,NA,NA,2.6,4.7,5.4,1.9,NA,10.5,1.8,1.6,NA,NA,NA,NA,NA,NA,NA,NA,NA,NA,NA
Marc/Alpha TV,2012-05-09,20.3,12.6,7,27.7,2.3,NA,NA,NA,1021,1.7,5.7,4.9,1.5,NA,10.2,1.8,1.5,NA,NA,NA,NA,NA,NA,NA,NA,NA,NA,NA
Kapa Research,2015-01-25,26.5,NA,5.5,35.5,NA,NA,NA,NA,6000,NA,6.5,NA,NA,NA,NA,NA,NA,NA,2.7,NA,NA,NA,NA,NA,NA,NA,NA,NA
GPO,2015-01-23,29.6,5.5,5.4,NA,NA,NA,NA,NA,NA,NA,5.6,NA,NA,NA,3.9,NA,NA,5.5,3.2,NA,NA,NA,NA,NA,NA,NA,NA,NA
MRB,2015-01-23,NA,4.6,5.2,35.9,NA,NA,NA,NA,NA,NA,6.3,NA,NA,NA,3.7,NA,NA,7.5,2.8,NA,NA,NA,NA,NA,NA,NA,NA,NA
Interview,2015-01-23,29.9,4.7,4.7,36.6,NA,NA,NA,NA,1005,NA,6.7,NA,NA,NA,2.7,NA,NA,6.1,1.9,NA,NA,NA,NA,NA,NA,NA,NA,NA
Kapa Research,2015-01-23,31.7,5.4,5.2,35.2,NA,NA,NA,NA,1019,NA,6.4,NA,NA,NA,NA,NA,NA,5.8,2.9,NA,NA,NA,NA,NA,NA,NA,NA,NA
PAMAK,2015-01-23,28.5,5.5,NA,NA,NA,NA,NA,NA,1048,NA,6.5,0.5,NA,NA,NA,NA,NA,7.5,1.5,NA,NA,NA,NA,NA,NA,NA,NA,NA
Alco,2015-01-23,30.1,5.1,4.2,37.6,NA,NA,NA,NA,1000,NA,6.2,1.1,NA,NA,4.1,NA,NA,6.2,2.6,NA,NA,NA,NA,NA,NA,NA,NA,NA
Palmos Analysis,2015-01-23,25.5,4.5,NA,36.5,NA,NA,NA,NA,1019,NA,6.5,NA,NA,NA,NA,NA,NA,7.5,NA,NA,NA,NA,NA,NA,NA,NA,NA,NA
Public Issue,2015-01-23,NA,NA,NA,NA,NA,NA,NA,NA,1033,NA,6.5,0.5,NA,NA,3.5,NA,NA,7.5,2.5,NA,NA,NA,NA,NA,NA,NA,NA,NA
Metron Analysis,2015-01-23,NA,4.5,NA,36.5,NA,NA,NA,NA,2509,NA,NA,NA,NA,NA,3.5,NA,NA,NA,2.5,NA,NA,NA,NA,NA,NA,NA,NA,NA
Pulse RC,2015-01-22,NA,5.5,NA,35.5,NA,NA,NA,NA,NA,NA,NA,NA,NA,NA,NA,NA,NA,6.5,NA,NA,NA,NA,NA,NA,NA,NA,NA,NA
GPO,2015-01-22,29.6,4.9,5.6,36.3,NA,NA,NA,NA,NA,NA,5.6,1.1,NA,NA,3.8,NA,NA,6.5,3.3,NA,NA,NA,NA,NA,NA,NA,NA,NA
Palmos Analysis,2015-01-22,NA,4.5,5.5,NA,NA,NA,NA,NA,1221,NA,7.5,NA,NA,NA,3.5,NA,NA,7.5,NA,NA,NA,NA,NA,NA,NA,NA,NA,NA
AUEB-STAT,2015-01-22,NA,NA,NA,33.9,NA,NA,NA,NA,5593,NA,6.1,0.6,NA,NA,4.3,NA,NA,5.8,NA,NA,NA,NA,NA,NA,NA,NA,NA,NA
Rass,2015-01-21,29.2,4.7,5.9,34.5,NA,NA,NA,NA,1003,NA,5.6,NA,NA,NA,4.2,NA,NA,NA,2.8,NA,NA,NA,NA,NA,NA,NA,NA,NA
Marc,2015-01-21,28.7,4.4,4.9,36.8,NA,NA,NA,NA,1153,NA,6.9,1.1,NA,NA,3.4,NA,NA,NA,2.6,NA,NA,NA,NA,NA,NA,NA,NA,NA
Metron Analysis,2015-01-21,30.7,NA,4.9,NA,NA,NA,NA,NA,NA,NA,5.4,NA,NA,NA,4.2,NA,NA,7.2,1.6,NA,NA,NA,NA,NA,NA,NA,NA,NA
Metrisi,2015-01-21,32.5,5.3,4.6,34.7,NA,NA,NA,NA,1008,NA,5.8,0.8,NA,NA,2.9,NA,NA,5.7,2.6,NA,NA,NA,NA,NA,NA,NA,NA,NA
Public Issue,2015-01-21,NA,5.5,NA,NA,NA,NA,NA,NA,1010,NA,6.5,0.5,NA,NA,3.5,NA,NA,NA,2.5,NA,NA,NA,NA,NA,NA,NA,NA,NA
ProRata,2015-01-20,27.5,5.5,NA,NA,NA,NA,NA,NA,NA,NA,6.5,0.5,NA,NA,NA,NA,NA,7.5,NA,NA,NA,NA,NA,NA,NA,NA,NA,NA
Pulse RC,2015-01-20,30.5,NA,5.5,NA,NA,NA,NA,NA,1207,NA,6.5,NA,NA,NA,3.5,NA,NA,NA,NA,NA,NA,NA,NA,NA,NA,NA,NA,NA
Rass,2015-01-20,30.3,4.5,6.2,35.1,NA,NA,NA,NA,1003,NA,5.1,NA,NA,NA,3.5,NA,NA,7.1,2.5,NA,NA,NA,NA,NA,NA,NA,NA,NA
E-Voice,2015-01-20,29.6,5.1,NA,33.3,NA,NA,NA,NA,1000,NA,6.1,NA,NA,NA,4.3,NA,NA,6.1,2.9,NA,NA,NA,NA,NA,NA,NA,NA,NA
Alco,2015-01-20,31.4,4.6,4.8,37.1,NA,NA,NA,NA,1000,NA,5.3,1.2,NA,NA,3.5,NA,NA,6.5,2.3,NA,NA,NA,NA,NA,NA,NA,NA,NA
GPO,2015-01-19,30.1,5.8,5.5,34.7,NA,NA,NA,NA,1202,NA,5.9,1.1,NA,NA,3.4,NA,NA,5.9,2.9,NA,NA,NA,NA,NA,NA,NA,NA,NA
PAMAK,2015-01-18,29.5,NA,NA,36.5,NA,NA,NA,NA,1014,NA,NA,0.5,NA,NA,3.5,NA,NA,NA,1.5,NA,NA,NA,NA,NA,NA,NA,NA,NA
Metrisi,2015-01-18,30.2,4.4,4.4,32.4,NA,NA,NA,NA,1008,NA,5.1,0.7,NA,NA,2.2,NA,NA,5.6,2.5,NA,NA,NA,NA,NA,NA,NA,NA,NA
E-Voice,2015-01-17,30.4,4.5,5.6,33.9,NA,NA,NA,NA,NA,NA,6.4,NA,NA,NA,4.2,NA,NA,5.5,2.8,NA,NA,NA,NA,NA,NA,NA,NA,NA
Alco,2015-01-17,NA,4.8,4.8,37.2,NA,NA,NA,NA,1000,NA,5.6,NA,NA,NA,3.8,NA,NA,NA,2.6,NA,NA,NA,NA,NA,NA,NA,NA,NA
ToThePoint,2015-01-15,30.6,6.5,6.5,34.6,NA,NA,NA,NA,1002,NA,6.6,NA,NA,NA,NA,NA,NA,NA,2.3,NA,NA,NA,NA,NA,NA,NA,NA,NA
Rass,2015-01-15,30.2,4.9,6.1,34.7,NA,NA,NA,NA,1003,NA,5.9,NA,NA,NA,4.1,NA,NA,7.1,2.5,NA,NA,NA,NA,NA,NA,NA,NA,NA
Interview,2015-01-15,NA,4.1,4.7,35.2,NA,NA,NA,NA,1000,NA,5.8,0.8,NA,NA,2.1,NA,NA,5.9,2.3,NA,NA,NA,NA,NA,NA,NA,NA,NA
Kapa Research,2015-01-15,31.8,5.7,5.5,35.3,NA,NA,NA,NA,1037,NA,5.3,NA,NA,NA,3.1,NA,NA,6.1,3.1,NA,NA,NA,NA,NA,NA,NA,NA,NA
Metron Analysis,2015-01-15,30.8,4.2,5.1,35.4,NA,NA,NA,NA,1405,NA,5.4,NA,NA,NA,NA,NA,NA,7.1,2.7,NA,NA,NA,NA,NA,NA,NA,NA,NA
Palmos Analysis,2015-01-15,NA,NA,5.5,34.5,NA,NA,NA,NA,1098,NA,6.5,NA,NA,NA,NA,NA,NA,NA,NA,NA,NA,NA,NA,NA,NA,NA,NA,NA
Public Issue,2015-01-15,30.5,NA,NA,35.5,NA,NA,NA,NA,1009,NA,6.5,1.5,NA,NA,NA,NA,NA,NA,NA,NA,NA,NA,NA,NA,NA,NA,NA,NA
Pulse RC,2015-01-14,NA,6.5,NA,34.5,NA,NA,NA,NA,1205,NA,6.5,NA,NA,NA,3.5,NA,NA,NA,NA,NA,NA,NA,NA,NA,NA,NA,NA,NA
AUEB-STAT,2015-01-14,28.6,6.4,5.8,33.4,NA,NA,NA,NA,6589,NA,5.5,NA,NA,NA,3.8,NA,NA,6.7,3.1,NA,NA,NA,NA,NA,NA,NA,NA,NA
Metrisi,2015-01-13,31.8,4.7,NA,34.3,NA,NA,NA,NA,1000,NA,5.2,1.2,NA,NA,2.3,NA,NA,6.1,3.1,NA,NA,NA,NA,NA,NA,NA,NA,NA
Alco,2015-01-13,32.4,4.2,4.7,36.4,NA,NA,NA,NA,1000,NA,5.8,NA,NA,NA,NA,NA,NA,5.9,2.8,NA,NA,NA,NA,NA,NA,NA,NA,NA
Rass,2015-01-12,32.1,4.2,5.2,35.6,NA,NA,NA,NA,1002,NA,5.7,NA,NA,NA,3.2,NA,NA,6.8,2.7,NA,NA,NA,NA,NA,NA,NA,NA,NA
PAMAK,2015-01-12,29.5,3.5,6.5,34.5,NA,NA,NA,NA,1025,NA,6.5,0.5,NA,NA,3.5,NA,NA,NA,NA,NA,NA,NA,NA,NA,NA,NA,NA,NA
Interview,2015-01-11,31.8,4.9,4.9,34.1,NA,NA,NA,NA,1000,NA,6.1,0.2,NA,NA,NA,NA,NA,6.6,2.4,NA,NA,NA,NA,NA,NA,NA,NA,NA
Data RC,2015-01-09,29.5,4.1,NA,35.3,NA,NA,NA,NA,1025,NA,5.2,NA,NA,NA,2.7,NA,NA,7.1,2.6,NA,NA,NA,NA,NA,NA,NA,NA,NA
Alco,2015-01-09,33.1,4.7,4.4,36.9,NA,NA,NA,NA,1000,NA,NA,NA,NA,NA,2.6,NA,NA,5.3,2.8,NA,NA,NA,NA,NA,NA,NA,NA,NA
Metrisi,2015-01-09,31.6,5.5,5.2,34.4,NA,NA,NA,NA,1005,NA,5.9,1.4,NA,NA,2.5,NA,NA,5.8,3.3,NA,NA,NA,NA,NA,NA,NA,NA,NA
Pulse RC,2015-01-09,30.5,6.5,NA,34.5,NA,NA,NA,NA,1183,NA,6.5,NA,NA,NA,3.5,NA,NA,6.5,NA,NA,NA,NA,NA,NA,NA,NA,NA,NA
Public Issue,2015-01-09,NA,5.5,NA,NA,NA,NA,NA,NA,1005,NA,5.5,NA,NA,NA,NA,NA,NA,NA,1.5,NA,NA,NA,NA,NA,NA,NA,NA,NA
E-Voice,2015-01-08,31.1,4.4,5.9,34.8,NA,NA,NA,NA,NA,NA,5.2,NA,NA,NA,1.9,NA,NA,5.7,2.2,NA,NA,NA,NA,NA,NA,NA,NA,NA
Kapa Research,2015-01-08,29.9,6.1,5.9,NA,NA,NA,NA,NA,1010,NA,6.3,NA,NA,NA,3.1,NA,NA,7.6,3.3,NA,NA,NA,NA,NA,NA,NA,NA,NA
Rass,2015-01-08,32.3,NA,5.7,35.5,NA,NA,NA,NA,1003,NA,6.2,NA,NA,NA,NA,NA,NA,NA,2.6,NA,NA,NA,NA,NA,NA,NA,NA,NA
MRB,2015-01-08,30.1,5.5,5.7,33.7,NA,NA,NA,NA,1009,NA,5.4,1.1,NA,NA,3.1,NA,NA,6.8,2.9,NA,NA,NA,NA,NA,NA,NA,NA,NA
Metron Analysis,2015-01-08,NA,4.1,5.3,34.1,NA,NA,NA,NA,1607,NA,5.6,NA,NA,NA,3.5,NA,NA,8.4,2.8,NA,NA,NA,NA,NA,NA,NA,NA,NA
Marc,2015-01-08,30.3,4.4,5.7,33.9,NA,NA,NA,NA,1007,NA,6.3,NA,NA,NA,3.1,NA,NA,6.4,NA,NA,NA,NA,NA,NA,NA,NA,NA,NA
Palmos Analysis,2015-01-08,NA,3.5,5.5,NA,NA,NA,NA,NA,1119,NA,7.5,NA,NA,NA,NA,NA,NA,7.5,NA,NA,NA,NA,NA,NA,NA,NA,NA,NA
GPO,2015-01-07,29.4,5.8,6.6,33.1,NA,NA,NA,NA,NA,NA,6.3,NA,NA,NA,3.1,NA,NA,6.7,NA,NA,NA,NA,NA,NA,NA,NA,NA,NA
ProRata,2015-01-07,NA,3.5,6.5,37.5,NA,NA,NA,NA,1145,NA,5.5,NA,NA,NA,2.5,NA,NA,6.5,NA,NA,NA,NA,NA,NA,NA,NA,NA,NA
Pulse RC,2015-01-06,NA,6.5,NA,NA,NA,NA,NA,NA,1287,NA,6.5,NA,NA,NA,3.5,NA,NA,6.5,NA,NA,NA,NA,NA,NA,NA,NA,NA,NA
Interview,2015-01-06,30.5,4.4,5.6,32.9,NA,NA,NA,NA,NA,NA,6.9,0.2,NA,NA,2.1,NA,NA,7.6,2.5,NA,NA,NA,NA,NA,NA,NA,NA,NA
Alco,2015-01-06,34.1,4.3,4.5,37.7,NA,NA,NA,NA,1000,NA,4.9,NA,NA,NA,2.6,NA,NA,NA,NA,NA,NA,NA,NA,NA,NA,NA,NA,NA
Palmos Analysis,2015-01-03,NA,NA,5.5,35.5,NA,NA,NA,NA,1006,NA,6.5,NA,NA,NA,NA,NA,NA,6.5,NA,NA,NA,NA,NA,NA,NA,NA,NA,NA
E-Voice,2015-01-02,30.1,4.3,5.5,34.1,NA,NA,NA,NA,NA,NA,5.3,NA,NA,NA,3.3,NA,NA,6.8,NA,NA,NA,NA,NA,NA,NA,NA,NA,NA
Interview,2014-12-31,30.5,NA,6.1,33.3,NA,NA,NA,NA,NA,NA,6.1,0.9,NA,NA,2.4,NA,NA,6.1,NA,NA,NA,NA,NA,NA,NA,NA,NA,NA
Rass,2014-12-30,33.2,4.3,5.8,NA,NA,NA,NA,NA,1002,NA,4.6,NA,NA,NA,NA,NA,NA,5.7,NA,NA,NA,NA,NA,NA,NA,NA,NA,NA
PAMAK,2014-12-30,29.5,4.5,NA,34.5,NA,NA,NA,NA,1011,NA,NA,0.5,NA,NA,2.5,NA,NA,NA,NA,NA,NA,NA,NA,NA,NA,NA,NA,NA
Marc,2014-12-28,28.9,5.3,6.2,32.3,NA,NA,NA,NA,1017,NA,6.8,1.2,NA,NA,3.5,NA,NA,NA,NA,NA,NA,NA,NA,NA,NA,NA,NA,NA
Palmos Analysis,2014-12-28,NA,4.5,NA,NA,NA,NA,NA,NA,1029,NA,NA,NA,NA,NA,3.5,NA,NA,9.5,NA,NA,NA,NA,NA,NA,NA,NA,NA,NA
Interview,2014-12-27,29.1,6.4,6.5,NA,NA,NA,NA,NA,NA,NA,6.8,0.7,NA,NA,2.4,NA,NA,5.5,NA,NA,NA,NA,NA,NA,NA,NA,NA,NA
Kapa Research,2014-12-24,30.3,7.5,7.1,33.3,NA,NA,NA,NA,1005,NA,6.7,NA,NA,NA,3.1,NA,NA,7.1,NA,NA,NA,NA,NA,NA,NA,NA,NA,NA
Marc,2014-12-23,27.9,5.1,NA,31.9,NA,NA,NA,NA,1003,NA,6.4,1.4,NA,NA,3.7,NA,NA,6.5,NA,NA,NA,NA,NA,NA,NA,NA,NA,NA
Palmos Analysis,2014-12-22,27.5,NA,NA,32.5,NA,NA,NA,NA,1019,NA,NA,NA,NA,NA,4.5,NA,NA,7.5,NA,NA,NA,NA,NA,NA,NA,NA,NA,NA
Alco,2014-12-21,30.9,5.7,5.2,NA,NA,NA,NA,NA,1000,NA,6.4,NA,NA,NA,3.7,NA,NA,5.4,NA,NA,NA,NA,NA,NA,NA,NA,NA,NA
Pulse RC,2014-12-21,29.5,7.5,NA,33.5,NA,NA,NA,NA,1003,NA,6.5,NA,NA,NA,NA,NA,NA,6.5,NA,NA,NA,NA,NA,NA,NA,NA,NA,NA
PatrisNews,2014-12-21,24.4,8.7,4.6,32.2,NA,NA,NA,NA,NA,NA,10.8,NA,NA,NA,4.2,NA,NA,5.3,NA,NA,NA,NA,NA,NA,NA,NA,NA,NA
Interview,2014-12-20,30.3,6.2,6.3,33.3,NA,NA,NA,NA,1000,NA,5.5,1.1,NA,NA,2.2,NA,NA,5.5,NA,NA,NA,NA,NA,NA,NA,NA,NA,NA
Rass,2014-12-18,29.3,5.7,6.5,33.5,NA,NA,NA,NA,1002,NA,5.4,NA,NA,NA,3.5,NA,NA,7.2,NA,NA,NA,NA,NA,NA,NA,NA,NA,NA
Marc,2014-12-17,28.4,5.5,6.4,32.5,NA,NA,NA,NA,NA,NA,6.6,1.6,NA,NA,3.4,NA,NA,6.4,NA,NA,NA,NA,NA,NA,NA,NA,NA,NA
PAMAK,2014-12-17,NA,5.5,5.5,35.5,NA,NA,NA,NA,NA,NA,NA,0.5,NA,NA,3.5,NA,NA,7.5,NA,NA,NA,NA,NA,NA,NA,NA,NA,NA
Public Issue,2014-12-17,29.5,NA,NA,36.5,NA,NA,NA,NA,1010,NA,NA,NA,NA,NA,3.5,NA,NA,8.5,NA,NA,NA,NA,NA,NA,NA,NA,NA,NA
Palmos Analysis,2014-12-16,NA,4.5,NA,34.5,NA,NA,NA,NA,1024,NA,6.5,NA,NA,NA,NA,NA,NA,6.5,NA,NA,NA,NA,NA,NA,NA,NA,NA,NA
Interview,2014-12-15,30.3,6.1,NA,33.6,NA,NA,NA,NA,NA,NA,5.8,1.1,NA,NA,2.2,NA,NA,5.1,NA,NA,NA,NA,NA,NA,NA,NA,NA,NA
GPO,2014-12-15,27.8,6.1,6.6,33.7,NA,NA,NA,NA,1202,NA,NA,NA,NA,NA,3.3,NA,NA,6.1,NA,NA,NA,NA,NA,NA,NA,NA,NA,NA
VCitizens,2014-12-14,NA,4.5,7.1,33.7,NA,NA,NA,NA,800,NA,8.8,1.4,NA,NA,3.5,NA,NA,6.1,0.7,NA,NA,NA,NA,NA,NA,NA,NA,NA
Pulse RC,2014-12-13,28.5,8.5,NA,32.5,NA,NA,NA,NA,1004,NA,NA,NA,NA,NA,NA,NA,NA,6.5,NA,NA,NA,NA,NA,NA,NA,NA,NA,NA
MRB,2014-12-13,26.7,NA,6.4,30.8,NA,NA,NA,NA,1014,NA,5.7,1.9,NA,NA,3.6,NA,NA,7.3,NA,NA,NA,NA,NA,NA,NA,NA,NA,NA
Interview,2014-12-12,30.5,6.5,5.5,NA,NA,NA,NA,NA,1000,NA,4.6,1.5,NA,NA,2.6,NA,NA,4.9,NA,NA,NA,NA,NA,NA,NA,NA,NA,NA
Alco,2014-12-12,30.3,6.3,5.5,34.8,NA,NA,NA,NA,1000,NA,7.1,NA,NA,NA,3.7,NA,NA,5.2,NA,NA,NA,NA,NA,NA,NA,NA,NA,NA
Kapa Research,2014-12-11,28.4,8.4,7.3,NA,NA,NA,NA,NA,1014,NA,7.4,NA,NA,NA,3.4,NA,NA,7.5,NA,NA,NA,NA,NA,NA,NA,NA,NA,NA
Interview,2014-12-10,30.5,5.7,6.7,34.2,NA,NA,NA,NA,1004,NA,5.2,0.8,NA,NA,2.1,NA,NA,5.4,NA,NA,NA,NA,NA,NA,NA,NA,NA,NA
ProRata,2014-12-10,NA,NA,6.5,NA,NA,NA,NA,NA,1008,NA,6.5,0.5,NA,NA,NA,NA,NA,NA,NA,NA,NA,NA,NA,NA,NA,NA,NA,NA
Metron Analysis,2014-12-10,28.6,5.8,5.6,32.8,NA,NA,NA,NA,1000,NA,5.6,NA,NA,NA,3.4,NA,NA,9.2,NA,NA,NA,NA,NA,NA,NA,NA,NA,NA
MRB,2014-12-10,25.9,6.6,6.5,NA,NA,NA,NA,NA,2000,NA,6.4,1.5,NA,NA,3.8,NA,NA,7.6,NA,NA,NA,NA,NA,NA,NA,NA,NA,NA
Alco,2014-12-09,29.6,NA,5.5,35.7,NA,NA,NA,NA,1000,NA,6.9,NA,NA,NA,4.2,NA,NA,5.5,NA,NA,NA,NA,NA,NA,NA,NA,NA,NA
Pulse RC,2014-12-06,26.5,NA,6.5,32.5,NA,NA,NA,NA,1007,NA,7.5,NA,NA,NA,NA,NA,NA,NA,NA,NA,NA,NA,NA,NA,NA,NA,NA,NA
Interview,2014-12-05,30.4,6.5,5.5,NA,NA,NA,NA,NA,1005,NA,4.6,1.7,NA,NA,2.6,NA,NA,4.9,NA,NA,NA,NA,NA,NA,NA,NA,NA,NA
Metron Analysis,2014-12-03,27.8,5.4,5.6,NA,NA,NA,NA,NA,NA,NA,NA,NA,NA,NA,3.8,NA,NA,9.7,NA,NA,NA,NA,NA,NA,NA,NA,NA,NA
Pulse RC,2014-11-29,NA,NA,6.5,32.5,NA,NA,NA,NA,1018,NA,NA,NA,NA,NA,NA,NA,NA,7.5,NA,NA,NA,NA,NA,NA,NA,NA,NA,NA
Palmos Analysis,2014-11-27,NA,NA,6.5,34.5,NA,NA,NA,NA,1010,NA,NA,0.5,NA,NA,4.5,NA,NA,NA,NA,NA,NA,NA,NA,NA,NA,NA,NA,NA
Metron Analysis,2014-11-26,28.2,6.4,6.6,33.1,NA,NA,NA,NA,1004,NA,6.1,NA,NA,NA,3.7,NA,NA,7.5,NA,NA,NA,NA,NA,NA,NA,NA,NA,NA
PAMAK,2014-11-24,NA,NA,6.5,NA,NA,NA,NA,NA,1039,NA,NA,NA,NA,NA,3.5,NA,NA,NA,NA,NA,NA,NA,NA,NA,NA,NA,NA,NA
Pulse RC,2014-11-22,NA,NA,NA,NA,NA,NA,NA,NA,NA,NA,7.5,NA,NA,NA,NA,NA,NA,NA,NA,NA,NA,NA,NA,NA,NA,NA,NA,NA
Kapa Research,2014-11-19,27.3,8.4,7.3,31.8,NA,NA,NA,NA,1008,NA,7.5,NA,NA,NA,3.9,NA,NA,8.1,NA,NA,NA,NA,NA,NA,NA,NA,NA,NA
Metron Analysis,2014-11-19,26.3,5.2,6.2,32.9,NA,NA,NA,NA,1001,NA,NA,NA,NA,NA,NA,NA,NA,8.3,NA,NA,NA,NA,NA,NA,NA,NA,NA,NA
MRB,2014-11-19,25.1,5.1,6.4,30.6,NA,NA,NA,NA,1011,NA,6.3,1.4,NA,NA,NA,NA,NA,9.6,NA,NA,NA,NA,NA,NA,NA,NA,NA,NA
Public Issue,2014-11-17,NA,NA,6.5,38.5,NA,NA,NA,NA,1005,NA,NA,NA,NA,NA,NA,NA,NA,8.5,NA,NA,NA,NA,NA,NA,NA,NA,NA,NA
Metron Analysis,2014-11-12,26.5,5.3,6.1,31.3,NA,NA,NA,NA,1001,NA,5.8,1.6,NA,NA,3.8,NA,NA,NA,NA,NA,NA,NA,NA,NA,NA,NA,NA,NA
Interview,2014-11-06,NA,5.9,5.2,33.3,NA,NA,NA,NA,1005,NA,4.1,1.5,NA,NA,3.5,NA,NA,5.8,NA,NA,NA,NA,NA,NA,NA,NA,NA,NA
Metron Analysis,2014-11-05,26.5,5.1,5.3,32.6,NA,NA,NA,NA,NA,NA,5.9,NA,NA,NA,4.8,NA,NA,10.3,NA,NA,NA,NA,NA,NA,NA,NA,NA,NA
Palmos Analysis,2014-11-03,23.5,5.5,5.5,NA,NA,NA,NA,NA,1017,NA,NA,NA,NA,NA,NA,NA,NA,NA,NA,NA,NA,NA,NA,NA,NA,NA,NA,NA
Rass,2014-10-31,26.8,5.2,6.9,33.5,NA,NA,NA,NA,1002,NA,6.5,1.3,NA,NA,3.8,NA,NA,7.4,NA,NA,NA,NA,NA,NA,NA,NA,NA,NA
Metrisi,2014-10-30,28.3,6.2,6.3,NA,NA,NA,NA,NA,1008,NA,7.5,1.1,NA,NA,2.7,NA,NA,6.5,NA,NA,NA,NA,NA,NA,NA,NA,NA,NA
Alco,2014-10-23,29.8,5.1,5.5,35.4,NA,NA,NA,NA,1000,NA,6.9,NA,NA,NA,3.7,NA,NA,5.7,NA,NA,NA,NA,NA,NA,NA,NA,NA,NA
Pulse RC,2014-10-21,26.5,NA,6.5,32.5,NA,NA,NA,NA,1222,NA,8.5,NA,NA,NA,3.5,NA,NA,NA,NA,NA,NA,NA,NA,NA,NA,NA,NA,NA
Public Issue,2014-10-20,NA,NA,6.5,35.5,NA,NA,NA,NA,1007,NA,NA,NA,NA,NA,NA,NA,NA,10.5,NA,NA,NA,NA,NA,NA,NA,NA,NA,NA
Metron Analysis,2014-10-15,26.1,4.7,6.8,32.9,NA,NA,NA,NA,1001,NA,6.3,NA,NA,NA,4.7,NA,NA,8.5,NA,NA,NA,NA,NA,NA,NA,NA,NA,NA
Kapa Research,2014-10-15,27.5,6.8,6.2,32.1,NA,NA,NA,NA,1028,NA,7.5,1.3,NA,NA,4.5,NA,NA,6.6,NA,NA,NA,NA,NA,NA,NA,NA,NA,NA
PAMAK,2014-10-15,NA,NA,6.5,NA,NA,NA,NA,NA,1015,NA,NA,0.5,NA,NA,NA,NA,NA,NA,NA,NA,NA,NA,NA,NA,NA,NA,NA,NA
GPO,2014-10-13,25.3,NA,7.2,33.5,NA,NA,NA,NA,1202,NA,7.2,NA,NA,NA,3.8,NA,NA,7.5,NA,NA,NA,NA,NA,NA,NA,NA,NA,NA
Metrisi,2014-10-10,28.9,6.5,6.5,32.6,NA,NA,NA,NA,1008,NA,8.2,1.1,NA,NA,2.9,NA,NA,5.5,NA,NA,NA,NA,NA,NA,NA,NA,NA,NA
Metron Analysis,2014-10-08,26.2,4.6,5.3,34.1,NA,NA,NA,NA,1000,NA,NA,1.3,NA,NA,3.3,NA,NA,9.1,NA,NA,NA,NA,NA,NA,NA,NA,NA,NA
Palmos Analysis,2014-10-08,NA,6.5,NA,35.5,NA,NA,NA,NA,1014,NA,NA,NA,NA,NA,NA,NA,NA,7.5,NA,NA,NA,NA,NA,NA,NA,NA,NA,NA
AUEB-STAT,2014-10-04,23.7,6.8,6.4,34.1,NA,NA,NA,NA,2878,NA,10.5,0.8,NA,NA,3.3,NA,NA,7.4,NA,NA,NA,NA,NA,NA,NA,NA,NA,NA
E-Voice,2014-10-02,25.3,5.6,6.4,30.7,NA,NA,NA,NA,1001,NA,7.7,1.2,NA,NA,2.9,NA,NA,6.7,NA,NA,NA,NA,NA,NA,NA,NA,NA,NA
Public Issue,2014-09-23,NA,5.5,6.5,NA,NA,NA,NA,NA,1008,NA,7.5,NA,NA,NA,NA,NA,NA,9.5,NA,NA,NA,NA,NA,NA,NA,NA,NA,NA
Rass,2014-09-18,27.8,5.3,NA,32.6,NA,NA,NA,NA,1001,NA,8.5,1.3,NA,NA,NA,NA,NA,5.9,NA,NA,NA,NA,NA,NA,NA,NA,NA,NA
MRB,2014-09-18,25.3,5.3,6.5,NA,NA,NA,NA,NA,1006,NA,8.5,1.3,NA,NA,4.1,NA,NA,7.1,NA,NA,NA,NA,NA,NA,NA,NA,NA,NA
Alco,2014-09-18,28.3,5.5,5.6,33.1,NA,NA,NA,NA,1000,NA,7.9,2.2,NA,NA,3.9,NA,NA,5.5,NA,NA,NA,NA,NA,NA,NA,NA,NA,NA
PAMAK,2014-09-15,NA,NA,NA,30.5,NA,NA,NA,NA,1021,NA,NA,1.5,NA,NA,NA,NA,NA,NA,NA,NA,NA,NA,NA,NA,NA,NA,NA,NA
Metron Analysis,2014-09-10,27.4,6.2,7.5,NA,NA,NA,NA,NA,1001,NA,7.1,NA,NA,NA,NA,NA,NA,6.4,NA,NA,NA,NA,NA,NA,NA,NA,NA,NA
E-Voice,2014-09-04,NA,6.8,9.2,28.6,NA,NA,NA,NA,1000,NA,NA,1.8,NA,NA,3.4,NA,NA,5.5,NA,NA,NA,NA,NA,NA,NA,NA,NA,NA
Alco,2014-09-03,27.8,5.5,5.9,32.4,NA,NA,NA,NA,1000,NA,9.4,2.9,NA,NA,4.5,NA,NA,4.7,NA,NA,NA,NA,NA,NA,NA,NA,NA,NA
Palmos Analysis,2014-08-28,NA,4.5,NA,NA,NA,NA,NA,NA,2000,NA,11.5,1.5,NA,NA,NA,NA,NA,3.5,NA,NA,NA,NA,NA,NA,NA,NA,NA,NA
Pulse RC,2014-07-16,24.5,8.5,6.5,28.5,NA,NA,NA,NA,1253,NA,10.5,NA,NA,NA,NA,NA,NA,8.5,NA,NA,NA,NA,NA,NA,NA,NA,NA,NA
Public Issue,2014-07-09,NA,7.5,6.5,NA,NA,NA,NA,NA,NA,NA,8.5,1.5,NA,NA,4.5,NA,NA,10.5,NA,NA,NA,NA,NA,NA,NA,NA,NA,NA
MRB,2014-07-04,24.7,7.9,6.4,26.8,NA,NA,NA,NA,2000,NA,10.6,1.6,NA,NA,4.7,NA,NA,8.4,NA,NA,NA,NA,NA,NA,NA,NA,NA,NA
Metron Analysis,2014-06-11,24.9,NA,NA,27.9,NA,NA,NA,NA,NA,NA,8.7,NA,NA,NA,NA,NA,NA,NA,NA,NA,NA,NA,NA,NA,NA,NA,NA,NA
Public Issue,2014-06-10,NA,NA,6.5,NA,NA,NA,NA,NA,NA,NA,NA,1.5,NA,NA,3.5,NA,NA,NA,NA,NA,NA,NA,NA,NA,NA,NA,NA,NA
EP Election,2014-05-25,22.7,NA,6.1,26.6,NA,NA,NA,NA,NA,NA,9.4,1.2,NA,NA,3.5,NA,NA,6.6,NA,NA,NA,NA,NA,NA,NA,NA,NA,NA
Local Elections,2014-05-25,26.3,16.2,8.8,17.7,NA,NA,NA,NA,NA,NA,8.1,3.8,NA,NA,3.2,NA,NA,NA,NA,NA,NA,NA,NA,NA,NA,NA,NA,NA
Alco,2014-05-22,25.8,6.6,NA,NA,NA,NA,NA,NA,1200,NA,9.6,2.2,NA,NA,4.1,NA,NA,7.2,NA,NA,NA,NA,NA,NA,NA,NA,NA,NA
Kapa Research,2014-05-18,24.6,6.7,6.9,29.7,NA,NA,NA,NA,NA,NA,9.4,1.5,NA,NA,4.3,NA,NA,8.8,NA,NA,NA,NA,NA,NA,NA,NA,NA,NA
Alco,2014-05-14,26.4,6.1,NA,28.1,NA,NA,NA,NA,1000,NA,8.8,2.9,NA,NA,5.5,NA,NA,8.6,NA,NA,NA,NA,NA,NA,NA,NA,NA,NA
GPO,2014-05-12,28.3,6.8,8.3,26.7,NA,NA,NA,NA,NA,NA,NA,3.2,NA,NA,4.6,NA,NA,8.1,NA,NA,NA,NA,NA,NA,NA,NA,NA,NA
Kapa Research,2014-05-08,24.9,6.3,7.3,26.4,NA,NA,NA,NA,1149,NA,8.7,2.4,NA,NA,4.7,NA,NA,10.3,NA,NA,NA,NA,NA,NA,NA,NA,NA,NA
Public Issue,2014-05-06,NA,NA,7.5,NA,NA,NA,NA,NA,1005,NA,8.5,3.5,NA,NA,3.5,NA,NA,5.5,NA,NA,NA,NA,NA,NA,NA,NA,NA,NA
Palmos Analysis,2014-05-01,27.1,4.1,4.9,NA,NA,NA,NA,NA,1006,NA,8.6,1.9,NA,NA,NA,NA,NA,7.5,NA,NA,NA,NA,NA,NA,NA,NA,NA,NA
Metron Analysis,2014-04-30,29.2,NA,6.2,27.6,NA,NA,NA,NA,NA,NA,7.5,2.5,NA,NA,4.7,NA,NA,NA,NA,NA,NA,NA,NA,NA,NA,NA,NA,NA
Alco,2014-04-25,28.6,6.3,6.1,27.7,NA,NA,NA,NA,1000,NA,8.6,3.2,NA,NA,4.6,NA,NA,6.8,NA,NA,NA,NA,NA,NA,NA,NA,NA,NA
MRB,2014-04-11,26.5,5.9,7.3,25.3,NA,NA,NA,NA,1006,NA,9.9,3.4,NA,NA,4.9,NA,NA,NA,NA,NA,NA,NA,NA,NA,NA,NA,NA,NA
Pulse RC,2014-04-09,NA,NA,NA,25.5,NA,NA,NA,NA,NA,NA,NA,2.5,NA,NA,NA,NA,NA,9.5,NA,NA,NA,NA,NA,NA,NA,NA,NA,NA
Public Issue,2014-04-08,27.5,NA,NA,NA,NA,NA,NA,NA,1006,NA,NA,3.5,NA,NA,NA,NA,NA,NA,NA,NA,NA,NA,NA,NA,NA,NA,NA,NA
GPO,2014-04-07,26.9,7.1,8.3,25.8,NA,NA,NA,NA,1402,NA,8.3,3.7,NA,NA,5.2,NA,NA,10.4,NA,NA,NA,NA,NA,NA,NA,NA,NA,NA
PAMAK,2014-04-04,21.5,5.5,NA,NA,NA,NA,NA,NA,1208,NA,9.5,2.5,NA,NA,4.5,NA,NA,11.5,NA,NA,NA,NA,NA,NA,NA,NA,NA,NA
Kapa Research,2014-04-03,25.8,5.7,7.7,26.7,NA,NA,NA,NA,1003,NA,9.6,2.1,NA,NA,NA,NA,NA,10.5,NA,NA,NA,NA,NA,NA,NA,NA,NA,NA
Metron Analysis,2014-04-03,25.1,5.8,6.1,26.5,NA,NA,NA,NA,1602,NA,7.9,3.2,NA,NA,3.7,NA,NA,14.2,NA,NA,NA,NA,NA,NA,NA,NA,NA,NA
Kapa Research,2014-04-02,26.8,6.7,7.2,24.2,NA,NA,NA,NA,1006,NA,8.5,2.6,NA,NA,4.8,NA,NA,11.3,NA,NA,NA,NA,NA,NA,NA,NA,NA,NA
Alco,2014-03-27,25.1,6.4,NA,24.6,NA,NA,NA,NA,1000,NA,9.6,3.2,NA,NA,5.2,NA,NA,10.9,NA,NA,NA,NA,NA,NA,NA,NA,NA,NA
Palmos Analysis,2014-03-27,25.2,5.2,6.1,26.8,NA,NA,NA,NA,1012,NA,10.3,2.7,NA,NA,4.2,NA,NA,10.3,NA,NA,NA,NA,NA,NA,NA,NA,NA,NA
Pulse RC,2014-03-18,24.5,NA,NA,26.5,NA,NA,NA,NA,1289,NA,12.5,2.5,NA,NA,NA,NA,NA,NA,NA,NA,NA,NA,NA,NA,NA,NA,NA,NA
Alco,2014-03-13,23.6,6.7,6.6,25.1,NA,NA,NA,NA,1000,NA,9.1,2.9,NA,NA,5.9,NA,NA,11.5,NA,NA,NA,NA,NA,NA,NA,NA,NA,NA
PAMAK,2014-03-12,NA,5.5,NA,23.5,NA,NA,NA,NA,1005,NA,11.5,2.5,NA,NA,NA,NA,NA,16.5,NA,NA,NA,NA,NA,NA,NA,NA,NA,NA
Public Issue,2014-03-10,NA,5.5,7.5,28.5,NA,NA,NA,NA,1015,NA,10.5,NA,NA,NA,NA,NA,NA,NA,NA,NA,NA,NA,NA,NA,NA,NA,NA,NA
Alco,2014-03-04,26.3,NA,6.8,27.5,NA,NA,NA,NA,1000,NA,9.1,3.7,NA,NA,5.3,NA,NA,7.5,NA,NA,NA,NA,NA,NA,NA,NA,NA,NA
Palmos Analysis,2014-03-01,27.2,4.9,5.8,33.1,NA,NA,NA,NA,1001,NA,12.1,2.5,NA,NA,5.1,NA,NA,NA,NA,NA,NA,NA,NA,NA,NA,NA,NA,NA
Metron Analysis,2014-02-26,28.5,6.4,8.7,29.2,NA,NA,NA,NA,NA,NA,9.7,4.7,NA,NA,5.9,NA,NA,NA,NA,NA,NA,NA,NA,NA,NA,NA,NA,NA
Alco,2014-02-11,27.1,5.4,7.3,NA,NA,NA,NA,NA,1000,NA,NA,4.1,NA,NA,6.6,NA,NA,NA,NA,NA,NA,NA,NA,NA,NA,NA,NA,NA
GPO,2014-02-10,26.5,7.4,NA,28.1,NA,NA,NA,NA,1002,NA,9.5,NA,NA,NA,5.8,NA,NA,NA,NA,NA,NA,NA,NA,NA,NA,NA,NA,NA
Public Issue,2014-02-07,28.5,NA,7.5,NA,NA,NA,NA,NA,1007,NA,8.5,3.5,NA,NA,NA,NA,NA,NA,NA,NA,NA,NA,NA,NA,NA,NA,NA,NA
Marc,2014-02-05,NA,6.6,6.6,29.8,NA,NA,NA,NA,NA,NA,NA,5.5,NA,NA,5.9,NA,NA,NA,NA,NA,NA,NA,NA,NA,NA,NA,NA,NA
Metrisi,2014-02-05,29.3,5.8,NA,29.7,NA,NA,NA,NA,1008,NA,12.4,3.8,NA,NA,6.6,NA,NA,NA,NA,NA,NA,NA,NA,NA,NA,NA,NA,NA
Palmos Analysis,2014-01-25,27.2,4.9,5.8,32.3,NA,NA,NA,NA,1001,NA,9.3,2.7,NA,NA,5.9,NA,NA,NA,NA,NA,NA,NA,NA,NA,NA,NA,NA,NA
Alco,2014-01-24,28.2,6.1,NA,NA,NA,NA,NA,NA,1000,NA,10.1,4.2,NA,NA,5.6,NA,NA,NA,NA,NA,NA,NA,NA,NA,NA,NA,NA,NA
Metron Analysis,2014-01-22,29.2,6.4,NA,30.4,NA,NA,NA,NA,1004,NA,10.3,3.7,NA,NA,4.8,NA,NA,NA,NA,NA,NA,NA,NA,NA,NA,NA,NA,NA
Pulse RC,2014-01-21,25.5,NA,NA,NA,NA,NA,NA,NA,1353,NA,13.5,3.5,NA,NA,5.5,NA,NA,NA,NA,NA,NA,NA,NA,NA,NA,NA,NA,NA
Public Issue,2014-01-13,NA,6.5,6.5,31.5,NA,NA,NA,NA,1008,NA,NA,3.5,NA,NA,4.5,NA,NA,NA,NA,NA,NA,NA,NA,NA,NA,NA,NA,NA
Kapa Research,2013-12-19,28.3,7.3,6.9,29.3,NA,NA,NA,NA,1010,NA,9.8,3.7,NA,NA,5.2,NA,NA,NA,NA,NA,NA,NA,NA,NA,NA,NA,NA,NA
Rass,2013-12-19,29.7,5.6,7.9,30.2,NA,NA,NA,NA,1003,NA,7.6,4.3,NA,NA,5.9,NA,NA,NA,NA,NA,NA,NA,NA,NA,NA,NA,NA,NA
Palmos Analysis,2013-12-19,24.4,6.3,6.5,NA,NA,NA,NA,NA,1012,NA,9.1,5.6,NA,NA,6.4,NA,NA,NA,NA,NA,NA,NA,NA,NA,NA,NA,NA,NA
Pulse RC,2013-12-18,NA,NA,NA,NA,NA,NA,NA,NA,1203,NA,14.5,NA,NA,NA,5.5,NA,NA,NA,NA,NA,NA,NA,NA,NA,NA,NA,NA,NA
MRB,2013-12-11,27.9,6.3,6.6,29.1,NA,NA,NA,NA,2000,NA,11.8,4.1,NA,NA,6.4,NA,NA,NA,NA,NA,NA,NA,NA,NA,NA,NA,NA,NA
Metron Analysis,2013-12-08,28.5,6.5,5.5,30.2,NA,NA,NA,NA,1603,NA,10.3,3.9,NA,NA,6.9,NA,NA,NA,NA,NA,NA,NA,NA,NA,NA,NA,NA,NA
Pulse RC,2013-12-03,NA,NA,7.5,28.5,NA,NA,NA,NA,NA,NA,14.5,NA,NA,NA,NA,NA,NA,NA,NA,NA,NA,NA,NA,NA,NA,NA,NA,NA
GPO,2013-11-30,26.2,7.6,7.7,26.8,NA,NA,NA,NA,1017,NA,NA,5.2,NA,NA,6.8,NA,NA,NA,NA,NA,NA,NA,NA,NA,NA,NA,NA,NA
Kapa Research,2013-11-28,28.9,7.7,6.3,28.1,NA,NA,NA,NA,1009,NA,9.9,4.3,NA,NA,5.7,NA,NA,NA,NA,NA,NA,NA,NA,NA,NA,NA,NA,NA
Metrisi,2013-11-28,NA,6.2,7.1,29.7,NA,NA,NA,NA,1001,NA,8.8,2.3,NA,NA,5.9,NA,NA,NA,NA,NA,NA,NA,NA,NA,NA,NA,NA,NA
Marc,2013-11-25,27.8,6.4,6.6,29.7,NA,NA,NA,NA,NA,NA,8.8,5.8,NA,NA,6.7,NA,NA,NA,NA,NA,NA,NA,NA,NA,NA,NA,NA,NA
Metron Analysis,2013-11-20,29.2,NA,5.9,29.9,NA,NA,NA,NA,1001,NA,NA,3.7,NA,NA,5.9,NA,NA,NA,NA,NA,NA,NA,NA,NA,NA,NA,NA,NA
Palmos Analysis,2013-11-16,26.5,7.5,NA,30.5,NA,NA,NA,NA,1001,NA,NA,3.5,NA,NA,6.4,NA,NA,NA,NA,NA,NA,NA,NA,NA,NA,NA,NA,NA
Alco,2013-11-15,27.8,6.4,5.3,28.3,NA,NA,NA,NA,1000,NA,11.1,4.3,NA,NA,6.7,NA,NA,NA,NA,NA,NA,NA,NA,NA,NA,NA,NA,NA
Rass,2013-11-14,30.9,5.9,7.4,28.9,NA,NA,NA,NA,1002,NA,7.9,NA,NA,NA,6.1,NA,NA,NA,NA,NA,NA,NA,NA,NA,NA,NA,NA,NA
Pulse RC,2013-11-12,NA,NA,NA,27.5,NA,NA,NA,NA,1207,NA,NA,3.5,NA,NA,5.5,NA,NA,NA,NA,NA,NA,NA,NA,NA,NA,NA,NA,NA
Metron Analysis,2013-10-16,30.3,7.1,5.9,28.9,NA,NA,NA,NA,1001,NA,7.6,3.6,NA,NA,6.4,NA,NA,NA,NA,NA,NA,NA,NA,NA,NA,NA,NA,NA
Metrisi,2013-10-16,30.3,7.1,7.1,28.6,NA,NA,NA,NA,1105,NA,7.9,2.6,NA,NA,6.5,NA,NA,NA,NA,NA,NA,NA,NA,NA,NA,NA,NA,NA
Pulse RC,2013-10-16,26.5,NA,NA,27.5,NA,NA,NA,NA,1217,NA,NA,NA,NA,NA,5.5,NA,NA,NA,NA,NA,NA,NA,NA,NA,NA,NA,NA,NA
Alco,2013-10-14,27.2,7.8,6.3,26.3,NA,NA,NA,NA,1000,NA,8.7,4.7,NA,NA,6.5,NA,NA,NA,NA,NA,NA,NA,NA,NA,NA,NA,NA,NA
Rass,2013-10-10,NA,6.4,6.7,29.3,NA,NA,NA,NA,1004,NA,8.1,3.9,NA,NA,6.2,NA,NA,NA,NA,NA,NA,NA,NA,NA,NA,NA,NA,NA
GPO,2013-10-07,27.5,7.9,7.9,26.8,NA,NA,NA,NA,1032,NA,10.2,5.5,NA,NA,5.9,NA,NA,NA,NA,NA,NA,NA,NA,NA,NA,NA,NA,NA
Marc,2013-10-07,28.6,6.7,6.2,28.3,NA,NA,NA,NA,NA,NA,8.9,5.8,NA,NA,6.5,NA,NA,NA,NA,NA,NA,NA,NA,NA,NA,NA,NA,NA
Palmos Analysis,2013-10-04,27.8,6.9,6.2,NA,NA,NA,NA,NA,1009,NA,9.7,4.5,NA,NA,6.3,NA,NA,NA,NA,NA,NA,NA,NA,NA,NA,NA,NA,NA
MRB,2013-10-03,28.5,6.8,6.5,27.7,NA,NA,NA,NA,1003,NA,NA,4.7,NA,NA,6.3,NA,NA,NA,NA,NA,NA,NA,NA,NA,NA,NA,NA,NA
Alco,2013-10-03,29.5,NA,6.1,28.3,NA,NA,NA,NA,1000,NA,8.3,NA,NA,NA,6.5,NA,NA,NA,NA,NA,NA,NA,NA,NA,NA,NA,NA,NA
VPRC,2013-09-30,NA,NA,7.5,29.5,NA,NA,NA,NA,NA,NA,8.5,NA,NA,NA,NA,NA,NA,NA,NA,NA,NA,NA,NA,NA,NA,NA,NA,NA
Alco,2013-09-26,28.8,7.9,6.3,27.2,NA,NA,NA,NA,1000,NA,NA,4.7,NA,NA,7.2,NA,NA,NA,NA,NA,NA,NA,NA,NA,NA,NA,NA,NA
MRB,2013-09-26,NA,7.2,6.5,27.5,NA,NA,NA,NA,1000,NA,8.9,4.3,NA,NA,6.9,NA,NA,NA,NA,NA,NA,NA,NA,NA,NA,NA,NA,NA
Alco,2013-09-23,NA,NA,6.5,25.6,NA,NA,NA,NA,1000,NA,9.1,4.8,NA,NA,6.7,NA,NA,NA,NA,NA,NA,NA,NA,NA,NA,NA,NA,NA
Rass,2013-09-21,32.7,6.8,7.3,29.2,NA,NA,NA,NA,1002,NA,7.5,3.2,NA,NA,5.5,NA,NA,NA,NA,NA,NA,NA,NA,NA,NA,NA,NA,NA
Metron Analysis,2013-09-19,28.3,NA,6.7,28.7,NA,NA,NA,NA,1006,NA,11.2,4.7,NA,NA,5.2,NA,NA,NA,NA,NA,NA,NA,NA,NA,NA,NA,NA,NA
Metrisi,2013-09-12,27.5,NA,6.8,26.9,NA,NA,NA,NA,NA,NA,NA,2.9,NA,NA,6.6,NA,NA,NA,NA,NA,NA,NA,NA,NA,NA,NA,NA,NA
Rass,2013-09-12,30.9,5.9,5.7,29.9,NA,NA,NA,NA,1002,NA,10.4,NA,NA,NA,NA,NA,NA,NA,NA,NA,NA,NA,NA,NA,NA,NA,NA,NA
Pulse RC,2013-09-10,24.5,NA,6.5,26.5,NA,NA,NA,NA,NA,NA,17.5,NA,NA,NA,NA,NA,NA,NA,NA,NA,NA,NA,NA,NA,NA,NA,NA,NA
Public Issue,2013-09-10,NA,NA,6.5,NA,NA,NA,NA,NA,1024,NA,NA,2.5,NA,NA,5.5,NA,NA,NA,NA,NA,NA,NA,NA,NA,NA,NA,NA,NA
Metron Analysis,2013-08-28,29.1,6.8,6.9,NA,NA,NA,NA,NA,1001,NA,11.7,3.1,NA,NA,NA,NA,NA,NA,NA,NA,NA,NA,NA,NA,NA,NA,NA,NA
Kapa Research,2013-07-18,28.9,9.1,6.1,28.4,NA,NA,NA,NA,NA,NA,12.1,3.5,NA,NA,5.6,NA,NA,NA,NA,NA,NA,NA,NA,NA,NA,NA,NA,NA
Pulse RC,2013-07-13,NA,8.5,7.5,26.5,NA,NA,NA,NA,NA,NA,16.5,NA,NA,NA,NA,NA,NA,NA,NA,NA,NA,NA,NA,NA,NA,NA,NA,NA
Metron Analysis,2013-07-10,29.1,7.3,5.5,28.7,NA,NA,NA,NA,1001,NA,13.1,3.2,NA,NA,5.4,NA,NA,NA,NA,NA,NA,NA,NA,NA,NA,NA,NA,NA
Public Issue,2013-07-08,28.5,NA,NA,27.5,NA,NA,NA,NA,1011,NA,NA,NA,NA,NA,NA,NA,NA,NA,NA,NA,NA,NA,NA,NA,NA,NA,NA,NA
VPRC,2013-07-05,NA,NA,7.5,28.5,NA,NA,NA,NA,NA,NA,14.5,2.5,NA,NA,5.5,NA,NA,NA,NA,NA,NA,NA,NA,NA,NA,NA,NA,NA
Alco,2013-06-27,27.2,8.5,5.9,25.2,NA,NA,NA,NA,1000,NA,NA,3.9,NA,NA,NA,NA,NA,NA,NA,NA,NA,NA,NA,NA,NA,NA,NA,NA
MRB,2013-06-25,28.1,7.8,6.5,26.6,NA,NA,NA,NA,1014,NA,11.6,3.8,NA,NA,NA,NA,NA,NA,NA,NA,NA,NA,NA,NA,NA,NA,NA,NA
MRB,2013-06-21,27.5,6.5,6.8,27.1,NA,NA,NA,NA,2000,NA,12.7,4.5,NA,NA,6.7,NA,NA,NA,NA,NA,NA,NA,NA,NA,NA,NA,NA,NA
Rass,2013-06-20,30.7,NA,5.8,29.4,NA,NA,NA,NA,1003,NA,NA,3.7,NA,NA,5.1,NA,NA,NA,NA,NA,NA,NA,NA,NA,NA,NA,NA,NA
Metrisi,2013-06-17,27.3,6.6,7.4,26.7,NA,NA,NA,NA,NA,NA,13.3,6.2,NA,NA,6.8,NA,NA,NA,NA,NA,NA,NA,NA,NA,NA,NA,NA,NA
Metron Analysis,2013-06-13,28.2,6.5,NA,27.9,NA,NA,NA,NA,1003,NA,11.4,6.4,NA,NA,6.3,NA,NA,NA,NA,NA,NA,NA,NA,NA,NA,NA,NA,NA
Kapa Research,2013-06-13,27.4,8.1,6.5,NA,NA,NA,NA,NA,1003,NA,12.1,NA,NA,NA,5.6,NA,NA,NA,NA,NA,NA,NA,NA,NA,NA,NA,NA,NA
VPRC,2013-06-13,26.5,NA,NA,NA,NA,NA,NA,NA,1004,NA,NA,4.5,NA,NA,NA,NA,NA,NA,NA,NA,NA,NA,NA,NA,NA,NA,NA,NA
Public Issue,2013-06-11,29.5,6.5,NA,27.5,NA,NA,NA,NA,1028,NA,11.5,4.5,NA,NA,NA,NA,NA,NA,NA,NA,NA,NA,NA,NA,NA,NA,NA,NA
MRB,2013-06-06,27.9,6.4,5.8,25.6,NA,NA,NA,NA,1009,NA,13.4,6.2,NA,NA,6.9,NA,NA,NA,NA,NA,NA,NA,NA,NA,NA,NA,NA,NA
Pulse RC,2013-06-04,25.5,7.5,NA,NA,NA,NA,NA,NA,1229,NA,16.5,4.5,NA,NA,NA,NA,NA,NA,NA,NA,NA,NA,NA,NA,NA,NA,NA,NA
GPO,2013-05-27,26.2,8.2,7.1,NA,NA,NA,NA,NA,1200,NA,12.4,6.3,NA,NA,7.9,NA,NA,NA,NA,NA,NA,NA,NA,NA,NA,NA,NA,NA
Rass,2013-05-24,30.6,5.9,5.7,27.6,NA,NA,NA,NA,1005,NA,11.5,4.7,NA,NA,NA,NA,NA,NA,NA,NA,NA,NA,NA,NA,NA,NA,NA,NA
Alco,2013-05-24,27.7,6.4,5.7,24.6,NA,NA,NA,NA,1000,NA,12.2,4.5,NA,NA,5.8,NA,NA,NA,NA,NA,NA,NA,NA,NA,NA,NA,NA,NA
Metrisi,2013-05-19,27.3,5.4,5.9,26.1,NA,NA,NA,NA,NA,NA,12.8,5.7,NA,NA,7.2,NA,NA,NA,NA,NA,NA,NA,NA,NA,NA,NA,NA,NA
Public Issue,2013-05-15,27.5,6.5,6.5,NA,NA,NA,NA,NA,1031,NA,11.5,5.5,NA,NA,NA,NA,NA,NA,NA,NA,NA,NA,NA,NA,NA,NA,NA,NA
Marc,2013-05-13,27.3,NA,5.7,26.1,NA,NA,NA,NA,1002,NA,11.8,NA,NA,NA,7.1,NA,NA,NA,NA,NA,NA,NA,NA,NA,NA,NA,NA,NA
AUEB-STAT,2013-05-12,25.1,7.3,7.2,24.9,NA,NA,NA,NA,6093,NA,14.4,5.9,NA,NA,4.9,NA,NA,NA,NA,NA,NA,NA,NA,NA,NA,NA,NA,NA
Alco,2013-04-26,26.5,7.1,6.3,25.7,NA,NA,NA,NA,1000,NA,NA,4.8,NA,NA,6.5,NA,NA,NA,NA,NA,NA,NA,NA,NA,NA,NA,NA,NA
VPRC,2013-04-24,NA,NA,NA,29.5,NA,NA,NA,NA,NA,NA,NA,4.5,NA,NA,NA,NA,NA,NA,NA,NA,NA,NA,NA,NA,NA,NA,NA,NA
Metron Analysis,2013-04-17,NA,NA,5.5,26.2,NA,NA,NA,NA,NA,NA,10.7,5.6,NA,NA,9.5,NA,NA,NA,NA,NA,NA,NA,NA,NA,NA,NA,NA,NA
Metrisi,2013-04-13,26.8,7.9,6.9,27.3,NA,NA,NA,NA,NA,NA,11.7,7.1,NA,NA,NA,NA,NA,NA,NA,NA,NA,NA,NA,NA,NA,NA,NA,NA
Marc,2013-04-13,27.3,6.7,6.4,27.5,NA,NA,NA,NA,NA,NA,NA,5.4,NA,NA,7.3,NA,NA,NA,NA,NA,NA,NA,NA,NA,NA,NA,NA,NA
Pulse RC,2013-04-09,25.5,NA,6.5,NA,NA,NA,NA,NA,NA,NA,15.5,4.5,NA,NA,6.5,NA,NA,NA,NA,NA,NA,NA,NA,NA,NA,NA,NA,NA
Public Issue,2013-04-09,28.5,NA,5.5,27.5,NA,NA,NA,NA,1033,NA,NA,6.5,NA,NA,6.5,NA,NA,NA,NA,NA,NA,NA,NA,NA,NA,NA,NA,NA
GPO,2013-04-01,25.9,9.6,7.4,25.9,NA,NA,NA,NA,1200,NA,11.5,6.4,NA,NA,NA,NA,NA,NA,NA,NA,NA,NA,NA,NA,NA,NA,NA,NA
Alco,2013-03-29,26.5,8.4,6.9,25.7,NA,NA,NA,NA,1000,NA,11.8,5.2,NA,NA,8.1,NA,NA,NA,NA,NA,NA,NA,NA,NA,NA,NA,NA,NA
MRB,2013-03-28,27.5,6.9,5.8,NA,NA,NA,NA,NA,1008,NA,11.3,6.8,NA,NA,7.7,NA,NA,NA,NA,NA,NA,NA,NA,NA,NA,NA,NA,NA
Marc,2013-03-28,27.8,6.8,5.9,27.9,NA,NA,NA,NA,1001,NA,11.5,5.5,NA,NA,NA,NA,NA,NA,NA,NA,NA,NA,NA,NA,NA,NA,NA,NA
Kapa Research,2013-03-21,26.3,NA,6.5,27.1,NA,NA,NA,NA,NA,NA,13.3,4.8,NA,NA,5.8,NA,NA,NA,NA,NA,NA,NA,NA,NA,NA,NA,NA,NA
VPRC,2013-03-21,28.5,NA,NA,NA,NA,NA,NA,NA,NA,NA,NA,5.5,NA,NA,5.5,NA,NA,NA,NA,NA,NA,NA,NA,NA,NA,NA,NA,NA
Metron Analysis,2013-03-20,25.2,NA,5.5,25.8,NA,NA,NA,NA,1002,NA,11.7,6.3,NA,NA,8.5,NA,NA,NA,NA,NA,NA,NA,NA,NA,NA,NA,NA,NA
Metrisi,2013-03-15,28.4,9.2,6.4,NA,NA,NA,NA,NA,NA,NA,11.9,NA,NA,NA,5.9,NA,NA,NA,NA,NA,NA,NA,NA,NA,NA,NA,NA,NA
Marc,2013-03-15,27.4,6.8,5.3,28.4,NA,NA,NA,NA,1001,NA,11.7,5.7,NA,NA,6.6,NA,NA,NA,NA,NA,NA,NA,NA,NA,NA,NA,NA,NA
Public Issue,2013-03-12,28.5,7.5,5.5,29.5,NA,NA,NA,NA,1017,NA,NA,NA,NA,NA,NA,NA,NA,NA,NA,NA,NA,NA,NA,NA,NA,NA,NA,NA
Marc,2013-02-22,NA,6.6,5.5,28.3,NA,NA,NA,NA,1604,NA,12.3,5.4,NA,NA,6.6,NA,NA,NA,NA,NA,NA,NA,NA,NA,NA,NA,NA,NA
Alco,2013-02-19,25.3,8.7,NA,25.9,NA,NA,NA,NA,1000,NA,13.2,5.2,NA,NA,6.5,NA,NA,NA,NA,NA,NA,NA,NA,NA,NA,NA,NA,NA
Metron Analysis,2013-02-14,26.4,7.5,6.4,27.6,NA,NA,NA,NA,1003,NA,11.5,5.6,NA,NA,6.2,NA,NA,NA,NA,NA,NA,NA,NA,NA,NA,NA,NA,NA
Pulse RC,2013-02-13,NA,NA,7.5,NA,NA,NA,NA,NA,1356,NA,NA,NA,NA,NA,NA,NA,NA,NA,NA,NA,NA,NA,NA,NA,NA,NA,NA,NA
Alco,2013-02-12,27.5,9.3,6.2,26.2,NA,NA,NA,NA,1000,NA,12.2,5.2,NA,NA,6.5,NA,NA,NA,NA,NA,NA,NA,NA,NA,NA,NA,NA,NA
Public Issue,2013-02-05,28.5,NA,5.5,NA,NA,NA,NA,NA,1027,NA,11.5,NA,NA,NA,NA,NA,NA,NA,NA,NA,NA,NA,NA,NA,NA,NA,NA,NA
GPO,2013-02-04,NA,9.5,6.4,26.6,NA,NA,NA,NA,1200,NA,12.8,6.1,NA,NA,6.6,NA,NA,NA,NA,NA,NA,NA,NA,NA,NA,NA,NA,NA
Pulse RC,2013-01-24,NA,NA,6.5,NA,NA,NA,NA,NA,1745,NA,NA,NA,NA,NA,6.5,NA,NA,NA,NA,NA,NA,NA,NA,NA,NA,NA,NA,NA
Rass,2013-01-24,29.9,6.2,5.9,29.5,NA,NA,NA,NA,1202,NA,10.3,6.1,NA,NA,5.6,NA,NA,NA,NA,NA,NA,NA,NA,NA,NA,NA,NA,NA
Alco,2013-01-24,28.1,9.7,5.9,26.4,NA,NA,NA,NA,1000,NA,10.9,5.4,NA,NA,7.4,NA,NA,NA,NA,NA,NA,NA,NA,NA,NA,NA,NA,NA
MRB,2013-01-24,29.2,NA,5.4,27.8,NA,NA,NA,NA,1009,NA,11.6,5.6,NA,NA,6.2,NA,NA,NA,NA,NA,NA,NA,NA,NA,NA,NA,NA,NA
Kapa Research,2013-01-24,27.6,8.7,6.6,25.5,NA,NA,NA,NA,1019,NA,12.6,5.8,NA,NA,5.5,NA,NA,NA,NA,NA,NA,NA,NA,NA,NA,NA,NA,NA
Marc,2013-01-21,28.2,7.2,5.3,27.9,NA,NA,NA,NA,1054,NA,12.2,5.8,NA,NA,NA,NA,NA,NA,NA,NA,NA,NA,NA,NA,NA,NA,NA,NA
VPRC,2013-01-18,29.5,6.5,5.5,29.5,NA,NA,NA,NA,1230,NA,NA,NA,NA,NA,NA,NA,NA,NA,NA,NA,NA,NA,NA,NA,NA,NA,NA,NA
Metron Analysis,2013-01-17,27.8,7.7,5.4,NA,NA,NA,NA,NA,1006,NA,10.7,5.7,NA,NA,6.3,NA,NA,NA,NA,NA,NA,NA,NA,NA,NA,NA,NA,NA
Public Issue,2013-01-08,NA,NA,5.5,28.5,NA,NA,NA,NA,1027,NA,NA,NA,NA,NA,NA,NA,NA,NA,NA,NA,NA,NA,NA,NA,NA,NA,NA,NA
Kapa Research,2012-12-21,25.9,7.5,6.3,27.2,NA,NA,NA,NA,NA,NA,11.8,NA,NA,NA,4.6,NA,NA,NA,NA,NA,NA,NA,NA,NA,NA,NA,NA,NA
Rass,2012-12-20,29.5,6.8,5.7,30.3,NA,NA,NA,NA,1002,NA,10.8,5.9,NA,NA,3.3,NA,NA,NA,NA,NA,NA,NA,NA,NA,NA,NA,NA,NA
Marc,2012-12-19,NA,NA,5.9,28.5,NA,NA,NA,NA,NA,NA,12.1,5.6,NA,NA,6.8,NA,NA,NA,NA,NA,NA,NA,NA,NA,NA,NA,NA,NA
Alco,2012-12-14,26.9,6.9,5.6,NA,NA,NA,NA,NA,1000,NA,13.3,5.3,NA,NA,5.9,NA,NA,NA,NA,NA,NA,NA,NA,NA,NA,NA,NA,NA
Public Issue,2012-12-10,NA,NA,5.5,30.5,NA,NA,NA,NA,1035,NA,10.5,6.5,NA,NA,NA,NA,NA,NA,NA,NA,NA,NA,NA,NA,NA,NA,NA,NA
MRB,2012-12-06,26.1,7.8,5.4,28.7,NA,NA,NA,NA,2000,NA,12.1,5.7,NA,NA,7.1,NA,NA,NA,NA,NA,NA,NA,NA,NA,NA,NA,NA,NA
Metron Analysis,2012-12-03,26.5,6.7,5.5,29.5,NA,NA,NA,NA,2001,NA,NA,NA,NA,NA,NA,NA,NA,NA,NA,NA,NA,NA,NA,NA,NA,NA,NA,NA
Marc,2012-11-26,26.2,6.4,5.7,NA,NA,NA,NA,NA,1011,NA,12.4,6.1,NA,NA,7.1,NA,NA,NA,NA,NA,NA,NA,NA,NA,NA,NA,NA,NA
VPRC,2012-11-26,26.5,NA,6.5,31.5,NA,NA,NA,NA,NA,NA,12.5,5.5,NA,NA,6.5,NA,NA,NA,NA,NA,NA,NA,NA,NA,NA,NA,NA,NA
Pulse RC,2012-11-23,23.5,7.5,NA,NA,NA,NA,NA,NA,1212,NA,NA,4.5,NA,NA,NA,NA,NA,NA,NA,NA,NA,NA,NA,NA,NA,NA,NA,NA
GPO,2012-11-17,24.9,9.3,5.7,27.6,NA,NA,NA,NA,1200,NA,12.8,6.2,NA,NA,8.1,NA,NA,NA,NA,NA,NA,NA,NA,NA,NA,NA,NA,NA
Kapa Research,2012-11-08,23.9,8.8,6.7,27.1,NA,NA,NA,NA,1017,NA,12.2,5.3,NA,NA,7.5,NA,NA,NA,NA,NA,NA,NA,NA,NA,NA,NA,NA,NA
Pulse RC,2012-10-30,24.5,NA,NA,NA,NA,NA,NA,NA,1210,NA,NA,NA,NA,NA,NA,NA,NA,NA,NA,NA,NA,NA,NA,NA,NA,NA,NA,NA
Marc,2012-10-23,26.4,7.5,5.9,28.8,NA,NA,NA,NA,NA,NA,11.8,6.1,NA,NA,6.9,NA,NA,NA,NA,NA,NA,NA,NA,NA,NA,NA,NA,NA
VPRC,2012-10-17,NA,5.5,6.5,30.5,NA,NA,NA,NA,NA,NA,NA,5.5,NA,NA,NA,NA,NA,NA,NA,NA,NA,NA,NA,NA,NA,NA,NA,NA
Rass,2012-10-17,26.6,8.4,5.3,27.9,NA,NA,NA,NA,1204,NA,10.8,5.9,NA,NA,7.2,NA,NA,NA,NA,NA,NA,NA,NA,NA,NA,NA,NA,NA
MRB,2012-09-20,NA,NA,NA,NA,NA,NA,NA,NA,1003,NA,NA,NA,NA,NA,NA,NA,NA,NA,NA,NA,NA,NA,NA,NA,NA,NA,NA,NA
Rass,2012-09-20,NA,9.5,5.3,26.7,NA,NA,NA,NA,1202,NA,10.8,NA,NA,NA,7.3,NA,NA,NA,NA,NA,NA,NA,NA,NA,NA,NA,NA,NA
Metron Analysis,2012-09-19,26.1,9.8,5.1,27.7,NA,NA,NA,NA,1002,NA,11.7,6.4,NA,NA,7.2,NA,NA,NA,NA,NA,NA,NA,NA,NA,NA,NA,NA,NA
VPRC,2012-09-05,NA,7.5,NA,NA,NA,NA,NA,NA,NA,NA,NA,NA,NA,NA,NA,NA,NA,NA,NA,NA,NA,NA,NA,NA,NA,NA,NA,NA
Pulse RC,2012-09-04,27.5,NA,5.5,NA,NA,NA,NA,NA,1204,NA,11.5,NA,NA,NA,7.5,NA,NA,NA,NA,NA,NA,NA,NA,NA,NA,NA,NA,NA
Alco,2012-08-31,27.8,10.3,5.3,25.6,NA,NA,NA,NA,1000,NA,9.7,5.8,NA,NA,7.6,NA,NA,NA,NA,NA,NA,NA,NA,NA,NA,NA,NA,NA
Kapa Research,2012-07-12,27.8,13.1,5.6,24.4,NA,NA,NA,NA,1003,NA,8.7,6.7,NA,NA,7.5,NA,NA,NA,NA,NA,NA,NA,NA,NA,NA,NA,NA,NA
MRB,2012-07-12,28.9,12.3,5.1,26.7,NA,NA,NA,NA,1011,NA,7.5,6.3,NA,NA,7.7,NA,NA,NA,NA,NA,NA,NA,NA,NA,NA,NA,NA,NA
Legislative Election,2012-06-17,29.7,12.3,4.5,26.9,NA,NA,NA,NA,NA,NA,6.9,6.3,NA,NA,7.5,NA,NA,NA,NA,NA,NA,NA,NA,NA,NA,NA,NA,NA
Kapa Research/To Vima,2015-09-18,29.9,6.3,6,33,NA,NA,NA,NA,1201,NA,6.8,NA,NA,NA,3.2,NA,NA,5.4,NA,NA,3.4,3.3,NA,NA,NA,NA,NA,NA
MRB/Star,2015-09-18,31.9,5.9,5.1,31.8,NA,NA,NA,NA,NA,NA,7.1,NA,NA,NA,2.8,NA,NA,6,NA,NA,3.6,3.3,NA,NA,NA,NA,NA,NA
PAMAK/Skai,2015-09-18,31,5.5,5.5,34,NA,NA,NA,NA,1083,NA,7,NA,NA,NA,2,NA,NA,5,NA,NA,3.5,3.5,NA,NA,NA,NA,NA,NA
Palmos Analysis/tvxs,2015-09-18,31.5,5.5,7,32.5,NA,NA,NA,NA,NA,NA,7.5,NA,NA,NA,2.5,NA,NA,4.5,NA,NA,3,4,NA,NA,NA,NA,NA,NA
MRB/Star,2015-09-18,30.6,5.7,5.7,31.7,NA,NA,NA,NA,NA,NA,6.6,NA,NA,NA,3.2,NA,NA,6,NA,NA,4,3.9,NA,NA,NA,NA,NA,NA
GPO/Mega TV,2015-09-18,29.5,6.8,6.5,32.4,NA,NA,NA,NA,1200,NA,6.9,NA,NA,NA,3.4,NA,NA,5.5,NA,NA,3.2,4.4,NA,NA,NA,NA,NA,NA
Rass/iefimerida,2015-09-18,30.9,6.7,6.1,31.7,NA,NA,NA,NA,1002,NA,7.5,NA,NA,NA,2.8,NA,NA,4.6,NA,NA,3.4,3.4,NA,NA,NA,NA,NA,NA
Marc/Alpha TV,2015-09-18,30.4,5.8,5.8,31.7,NA,NA,NA,NA,1754,NA,6.9,NA,NA,NA,2.9,NA,NA,5.9,NA,NA,4,3.3,NA,NA,NA,NA,NA,NA
ProRata/EfSyn,2015-09-17,28.5,6,6.5,32,NA,NA,NA,NA,1003,NA,8,NA,NA,NA,3,NA,NA,6,NA,NA,4,3,NA,NA,NA,NA,NA,NA
Metron Analysis/ANT1,2015-09-17,31.2,6,6,31.7,NA,NA,NA,NA,1204,NA,7.1,NA,NA,NA,3,NA,NA,5.8,NA,NA,3.1,3.4,NA,NA,NA,NA,NA,NA
Bridging Europe,2015-09-17,27.8,5.3,6.7,31.7,NA,NA,NA,NA,1031,NA,7.1,NA,NA,NA,2.6,NA,NA,4.7,NA,NA,2.4,5.8,NA,NA,NA,NA,NA,NA
Metrisi/Eleftheros Typos,2015-09-17,32.3,5.8,6.1,30.7,NA,NA,NA,NA,NA,NA,6.3,NA,NA,NA,3.1,NA,NA,5.3,NA,NA,3.5,3.6,NA,NA,NA,NA,NA,NA
Pulse RC/To Pontiki,2015-09-17,30.5,7.5,6,30.5,NA,NA,NA,NA,1605,NA,7.5,NA,NA,NA,2.5,NA,NA,6,NA,NA,3,3.5,NA,NA,NA,NA,NA,NA
Interview/Vergina TV,2015-09-17,33,6.5,6.5,30.5,NA,NA,NA,NA,1000,NA,5.5,NA,NA,NA,2.5,NA,NA,5,NA,NA,4.5,2.5,NA,NA,NA,NA,NA,NA
Alco/NewsIT,2015-09-17,30.3,5.7,7,30.7,NA,NA,NA,NA,1000,NA,7.5,NA,NA,NA,3,NA,NA,5.2,NA,NA,4.5,3.7,NA,NA,NA,NA,NA,NA
AUTH,2015-09-17,29.6,6.1,5.8,31.1,NA,NA,NA,NA,NA,NA,7.8,NA,NA,NA,2.3,NA,NA,4.9,NA,NA,3,5.4,NA,NA,NA,NA,NA,NA
Public Issue,2015-09-17,30,8,6.5,33,NA,NA,NA,NA,1009,NA,7,NA,NA,NA,2.5,NA,NA,4.5,NA,NA,2.5,3.5,NA,NA,NA,NA,NA,NA
Metron Analysis/Parapolitika,2015-09-16,31.9,5.2,6.2,31.6,NA,NA,NA,NA,NA,NA,6.7,NA,NA,NA,2.7,NA,NA,5.9,NA,NA,3.6,3.4,NA,NA,NA,NA,NA,NA
E-Voice/dikaiologitika.gr,2015-09-16,28.5,5.6,5.6,32.6,NA,NA,NA,NA,1007,NA,8.1,NA,NA,NA,3.5,NA,NA,5.7,NA,NA,2.9,4.7,NA,NA,NA,NA,NA,NA
Kapa Research/To Vima,2015-09-16,30.7,6.4,5.9,31.3,NA,NA,NA,NA,1007,NA,7.2,NA,NA,NA,3.2,NA,NA,5.4,NA,NA,3.5,3.8,NA,NA,NA,NA,NA,NA
ProRata/EfSyn,2015-09-15,28,6,6,33,NA,NA,NA,NA,1000,NA,9,NA,NA,NA,3,NA,NA,6,NA,NA,3.5,3.5,NA,NA,NA,NA,NA,NA
GPO/Ethnikos Kirikas,2015-09-15,31.5,6.8,5.8,31.5,NA,NA,NA,NA,1060,NA,6.8,NA,NA,NA,3.4,NA,NA,4.8,NA,NA,3.4,3.6,NA,NA,NA,NA,NA,NA
PAMAK/Skai,2015-09-15,32,5.5,6,31.5,NA,NA,NA,NA,2214,NA,7,NA,NA,NA,2.5,NA,NA,5.5,NA,NA,4,3,NA,NA,NA,NA,NA,NA
Pulse RC/Action24,2015-09-15,30.5,7.5,6,30,NA,NA,NA,NA,1258,NA,7.5,NA,NA,NA,2.5,NA,NA,6,NA,NA,3,4,NA,NA,NA,NA,NA,NA
Data RC/pelop.gr,2015-09-14,32.7,6.9,6.3,31.7,NA,NA,NA,NA,1063,NA,6.7,NA,NA,NA,3.2,NA,NA,5.6,NA,NA,3.1,3.2,NA,NA,NA,NA,NA,NA
Metron Analysis/ANT1,2015-09-14,31.6,5.3,6.2,31.6,NA,NA,NA,NA,1403,NA,7.2,NA,NA,NA,3,NA,NA,5.9,NA,NA,3.9,3.8,NA,NA,NA,NA,NA,NA
Pulse RC/To Pontiki,2015-09-11,30,7,6,30,NA,NA,NA,NA,1204,NA,7.5,NA,NA,NA,2.5,NA,NA,6,NA,NA,4,4.5,NA,NA,NA,NA,NA,NA
Palmos Analysis/tvxs,2015-09-11,30.5,6,5,33.5,NA,NA,NA,NA,1004,NA,7,NA,NA,NA,3.5,NA,NA,5.5,NA,NA,4.5,3,NA,NA,NA,NA,NA,NA
GPO/Mega TV,2015-09-11,30.1,7,6.7,30.4,NA,NA,NA,NA,1200,NA,7.6,NA,NA,NA,3.5,NA,NA,5.1,NA,NA,3.9,4.2,NA,NA,NA,NA,NA,NA
Bridging Europe,2015-09-11,24.6,3.8,6.6,32.8,NA,NA,NA,NA,1028,NA,7.8,NA,NA,NA,2.6,NA,NA,5.9,NA,NA,2.8,7.8,NA,NA,NA,NA,NA,NA
PAMAK/Skai,2015-09-11,30,6,6.5,31,NA,NA,NA,NA,2001,NA,7.5,NA,NA,NA,2,NA,NA,5.5,NA,NA,5,3.5,NA,NA,NA,NA,NA,NA
Kapa Research/To Vima,2015-09-10,29.2,6.8,6.6,29.7,NA,NA,NA,NA,1008,NA,7.8,NA,NA,NA,3.5,NA,NA,5.6,NA,NA,4,4.7,NA,NA,NA,NA,NA,NA
Alco/Proto Thema,2015-09-10,29.7,6.2,7.4,30.6,NA,NA,NA,NA,1000,NA,7.8,NA,NA,NA,3.1,NA,NA,4.8,NA,NA,4.7,4,NA,NA,NA,NA,NA,NA
Metron Analysis/Parapolitika,2015-09-10,31.3,5.2,5.9,31.7,NA,NA,NA,NA,1206,NA,6.2,NA,NA,NA,3,NA,NA,5.5,NA,NA,5.9,3.3,NA,NA,NA,NA,NA,NA
Public Issue,2015-09-10,31,8,6.5,31,NA,NA,NA,NA,1009,NA,7,NA,NA,NA,2,NA,NA,4.5,NA,NA,3,4,NA,NA,NA,NA,NA,NA
ProRata/EfSyn,2015-09-09,28.5,5.5,5.5,34.5,NA,NA,NA,NA,1300,NA,8,NA,NA,NA,3,NA,NA,5,NA,NA,4,3,NA,NA,NA,NA,NA,NA
ProRata/HellasNet,2015-09-09,28.5,5.5,5.5,34,NA,NA,NA,NA,1300,NA,8,NA,NA,NA,3,NA,NA,5,NA,NA,4,3,NA,NA,NA,NA,NA,NA
Pulse RC/Action24,2015-09-08,30,7,6.5,30.5,NA,NA,NA,NA,1319,NA,7.5,NA,NA,NA,2,NA,NA,6,NA,NA,4,4,NA,NA,NA,NA,NA,NA
GPO/Ethnikos Kirikas,2015-09-04,30.5,6.8,5.7,30,NA,NA,NA,NA,1071,NA,7.4,NA,NA,NA,3.6,NA,NA,5.4,NA,NA,4.5,4.8,NA,NA,NA,NA,NA,NA
MRB/Star,2015-09-04,29.6,6.1,5.9,29.6,NA,NA,NA,NA,1003,NA,7.1,NA,NA,NA,2.7,NA,NA,5.4,NA,NA,4.6,4.3,NA,NA,NA,NA,NA,NA
Pulse RC/bankingnews.gr,2015-09-04,29.5,6.5,6,30,NA,NA,NA,NA,1108,NA,7,NA,NA,NA,3,NA,NA,6,NA,NA,4.5,4.5,NA,NA,NA,NA,NA,NA
Public Issue,2015-09-04,30,8,7.5,28.5,NA,NA,NA,NA,1002,NA,7,NA,NA,NA,2,NA,NA,5.5,NA,NA,3.5,5,NA,NA,NA,NA,NA,NA
Marc/Ethnos,2015-09-04,29.9,5.4,6,30.4,NA,NA,NA,NA,1032,NA,7.4,NA,NA,NA,3.5,NA,NA,6.3,NA,NA,4.5,4.5,NA,NA,NA,NA,NA,NA
Kapa Research/To Vima,2015-09-03,29.3,6.6,6,30,NA,NA,NA,NA,NA,NA,7.4,NA,NA,NA,3.4,NA,NA,5.8,NA,NA,4,5.3,NA,NA,NA,NA,NA,NA
PAMAK/Skai,2015-09-03,30,5,6.5,30,NA,NA,NA,NA,1041,NA,7.5,NA,NA,NA,1.5,NA,NA,6,NA,NA,5,4.5,NA,NA,NA,NA,NA,NA
Bridging Europe,2015-09-03,24,3.8,6.8,32.6,NA,NA,NA,NA,1023,NA,7.4,NA,NA,NA,2.4,NA,NA,7.1,NA,NA,2.9,7.5,NA,NA,NA,NA,NA,NA
Pulse RC/To Pontiki,2015-09-02,29.5,6.5,6,30,NA,NA,NA,NA,1105,NA,7.5,NA,NA,NA,3,NA,NA,6,NA,NA,4,5,NA,NA,NA,NA,NA,NA
AUTH,2015-09-02,28.2,4.2,5.5,27.1,NA,NA,NA,NA,NA,NA,9.6,NA,NA,NA,2.1,NA,NA,5.3,NA,NA,4.8,8.6,NA,NA,NA,NA,NA,NA
Metron Analysis/Parapolitika,2015-09-02,30.4,5,6.5,29.6,NA,NA,NA,NA,1207,NA,6.5,NA,NA,NA,2.6,NA,NA,6,NA,NA,5.1,4.3,NA,NA,NA,NA,NA,NA
GPO/Mega TV,2015-09-02,30.9,6.5,6.2,30.5,NA,NA,NA,NA,NA,NA,6.7,NA,NA,NA,3.7,NA,NA,5.6,NA,NA,3.9,4.9,NA,NA,NA,NA,NA,NA
Alco/NewsIT,2015-09-02,28.7,5.3,6.9,29.2,NA,NA,NA,NA,1000,NA,7.8,NA,NA,NA,2.6,NA,NA,5.5,NA,NA,4.6,4.9,NA,NA,NA,NA,NA,NA
Pulse RC/Action24,2015-09-01,29.5,6,6,30.5,NA,NA,NA,NA,1108,NA,7.5,NA,NA,NA,3,NA,NA,6,NA,1,3.5,5,NA,NA,NA,NA,NA,NA
Alco/Proto Thema,2015-08-28,27.4,5.3,6.1,29.3,NA,NA,NA,NA,1000,NA,8.1,NA,NA,NA,3.1,NA,NA,6.6,NA,1.6,3.9,5.2,NA,NA,NA,NA,NA,NA
Marc/Alpha TV,2015-08-28,28.6,5.4,5.2,31.2,NA,NA,NA,NA,NA,NA,6.8,NA,NA,NA,3.7,NA,NA,7.1,NA,NA,4.7,4.7,NA,NA,NA,NA,NA,NA
E-Voice/HellasNet,2015-08-27,26.9,4,4.8,32,NA,NA,NA,NA,NA,NA,7.1,NA,NA,NA,4.2,NA,NA,5.4,NA,NA,3.5,4.8,NA,NA,NA,NA,NA,NA
PAMAK/Skai,2015-08-27,25.5,5.5,7,29,NA,NA,NA,NA,1100,NA,6.5,NA,NA,NA,2.5,NA,NA,7,NA,NA,5.5,6,NA,NA,NA,NA,NA,NA
MRB/Agora,2015-08-27,27.4,4.7,5.7,29.6,NA,NA,NA,NA,1008,NA,7.5,NA,NA,NA,2.8,NA,NA,6.7,NA,NA,5.7,5.1,NA,NA,NA,NA,NA,NA
Metron Analysis/Parapolitika,2015-08-27,27.8,5.4,5.9,29,NA,NA,NA,NA,NA,NA,8.3,NA,NA,NA,2.3,NA,NA,6.7,NA,NA,4.9,4.1,NA,NA,NA,NA,NA,NA
Kapa Research/To Vima,2015-08-26,27.9,4.6,5.8,31.5,NA,NA,NA,NA,1005,NA,7.8,NA,NA,NA,3.5,NA,NA,6.3,NA,NA,3.8,5.5,NA,NA,NA,NA,NA,NA
ProRata/EfSyn,2015-08-26,26,6,6.5,31,NA,NA,NA,NA,1000,NA,8.5,NA,NA,NA,2.5,NA,NA,5.5,NA,NA,4,4.5,NA,NA,NA,NA,NA,NA
Rass/To Paron,2015-08-26,26.8,3.8,6.8,29.5,NA,NA,NA,NA,1003,NA,7,NA,NA,NA,2.8,NA,NA,7.2,NA,NA,5.2,6.4,NA,NA,NA,NA,NA,NA
Bridging Europe,2015-08-26,22.8,3.6,7.2,33.4,NA,NA,NA,NA,1015,NA,7.4,NA,NA,NA,3,NA,NA,7.7,NA,NA,3.2,7.6,NA,NA,NA,NA,NA,NA
Interview/Vergina TV,2015-08-25,26.5,5.5,5.5,29,NA,NA,NA,NA,NA,NA,7,NA,NA,NA,4,NA,NA,6.5,NA,NA,5,5.5,NA,NA,NA,NA,NA,NA
Bridging Europe,2015-07-24,23.1,3.7,6.5,41.2,NA,NA,NA,NA,1010,NA,7.3,NA,NA,NA,5.1,NA,NA,7.9,NA,NA,NA,NA,NA,NA,NA,NA,NA,NA
Metron Analysis/Parapolitika,2015-07-21,21.9,4.4,5.1,41.2,NA,NA,NA,NA,NA,NA,6.6,NA,NA,NA,3.4,NA,NA,7.5,NA,1.6,4,NA,NA,NA,NA,NA,NA,NA
Palmos Analysis/EfSyn,2015-07-17,21.5,6,5.5,42.5,NA,NA,NA,NA,1004,NA,6.5,NA,NA,NA,3,NA,NA,8,NA,NA,NA,NA,NA,NA,NA,NA,NA,NA
Metron Analysis/Parapolitika,2015-07-09,22.6,5,4.5,45.6,NA,NA,NA,NA,NA,NA,5.1,NA,NA,NA,3.2,NA,NA,6.3,NA,1.3,4.1,NA,NA,NA,NA,NA,NA,NA
Marc,2015-07-03,24.9,5.6,5.2,40.5,NA,NA,NA,NA,NA,NA,5,NA,NA,NA,3.7,NA,NA,6.2,NA,NA,3,NA,NA,NA,NA,NA,NA,NA
ProRata,2015-07-02,24,3,6.5,42,NA,NA,NA,NA,NA,NA,8,NA,NA,NA,2.5,NA,NA,6.5,NA,NA,2.5,NA,NA,NA,NA,NA,NA,NA
Alco/Proto Thema,2015-06-26,25.5,4.6,6.1,38.6,NA,NA,NA,NA,1000,NA,6.3,NA,NA,NA,3.9,NA,NA,6.3,NA,1.8,2.3,NA,NA,NA,NA,NA,NA,NA
Public Issue,2015-06-17,19.5,4.5,5.5,47.5,NA,NA,NA,NA,1006,NA,6.5,NA,NA,NA,4,NA,NA,6.5,NA,NA,2,NA,NA,NA,NA,NA,NA,NA
ProRata/Sto Kokkino,2015-06-16,17.5,4,5,43,NA,NA,NA,NA,1006,NA,7.5,NA,NA,NA,4,NA,NA,7.5,NA,1.5,4,NA,NA,NA,NA,NA,NA,NA
GPO/Mega TV,2015-06-15,26,3.6,6.1,39.7,NA,NA,NA,NA,NA,NA,6.2,NA,NA,NA,4.2,NA,NA,6.8,NA,NA,3.1,NA,NA,NA,NA,NA,NA,NA
Metrisi/Proto Thema,2015-06-12,28.2,3.6,6.2,37.6,NA,NA,NA,NA,NA,NA,5.8,NA,NA,NA,5.9,NA,NA,7.1,NA,NA,NA,NA,NA,NA,NA,NA,NA,NA
Marc/Alpha TV,2015-06-10,23.6,3.9,6.3,41.2,NA,NA,NA,NA,1001,NA,6,NA,NA,NA,4.5,NA,NA,7.6,NA,1.3,2.2,NA,NA,NA,NA,NA,NA,NA
Metron Analysis/Parapolitika,2015-06-06,21.4,3.5,5.2,45,NA,NA,NA,NA,NA,NA,5.3,NA,NA,NA,3.8,NA,NA,7.4,NA,2.1,1.3,NA,NA,NA,NA,NA,NA,NA
PAMAK/Skai,2015-06-06,20.5,4.5,6,43,NA,NA,NA,NA,1058,NA,7,NA,NA,NA,3.5,NA,NA,7,NA,NA,NA,NA,NA,NA,NA,NA,NA,NA
Alco/NewsIT,2015-06-04,25.6,4.3,5.6,39.2,NA,NA,NA,NA,1000,NA,6,NA,NA,NA,4,NA,NA,6.6,NA,1.2,2,NA,NA,NA,NA,NA,NA,NA
Metrisi/Proto Thema,2015-05-29,27.4,3.5,6,37.8,NA,NA,NA,NA,NA,NA,5.8,NA,NA,NA,6,NA,NA,7.2,NA,NA,NA,NA,NA,NA,NA,NA,NA,NA
Metrisi/Proto Thema,2015-05-22,27.2,3.5,5.9,38,NA,NA,NA,NA,1108,NA,5.8,NA,NA,NA,6,NA,NA,7.1,NA,NA,NA,NA,NA,NA,NA,NA,NA,NA
Public Issue,2015-05-19,21,4,6,48.5,NA,NA,NA,NA,1013,NA,6,NA,NA,NA,3.5,NA,NA,5.5,NA,NA,NA,NA,NA,NA,NA,NA,NA,NA
PAMAK/Skai,2015-05-15,19,3.5,5,45,NA,NA,NA,NA,1023,NA,7.5,NA,NA,NA,3.5,NA,NA,7.5,NA,NA,NA,NA,NA,NA,NA,NA,NA,NA
Rass/To Paron,2015-05-07,23.3,4,5.8,43.7,NA,NA,NA,NA,1002,NA,5,NA,NA,NA,5.1,NA,NA,7.2,NA,NA,1.8,NA,NA,NA,NA,NA,NA,NA
MRB/Real News,2015-05-07,24.2,3.5,6.4,41.8,NA,NA,NA,NA,1006,NA,5.9,NA,NA,NA,4.7,NA,NA,6.7,NA,1.2,2.5,NA,NA,NA,NA,NA,NA,NA
Marc/EfSyn,2015-05-07,24.1,3.6,5.7,41.6,NA,NA,NA,NA,1001,NA,6.2,NA,NA,NA,4.7,NA,NA,7.7,NA,1.5,1.7,NA,NA,NA,NA,NA,NA,NA
Palmos Analysis/SBC TV,2015-05-06,20.5,3.5,5,44.5,NA,NA,NA,NA,1036,NA,6.5,NA,NA,NA,4,NA,NA,8.5,NA,NA,NA,NA,NA,NA,NA,NA,NA,NA
ProRata/Sto Kokkino,2015-05-06,18.5,3.5,6,47.5,NA,NA,NA,NA,1000,NA,6,NA,NA,NA,3.5,NA,NA,6.5,NA,1.5,2,NA,NA,NA,NA,NA,NA,NA
Metrisi/Proto Thema,2015-04-30,27.8,3.9,5.8,39.1,NA,NA,NA,NA,NA,NA,5.6,NA,NA,NA,5.8,NA,NA,6.5,NA,NA,NA,NA,NA,NA,NA,NA,NA,NA
GPO/Mega TV,2015-04-29,24.4,4.4,6.1,40.6,NA,NA,NA,NA,NA,NA,6.1,NA,NA,NA,5.6,NA,NA,7.2,NA,NA,2,NA,NA,NA,NA,NA,NA,NA
Marc/Alpha TV,2015-04-28,24.1,3.2,5.9,41.3,NA,NA,NA,NA,1001,NA,6.1,NA,NA,NA,4.9,NA,NA,6.7,NA,1.6,1.7,NA,NA,NA,NA,NA,NA,NA
Alco/Proto Thema,2015-04-23,26,3.9,6.1,42.7,NA,NA,NA,NA,1000,NA,6,NA,NA,NA,4.3,NA,NA,6.1,NA,NA,1.8,NA,NA,NA,NA,NA,NA,NA
Kapa Research/To Vima,2015-04-22,24.1,4.3,5.6,41,NA,NA,NA,NA,1007,NA,6.3,NA,NA,NA,5.1,NA,NA,8.1,NA,NA,NA,NA,NA,NA,NA,NA,NA,NA
Metrisi/Proto Thema,2015-04-16,27.5,3.5,5.9,39.4,NA,NA,NA,NA,NA,NA,5.9,NA,NA,NA,5.6,NA,NA,6.3,NA,NA,NA,NA,NA,NA,NA,NA,NA,NA
Metron Analysis/Parapolitika,2015-04-04,20.9,4.3,5,45.6,NA,NA,NA,NA,NA,NA,5.5,NA,NA,NA,3.8,NA,NA,7.5,NA,1.7,2.2,NA,NA,NA,NA,NA,NA,NA
Metrisi/Proto Thema,2015-04-02,27,3.3,5.8,40.3,NA,NA,NA,NA,NA,NA,6.2,NA,NA,NA,5.5,NA,NA,6.2,NA,NA,NA,NA,NA,NA,NA,NA,NA,NA
Metrisi/iefimerida,2015-03-20,26.8,3.1,5.9,40.9,NA,NA,NA,NA,1008,NA,6.7,NA,NA,NA,4.8,NA,NA,5.9,NA,NA,NA,NA,NA,NA,NA,NA,NA,NA
Palmos Analysis/SBC TV,2015-03-19,20.5,2.5,5.5,51.5,NA,NA,NA,NA,1006,NA,4.5,NA,NA,NA,4,NA,NA,5,NA,NA,NA,NA,NA,NA,NA,NA,NA,NA
Marc/Alpha TV,2015-03-18,23.4,2.8,5.5,44.8,NA,NA,NA,NA,NA,NA,5.4,NA,NA,NA,5,NA,NA,4.8,NA,2,1.6,NA,NA,NA,NA,NA,NA,NA
Metron Analysis/Parapolitika,2015-03-18,21.1,3.4,4.5,47.8,NA,NA,NA,NA,NA,NA,6.1,NA,NA,NA,4.4,NA,NA,5.6,NA,2.2,2.1,NA,NA,NA,NA,NA,NA,NA
Interview/Vergina TV,2015-03-17,19.8,3.7,6,46.4,NA,NA,NA,NA,1000,NA,6.7,NA,NA,NA,5.6,NA,NA,4.9,NA,NA,NA,NA,NA,NA,NA,NA,NA,NA
MRB/Star,2015-03-02,21.5,3.2,5.9,46.2,NA,NA,NA,NA,1009,NA,5.7,NA,NA,NA,6,NA,NA,6,NA,NA,2.1,NA,NA,NA,NA,NA,NA,NA
Metron Analysis/Parapolitika,2015-02-25,20.7,3.4,4.7,47.6,NA,NA,NA,NA,NA,NA,5.9,NA,NA,NA,4.3,NA,NA,6.4,NA,1.6,2.8,NA,NA,NA,NA,NA,NA,NA
Marc/Alpha TV,2015-02-13,20,3,5.2,49.4,NA,NA,NA,NA,1005,NA,5.1,NA,NA,NA,5.1,NA,NA,5,NA,2.2,2,NA,NA,NA,NA,NA,NA,NA
Kapa Research/Ethnos,2019-07-05,40,NA,5.4,28,NA,NA,NA,NA,1241,NA,3.9,NA,NA,NA,NA,NA,NA,NA,NA,NA,1.5,NA,NA,NA,1.5,3.1,7.3,3.4
Marc/ΑΝΤ1,2019-07-04,38.9,NA,5.5,27.5,NA,NA,NA,NA,1412,NA,3.6,NA,NA,NA,NA,NA,NA,NA,NA,NA,1.2,NA,NA,NA,1.9,3.9,7,3.7
MRB/Star,2019-07-04,38.8,NA,5.7,28.5,NA,NA,NA,NA,1205,NA,3.9,NA,NA,NA,NA,NA,NA,NA,NA,NA,2.4,NA,NA,NA,1.7,3.4,7.8,4.1
Rass/Action24,2019-07-04,39.4,NA,5.9,27.7,NA,NA,NA,NA,NA,NA,2.7,NA,NA,NA,NA,NA,NA,NA,NA,NA,2,NA,NA,NA,1.8,3.2,8.2,3
Pulse RC/Skai,2019-07-03,38.9,NA,5.4,30.3,NA,NA,NA,NA,1206,NA,4.3,NA,NA,NA,NA,NA,NA,NA,NA,NA,1.6,NA,NA,NA,1.6,3.2,7.6,3.2
Interview/Vergina TV,2019-07-03,35.7,NA,5.3,25.1,NA,NA,NA,NA,1005,NA,4.3,NA,NA,NA,NA,NA,NA,NA,NA,NA,1.7,NA,NA,NA,NA,4,7.2,2.4
Public Issue,2019-07-03,42.5,NA,5.5,27,NA,NA,NA,NA,1003,NA,3.5,NA,NA,NA,NA,NA,NA,NA,NA,NA,2,NA,NA,NA,NA,3,8,3
Alco/Open TV,2019-07-02,38.9,NA,4.9,27.8,NA,NA,NA,NA,1000,NA,4.1,NA,NA,NA,NA,NA,NA,NA,NA,NA,1.6,NA,NA,NA,1.5,3.6,8,3
ProRata/Newpost,2019-07-01,39.5,NA,5.5,26.5,NA,NA,NA,NA,1000,NA,3.6,NA,NA,NA,NA,NA,NA,NA,NA,NA,NA,NA,NA,NA,NA,3.2,7,3.2
Metron Analysis/Alpha TV,2019-07-01,38.6,NA,5.2,29.2,NA,NA,NA,NA,NA,NA,4,NA,NA,NA,NA,NA,NA,NA,NA,NA,2,NA,NA,NA,1.7,3.4,7.5,4.5
Rass/in.gr,2019-06-27,38.8,NA,6.7,28.7,NA,NA,NA,NA,1002,NA,3.5,NA,NA,NA,NA,NA,NA,NA,NA,NA,1.4,NA,NA,NA,NA,3.7,9.5,3.1
MRB/Ta Nea,2019-06-26,37.9,NA,5,29,NA,NA,NA,NA,NA,NA,3.8,NA,NA,NA,NA,NA,NA,NA,NA,NA,2.3,NA,NA,NA,1.3,3.7,8.1,3.3
Interview/Politik,2019-06-26,39.1,NA,5.2,28.5,NA,NA,NA,NA,1005,NA,4.6,NA,NA,NA,NA,NA,NA,NA,NA,NA,1.7,NA,NA,NA,NA,4.5,7.5,2.8
Pulse RC/Skai,2019-06-26,39,NA,5.4,29,NA,NA,NA,NA,1504,NA,4.3,NA,NA,NA,NA,NA,NA,NA,NA,NA,1.6,NA,NA,NA,1.1,3.8,7.6,3.8
Marc/ΑΝΤ1,2019-06-23,38.3,NA,5.7,27,NA,NA,NA,NA,NA,NA,3.7,NA,NA,NA,NA,NA,NA,NA,NA,NA,1.3,NA,NA,NA,1.6,3.7,8,3.9
Metron Analysis/To Vima,2019-06-22,38.5,NA,5.2,29.5,NA,NA,NA,NA,NA,NA,3.5,NA,NA,NA,NA,NA,NA,NA,NA,NA,2.5,NA,NA,NA,1,2.8,8,2.5
ProRata/Newpost,2019-06-20,40,NA,5,27.5,NA,NA,NA,NA,1000,NA,4,NA,NA,NA,NA,NA,NA,NA,NA,NA,1,NA,NA,NA,1,3,7.5,3.5
Interview/Vergina TV,2019-06-20,37.6,NA,5.8,26.5,NA,NA,NA,NA,1000,NA,3.9,NA,NA,NA,NA,NA,NA,NA,NA,NA,1.8,NA,NA,NA,NA,4.6,7.2,3
Opinion Poll/The TOC,2019-06-19,39.8,NA,4.6,27,NA,NA,NA,NA,1302,NA,3.3,NA,NA,NA,NA,NA,NA,NA,NA,NA,1.1,NA,NA,NA,2.3,3.6,6.4,4.1
Alco/Open TV,2019-06-19,38.1,NA,5.6,27.3,NA,NA,NA,NA,1000,NA,4.5,NA,NA,NA,NA,NA,NA,NA,NA,NA,1.3,NA,NA,NA,2.1,3.5,7.6,4.1
Pulse RC/Skai,2019-06-19,38,NA,6,29.5,NA,NA,NA,NA,1221,NA,5,NA,NA,NA,NA,NA,NA,NA,NA,NA,1.5,NA,NA,NA,1.5,3.5,7.5,4
Pulse RC/Skai,2019-06-12,38,NA,6,28.5,NA,NA,NA,NA,1356,NA,5.5,NA,NA,NA,NA,NA,NA,NA,NA,NA,1,NA,NA,NA,NA,3.5,7.5,4
MRB/Star,2019-06-12,37,NA,6,28,NA,NA,NA,NA,1003,NA,5.4,NA,NA,NA,NA,NA,NA,NA,NA,NA,2.1,NA,NA,NA,NA,3,7.3,4
Metron Analysis/Alpha TV,2019-06-05,39.8,NA,4.8,29.6,NA,NA,NA,NA,1203,NA,4.7,NA,NA,NA,NA,NA,NA,NA,NA,NA,NA,NA,NA,NA,1.3,2.5,7.7,3.6
Pulse RC/Skai,2019-06-01,36.5,NA,6,26.5,NA,NA,NA,NA,1358,NA,5.5,NA,NA,NA,NA,NA,NA,1.5,NA,NA,1.5,NA,NA,NA,1.5,4.5,8.5,3
Vox Pop Analysis/neaselida.gr,2019-05-24,33.2,NA,4.5,32,NA,NA,NA,NA,NA,NA,7,NA,NA,NA,NA,NA,NA,1.3,NA,NA,1.5,NA,NA,NA,1.2,2.2,5.5,2.4
Rass/Action24,2019-05-17,36,NA,7.6,26.4,NA,NA,NA,NA,1003,NA,7.3,NA,NA,NA,1.7,NA,NA,NA,NA,NA,3,NA,NA,NA,NA,2.4,9.9,NA
MRB/Star,2019-05-08,36.2,NA,6.9,27.3,NA,NA,NA,NA,NA,NA,7.3,NA,NA,NA,NA,NA,NA,1.9,NA,NA,2.8,NA,NA,NA,NA,2,7.5,NA
Palmos Analysis/tvxs,2019-04-25,34,NA,7.5,28.5,NA,NA,NA,NA,1004,NA,5.5,NA,NA,NA,1,NA,NA,1.5,NA,NA,3,NA,NA,1.8,NA,3.5,9,NA
Opinion Poll/Théma 104.6,2019-04-17,40.6,NA,6.3,21.8,NA,NA,NA,NA,1204,NA,6.7,NA,NA,NA,0.4,NA,NA,1.7,NA,NA,2.3,1.6,NA,NA,1.4,3.2,7.1,1.3
Interview/Vergina TV,2019-04-17,36.8,NA,7,25.4,NA,NA,NA,NA,1005,NA,8.7,NA,NA,NA,1.5,NA,NA,1.4,NA,NA,2.4,1.6,NA,NA,1.7,2.9,8.1,0.6
Metron Analysis/Alpha TV,2019-04-17,35.4,NA,6.1,28.8,NA,NA,NA,NA,1200,NA,6.2,NA,NA,NA,1.8,NA,NA,2.1,NA,NA,2.8,1.2,NA,NA,NA,2.9,8.4,NA
Metron Analysis/Alpha TV,2019-04-17,37.5,NA,6.4,27.3,NA,NA,NA,NA,1200,NA,6.7,NA,NA,NA,1.3,NA,NA,2,NA,NA,2.2,NA,NA,NA,NA,3.1,8.7,NA
MRB/Star,2019-04-03,37.3,NA,7.2,27.4,NA,NA,NA,NA,1003,NA,7.3,NA,NA,NA,1.2,NA,NA,1.6,NA,NA,2.4,NA,NA,1.2,NA,2.7,7.6,NA
Marc/Proto Thema,2019-04-01,37.1,NA,6.4,25.9,NA,NA,NA,NA,1200,NA,7.1,NA,NA,NA,NA,NA,NA,1.3,NA,NA,3.1,1.2,NA,NA,1.2,3.1,7.8,1.8
Rass/in.gr,2019-03-28,35.9,NA,8.5,25.3,NA,NA,NA,NA,1005,NA,8.3,NA,NA,NA,1.7,NA,NA,NA,NA,NA,3.3,NA,NA,NA,NA,2,10.7,NA
Pulse RC/Skai,2019-03-27,36.5,NA,6.5,25.5,NA,NA,NA,NA,1452,NA,8.5,NA,NA,NA,1.5,NA,NA,1.5,NA,NA,2,1.5,NA,1,1.5,2.5,8.5,NA
Vox Pop Analysis/Documento,2019-03-20,34.4,NA,5,31.8,NA,NA,NA,NA,1000,NA,8.8,NA,NA,NA,0.5,NA,NA,0.9,NA,NA,0.8,NA,NA,NA,NA,NA,6.5,NA
Metron Analysis/To Vima,2019-03-20,36.8,NA,6.2,26,NA,NA,NA,NA,1204,NA,7.5,NA,NA,NA,1.4,NA,NA,1.5,NA,NA,1.8,1.7,NA,NA,NA,2.1,7.4,NA
Pulse RC/Skai,2019-02-26,37,NA,7,24.5,NA,NA,NA,NA,1323,NA,9,NA,NA,NA,1,NA,NA,1,NA,NA,2.5,1,NA,NA,1.5,3,8,NA
Alco/Open TV,2019-02-23,32.8,NA,7,25,NA,NA,NA,NA,1000,NA,7.3,NA,NA,NA,1.9,NA,NA,1.8,NA,NA,3.7,3.6,NA,NA,NA,1.9,5.7,NA
Public Issue,2019-02-14,39,NA,6.5,24.5,NA,NA,NA,NA,1002,NA,7.5,NA,NA,NA,1,NA,NA,1,NA,NA,1.5,NA,NA,NA,NA,3,8.5,NA
Interview/Vergina TV,2019-02-05,36.7,NA,6.5,24.7,NA,NA,NA,NA,1000,NA,7.5,NA,NA,NA,1.7,NA,NA,1.4,NA,NA,2.8,1.6,NA,NA,1.5,3.3,6.1,NA
ProRata/EfSyn,2019-02-04,36.5,NA,6.5,29.5,NA,NA,NA,NA,1000,NA,8.5,NA,NA,NA,0,NA,NA,0.5,NA,NA,2,0.5,NA,1,1,3,7.5,0.5
Metron Analysis/To Vima,2019-02-02,37.2,NA,6.1,25.1,NA,NA,NA,NA,1205,NA,9.1,NA,NA,NA,1.3,NA,NA,1.9,NA,NA,2.7,1.5,NA,1.3,NA,2.8,7,NA
Vox Pop Analysis/Documento,2019-01-29,34.3,NA,4.1,31.9,NA,NA,NA,NA,7.5360000000000005,NA,10.7,NA,NA,NA,1,NA,NA,0.8,NA,NA,2.2,1,NA,NA,1.5,2.6,5.6,NA
Rass/in.gr,2019-01-24,36.6,NA,8.6,25.2,NA,NA,NA,NA,1004,NA,8.4,NA,NA,NA,1.9,NA,NA,NA,NA,NA,2.8,NA,NA,NA,NA,1.8,10.3,NA
Pulse RC/Skai,2019-01-22,38,NA,6.5,26,NA,NA,NA,NA,1326,NA,9,NA,NA,NA,1,NA,NA,1,NA,NA,2,1,NA,NA,1,2,7.5,NA
Marc/Proto Thema,2019-01-17,37.3,NA,6.9,26.9,NA,NA,NA,NA,1002,NA,7.5,NA,NA,NA,1.7,NA,NA,2.2,NA,NA,2.7,1.4,NA,1.1,NA,2.6,7.5,NA
Opinion Poll,2019-01-16,42.5,NA,5.5,22.2,NA,NA,NA,NA,1000,NA,5.8,NA,NA,NA,0.5,NA,NA,1,NA,NA,2,1.7,NA,NA,2,2.9,5.1,NA
Pulse RC/Skai,2018-12-18,38,NA,7,26,NA,NA,NA,NA,1359,NA,8,NA,NA,NA,1.5,NA,NA,1.5,NA,NA,2,NA,NA,1,NA,2,8,NA
Alco/Open TV,2018-12-10,32.8,NA,7.4,25.4,NA,NA,NA,NA,1000,NA,8.6,NA,NA,NA,2.4,NA,NA,1.5,NA,NA,2.3,3.4,NA,NA,NA,2.4,6.4,NA
MRB/Real.gr,2018-12-06,37.1,NA,7.1,27.6,NA,NA,NA,NA,2000,NA,8.1,NA,NA,NA,1.7,NA,NA,1.7,NA,NA,2.7,NA,NA,1.2,NA,1.5,8.1,NA
Kapa Research/thebest.gr,2018-12-06,31.7,NA,7.4,25.7,NA,NA,NA,NA,1004,NA,10,NA,NA,NA,2.8,NA,NA,1.9,NA,NA,2.9,1.6,NA,1.4,NA,2.3,8.1,NA
Palmos Analysis/tvxs,2018-11-23,34,NA,6.5,28.5,NA,NA,NA,NA,1025,NA,7.5,NA,NA,NA,1.5,NA,NA,2.5,NA,NA,3.5,NA,NA,NA,NA,2,6.5,NA
Metron Analysis/Ta Nea,2018-11-21,37.8,NA,6.3,26.9,NA,NA,NA,NA,1205,NA,7.2,NA,NA,NA,1.3,NA,NA,2.5,NA,NA,2.4,NA,NA,NA,NA,2,6.9,NA
Pulse RC/Skai,2018-11-20,36.5,NA,7.5,25.5,NA,NA,NA,NA,1354,NA,8.5,NA,NA,NA,2,NA,NA,2,NA,NA,2.5,1,NA,NA,NA,2,9,NA
Public Issue,2018-11-16,38.5,NA,7.5,22,NA,NA,NA,NA,1000,NA,7,NA,NA,NA,2,NA,NA,2,NA,NA,2,NA,NA,NA,NA,NA,9.5,NA
Marc/Proto Thema,2018-10-24,36.8,NA,7.3,23.7,NA,NA,NA,NA,1002,NA,7.6,NA,NA,NA,1.5,NA,NA,2.3,NA,NA,2.8,1.5,NA,NA,NA,2.2,8.4,NA
Rass/Action24,2018-10-18,35.6,NA,8.4,24.2,NA,NA,NA,NA,1004,NA,8.7,NA,NA,NA,2.5,NA,NA,NA,NA,NA,3.2,NA,NA,NA,NA,1.3,11.5,NA
Pulse RC/Skai,2018-10-16,38,NA,7.5,25,NA,NA,NA,NA,1355,NA,9,NA,NA,NA,2,NA,NA,2,NA,NA,2,1,NA,NA,NA,2.5,8.5,NA
Palmos Analysis/tvxs,2018-09-21,34,NA,6,28,NA,NA,NA,NA,1016,NA,5.5,NA,NA,NA,1.5,NA,NA,2.5,NA,NA,2.5,NA,NA,NA,NA,NA,8,NA
Metron Analysis/Ta Nea,2018-09-20,36.9,NA,6.7,25.2,NA,NA,NA,NA,1000,NA,6,NA,NA,NA,1.3,NA,NA,2.3,NA,NA,3.2,1.6,NA,NA,1.6,1.4,8.1,NA
MRB/Star,2018-09-19,37.7,NA,7.2,27,NA,NA,NA,NA,1004,NA,7.3,NA,NA,NA,1.8,NA,NA,1.2,NA,NA,3.2,NA,NA,1.3,NA,1.6,7.9,NA
Alco/Kontra Channel,2018-09-19,33.3,NA,7.5,25.8,NA,NA,NA,NA,1000,NA,8,NA,NA,NA,2.6,NA,NA,1.7,NA,NA,2.9,2.5,NA,1.8,NA,1.5,6.5,NA
Kapa Research/Ethnos,2018-09-18,31.4,NA,7.1,25.2,NA,NA,NA,NA,1005,NA,10.1,NA,NA,NA,3.2,NA,NA,1.7,NA,NA,2.9,2,NA,1.5,NA,1.9,8.5,NA
Pulse RC/Skai,2018-09-18,38,NA,7,26,NA,NA,NA,NA,1354,NA,9,NA,NA,NA,2,NA,NA,2,NA,NA,2.5,1,NA,NA,NA,2.5,8,NA
Vox Pop Analysis/Documento,2018-09-14,33.6,NA,4.6,29.6,NA,NA,NA,NA,NA,NA,9.2,NA,NA,NA,0.7,NA,NA,0.5,NA,NA,1.5,1.1,NA,NA,1.1,3,6.4,NA
ProRata/EfSyn,2018-09-12,34.5,NA,6.5,26.5,NA,NA,NA,NA,1000,NA,8.5,NA,NA,NA,1.5,NA,NA,3,NA,NA,2,2,NA,NA,NA,2,10,NA
Marc/Proto Thema,2018-09-08,36.4,NA,7.3,23.2,NA,NA,NA,NA,NA,NA,8.4,NA,NA,NA,1.4,NA,NA,1.8,NA,NA,3.1,1.7,NA,1.5,NA,2.5,7.8,NA
Public Issue,2018-07-12,38,NA,7.5,22.5,NA,NA,NA,NA,1009,NA,7.5,NA,NA,NA,2.5,NA,NA,2.5,NA,NA,3,NA,NA,NA,NA,NA,9.5,NA
Vox Pop Analysis/Documento,2018-07-07,32.5,NA,6.6,27.2,NA,NA,NA,NA,NA,NA,9.7,NA,NA,NA,1.3,NA,NA,NA,NA,NA,2.5,NA,NA,NA,NA,NA,8.5,NA
Kapa Research/Ethnos,2018-07-02,30.6,NA,7.5,23.4,NA,NA,NA,NA,NA,NA,11.4,NA,NA,NA,2.6,NA,NA,NA,NA,NA,3.4,2,NA,1.3,NA,2.8,9.1,NA
MRB/Real.gr,2018-06-29,36.8,NA,6.9,25.2,NA,NA,NA,NA,2000,NA,8.4,NA,NA,NA,2.1,NA,NA,NA,NA,NA,3.4,NA,NA,1.2,NA,1.3,10.6,NA
Metron Analysis/Ta Nea,2018-06-28,36.7,NA,6.8,22.6,NA,NA,NA,NA,1000,NA,8,NA,NA,NA,2,NA,NA,NA,NA,NA,3.2,NA,NA,NA,1.6,2.8,9.9,NA
Alco/Kontra Channel,2018-06-27,32.5,NA,8.5,23.6,NA,NA,NA,NA,1000,NA,7.5,NA,NA,NA,1.5,NA,NA,NA,NA,NA,3.6,2.5,NA,1.7,NA,2.1,7.4,1.6
Pulse RC/Skai,2018-06-26,39,NA,7,24.5,NA,NA,NA,NA,1323,NA,8.5,NA,NA,NA,2,NA,NA,NA,NA,NA,2.9,1,NA,1,1,2,8.5,NA
Marc/Proto Thema,2018-06-15,37.9,NA,7.8,20.1,NA,NA,NA,NA,1000,NA,9,NA,NA,NA,2.1,NA,NA,NA,NA,NA,3.4,2,NA,1.4,NA,2.1,9.3,NA
Rass/Action 24,2018-05-31,36.2,NA,8.3,23.7,NA,NA,NA,NA,1002,NA,8.5,NA,NA,NA,3,NA,NA,NA,NA,NA,3.4,NA,NA,NA,NA,NA,11.8,NA
Alco/Kontra Channel,2018-05-20,32,NA,7.5,25.1,NA,NA,NA,NA,1000,NA,8.7,NA,NA,NA,2.2,NA,NA,NA,NA,NA,2.9,2.6,NA,1.6,NA,1.6,8,1.5
Pulse RC/Skai,2018-05-15,37,NA,7,25,NA,NA,NA,NA,1341,NA,9,NA,NA,NA,2.5,NA,NA,NA,NA,NA,2.5,1,NA,1,1,1.5,9,NA
Public Issue,2018-05-07,39,NA,6.5,20,NA,NA,NA,NA,1003,NA,8.5,NA,NA,NA,1.5,NA,NA,NA,NA,NA,3.5,NA,NA,NA,NA,NA,11,NA
Metron Analysis/Ta Nea,2018-04-21,36.3,NA,6.7,23.3,NA,NA,NA,NA,NA,NA,7.1,NA,NA,NA,2.5,NA,NA,NA,NA,NA,3.3,1.5,NA,NA,2.3,1.6,9,1.4
Pulse RC/Skai,2018-04-17,36,NA,7.5,24.5,NA,NA,NA,NA,1356,NA,9,NA,NA,NA,2.5,NA,NA,NA,NA,NA,2.5,NA,NA,1,NA,1.5,10.5,NA
Alco/News247,2018-04-16,31.4,NA,6.3,24.5,NA,NA,NA,NA,1000,NA,8.8,NA,NA,NA,2.6,NA,NA,NA,NA,NA,2.6,3.7,NA,NA,1.9,NA,7.9,NA
Palmos Analysis/tvxs,2018-04-15,32.5,NA,8.5,25.5,NA,NA,NA,NA,1009,NA,7.5,NA,NA,NA,2.5,NA,NA,NA,NA,NA,3,NA,NA,NA,NA,NA,9.5,NA
Kapa Research/Ethnos,2018-04-03,28.4,NA,8.3,22.6,NA,NA,NA,NA,8000,NA,10.3,NA,NA,NA,3.3,NA,NA,NA,NA,NA,3,2,NA,1.6,1.8,2.2,10.3,1.6
Marc/Proto Thema,2018-03-23,35.3,NA,7.8,22.7,NA,NA,NA,NA,NA,NA,8.9,NA,NA,NA,2.1,NA,NA,NA,NA,NA,3.2,2.1,NA,NA,1.3,1.3,9.8,NA
Pulse RC/Skai,2018-03-13,36,NA,7,24.5,NA,NA,NA,NA,1304,NA,9,NA,NA,NA,2.5,NA,NA,NA,NA,NA,2.5,NA,NA,1,1,1,10,NA
Rass/Action24,2018-03-08,35.8,NA,7.7,23.4,NA,NA,NA,NA,1002,NA,8.8,NA,NA,NA,3,NA,NA,NA,NA,NA,3.3,NA,NA,NA,NA,NA,12.4,NA
Pulse RC/Dimokratia,2018-03-03,35.5,NA,7,25,NA,NA,NA,NA,NA,NA,9.5,NA,NA,NA,2.5,NA,NA,NA,NA,NA,2.5,1,NA,1,2.5,1,9.5,NA
Opinion Poll/Paraskhnio,2018-03-03,38.7,NA,7.1,25.6,NA,NA,NA,NA,NA,NA,7,NA,NA,NA,1.2,NA,NA,NA,NA,NA,2.9,2.6,NA,NA,NA,NA,9.1,NA
Alco/Ethnos,2018-02-24,32,NA,7.5,24.7,NA,NA,NA,NA,1000,NA,10.3,NA,NA,NA,3,NA,NA,NA,NA,NA,2.7,3,NA,NA,1.3,NA,9.3,NA
Metron Analysis/To Vima,2018-02-23,34.9,NA,7,25.2,NA,NA,NA,NA,2300,NA,9.4,NA,NA,NA,2.5,NA,NA,NA,NA,NA,3,1.9,NA,NA,NA,1.5,8.4,NA
Pulse RC/Action24,2018-01-29,36.5,NA,6.5,24,NA,NA,NA,NA,1518,NA,9.5,NA,NA,NA,2.5,NA,NA,NA,NA,NA,2.5,1,NA,1,1,1,10.5,NA
Metron Analysis/Ta Nea,2018-01-20,35.4,NA,6.9,24.9,NA,NA,NA,NA,NA,NA,6.6,NA,NA,NA,2.7,NA,NA,NA,NA,NA,3.2,NA,NA,1.3,2.7,1.9,9.8,NA
Alco/News247,2018-01-18,32.7,NA,7.3,25,NA,NA,NA,NA,1000,NA,9.3,NA,NA,NA,2.9,NA,NA,NA,NA,NA,2.6,4,NA,NA,NA,NA,9.7,NA
Public Issue,2018-01-18,37,NA,7.5,21.5,NA,NA,NA,NA,1010,NA,8,NA,NA,NA,2,NA,NA,1,NA,NA,2.5,NA,NA,NA,NA,NA,13,NA
Marc/Proto Thema,2018-01-13,35.2,NA,7.7,22.9,NA,NA,NA,NA,NA,NA,8.1,NA,NA,NA,2.9,NA,NA,NA,NA,NA,3.4,2.2,NA,NA,1.5,NA,11,NA
Pulse RC/bankingnews.gr,2018-01-10,36.5,NA,6.5,25,NA,NA,NA,NA,1207,NA,8.5,NA,NA,NA,2.5,NA,NA,NA,NA,NA,2.5,NA,NA,NA,NA,NA,10,NA
Alco/News247,2017-12-18,32.5,NA,7.5,24.4,NA,NA,NA,NA,1000,NA,8.6,NA,NA,NA,3,NA,NA,NA,NA,NA,3,3.7,NA,NA,NA,NA,11.2,NA
PAMAK/Skai,2017-12-15,35.5,NA,7.5,21,NA,NA,NA,NA,1058,NA,9,NA,NA,NA,2.5,NA,NA,NA,NA,NA,3,2,NA,2.5,1,NA,11,NA
MRB/Real.gr,2017-12-08,35.2,NA,7.5,24.4,NA,NA,NA,NA,2000,NA,7.8,NA,NA,NA,2.5,NA,NA,NA,NA,NA,3.2,1.1,NA,2.4,1.7,NA,11.6,NA
Kapa Research,2017-12-06,29.4,NA,8,22.9,NA,NA,NA,NA,12783,NA,9.6,NA,NA,NA,3.2,NA,NA,NA,NA,NA,3,2.3,NA,1.5,1.9,NA,11.7,NA
Opinion Poll/iefimerida,2017-12-04,37.7,NA,7.8,21,NA,NA,NA,NA,1010,NA,5.7,NA,NA,NA,1.3,NA,NA,NA,NA,NA,3,0.9,NA,0.5,1.3,NA,11.5,NA
Metron Analysis/Ta Nea,2017-11-25,35.6,NA,6,24.1,NA,NA,NA,NA,1000,NA,7.4,NA,NA,NA,2.6,NA,NA,1.5,NA,NA,3.1,NA,12.5,NA,2.3,NA,NA,NA
PAMAK/Skai,2017-11-16,36.5,NA,7.5,22,NA,NA,NA,NA,1112,NA,8.5,NA,NA,NA,2,NA,NA,0.5,NA,NA,2.5,NA,10,NA,NA,NA,NA,NA
Alco/Newsit,2017-11-14,31.9,NA,7,23.4,NA,NA,NA,NA,1000,NA,8.8,NA,NA,NA,2.8,NA,NA,2.6,NA,NA,2.8,3.6,7.5,NA,1.4,NA,NA,NA
Pulse RC/Dimokratia,2017-11-10,37,NA,7,24.5,NA,NA,NA,NA,1114,NA,9,NA,NA,NA,2,NA,NA,1.5,NA,NA,2,NA,9,NA,NA,NA,NA,NA
PAMAK/Skai,2017-10-25,37,NA,6.5,21.5,NA,NA,NA,NA,1135,NA,8.5,NA,NA,NA,3,NA,NA,2,NA,NA,3.5,NA,7.5,NA,2.5,NA,NA,NA
Marc/Proto Thema,2017-10-25,36.8,NA,8.1,22.3,NA,NA,NA,NA,NA,NA,8.1,NA,NA,NA,2.5,NA,NA,2.5,NA,NA,3.6,1.9,8.6,NA,1.3,1.3,NA,NA
Palmos Analysis/tvxs,2017-10-12,30,NA,8.5,22,NA,NA,NA,NA,1010,NA,8.5,NA,NA,NA,2,NA,NA,3,NA,NA,3,2,8,2,2,NA,NA,NA
Alco/Newsit,2017-09-28,32.9,NA,7.5,23.6,NA,NA,NA,NA,1000,NA,9.2,NA,NA,NA,2.9,NA,NA,2.5,NA,NA,3.2,2.9,7.6,NA,1.9,NA,NA,NA
PAMAK/Skai,2017-09-22,35.5,NA,7.5,21,NA,NA,NA,NA,1025,NA,8.5,NA,NA,NA,2.5,NA,NA,1,NA,NA,2.5,NA,9,NA,NA,NA,NA,NA
Metron Analysis/Ta Nea,2017-09-20,36.7,NA,7.1,22.7,NA,NA,NA,NA,1201,NA,7.3,NA,NA,NA,2.9,NA,NA,2.8,NA,NA,3.4,1.7,8.8,NA,1.9,NA,NA,NA
Kapa Research/To Vima,2017-09-11,30.9,NA,8.2,22.6,NA,NA,NA,NA,1215,NA,8.9,NA,NA,NA,3.5,NA,NA,2,NA,NA,3,1.8,9.4,1.8,1.8,NA,NA,NA
Marc/Proto Thema,2017-09-07,36.8,NA,8.1,22.3,NA,NA,NA,NA,NA,NA,8.4,NA,NA,NA,2.8,NA,NA,2.7,NA,NA,3.2,1.8,8.1,NA,1.4,1.5,NA,NA
Alco/Newsit,2017-09-06,33.2,NA,8.6,22.9,NA,NA,NA,NA,1000,NA,9,NA,NA,NA,3,NA,NA,1.7,NA,NA,3,2.8,7.9,NA,1.4,NA,NA,NA
Metron Analysis/Parapolitika,2017-07-05,37,NA,8,22.2,NA,NA,NA,NA,1003,NA,8.3,NA,NA,NA,2.7,NA,NA,2.7,NA,NA,3.8,1.6,8.1,NA,2,NA,NA,NA
MRB/Real News,2017-06-29,36.1,NA,8.4,21.7,NA,NA,NA,NA,2000,NA,9,NA,NA,NA,3,NA,NA,2.4,NA,NA,3.5,NA,9,1.2,2.8,NA,NA,NA
PAMAK/Skai,2017-06-23,39.5,NA,9,18,NA,NA,NA,NA,1145,NA,8.5,NA,NA,NA,2.5,NA,NA,2.5,NA,NA,3,2,7,2,1,NA,NA,NA
Κapa Research/To Vima,2017-06-22,31.8,NA,8.4,22.2,NA,NA,NA,NA,1006,NA,9,NA,NA,NA,3.6,NA,NA,2.2,NA,NA,3.2,1.5,8.8,1.6,2.2,NA,NA,NA
PAMAK/Skai,2017-05-26,38,NA,9,19.5,NA,NA,NA,NA,1187,NA,9,NA,NA,NA,2.5,NA,NA,2,NA,NA,3,1,6.5,2.5,2,1,NA,NA
Marc/Proto Thema,2017-05-26,37.7,NA,8.3,18.4,NA,NA,NA,NA,1000,NA,8.2,NA,NA,NA,2.8,NA,NA,2.7,NA,NA,3.5,1.9,6.8,1.6,1.6,1.4,NA,NA
Pulse RC/Action24,2017-05-23,37,NA,7.5,21,NA,NA,NA,NA,1202,NA,8.5,NA,NA,NA,2,NA,NA,2,NA,NA,2,1,8,1,3,1.5,NA,NA
Metron Analysis/Parapolitika,2017-05-06,36.8,NA,8.1,22,NA,NA,NA,NA,NA,NA,8.4,NA,NA,NA,2.8,NA,NA,2.4,NA,NA,4.1,2,7,2.6,1.4,NA,NA,NA
Kapa Research/To Vima,2017-04-20,31.8,NA,8,22.2,NA,NA,NA,NA,1200,NA,9.2,NA,NA,NA,3.4,NA,NA,2.4,NA,NA,3.2,1.8,8.9,1.4,2.4,NA,NA,NA
PAMAK/Skai,2017-04-08,38.5,NA,8,18,NA,NA,NA,NA,1084,NA,9,NA,NA,NA,2.5,NA,NA,2.5,NA,NA,2.5,1,7.5,NA,2.5,NA,NA,NA
Pulse RC/Action24,2017-04-05,36.5,NA,7,21.5,NA,NA,NA,NA,1156,NA,8.5,NA,NA,NA,2.5,NA,NA,2.5,NA,NA,2.5,2.5,8,1,3,1,NA,NA
Palmos Analysis/tvxs,2017-03-30,35,NA,9,24.5,NA,NA,NA,NA,1001,NA,6.5,NA,NA,NA,2,NA,NA,2,NA,NA,3,1.5,7,1.5,2,NA,NA,NA
Marc/Proto Thema,2017-03-18,37.7,NA,8.6,18.1,NA,NA,NA,NA,NA,NA,8.4,NA,NA,NA,2.9,NA,NA,2.9,NA,NA,3.6,1.4,7.3,1.3,2.1,NA,NA,NA
Pulse RC/Action24,2017-03-15,37,NA,7.5,22,NA,NA,NA,NA,2305,NA,8.5,NA,NA,NA,2.5,NA,NA,2.5,NA,NA,3,1,7.5,1,3,NA,NA,NA
Opinion Poll/Eleftheros Typos,2017-03-10,37.9,NA,6.8,17.7,NA,NA,NA,NA,NA,NA,8.2,NA,NA,NA,2.4,NA,NA,1.2,NA,NA,3.1,2.4,6.7,2.4,3.2,NA,NA,NA
PAMAK/Skai,2017-03-10,38,NA,9,18,NA,NA,NA,NA,1069,NA,9,NA,NA,NA,3,NA,NA,2,NA,NA,2.5,1.5,7.5,NA,2.5,NA,NA,NA
MRB/Star,2017-02-15,35.3,NA,8.9,18.4,NA,NA,NA,NA,NA,NA,9.1,NA,NA,NA,3,NA,NA,2.8,NA,NA,3,NA,9,NA,2.8,NA,NA,NA
PAMAK/Skai,2017-02-10,39.5,NA,8.5,20,NA,NA,NA,NA,1016,NA,9,NA,NA,NA,2,NA,NA,2,NA,NA,2.5,1.5,8,NA,2,NA,NA,NA
Rass/iefimerida,2017-02-03,34.6,NA,8.8,20.3,NA,NA,NA,NA,1504,NA,9.4,NA,NA,NA,3.4,NA,NA,2.7,NA,NA,3.6,NA,9.8,1.5,2.2,NA,NA,NA
Metron Analysis/ANT1,2017-01-28,36.9,NA,7.2,22.3,NA,NA,NA,NA,1005,NA,8,NA,NA,NA,3,NA,NA,2.5,NA,NA,3.2,2.2,7,1.6,2.2,NA,NA,NA
Marc/Proto Thema,2017-01-26,38.3,NA,8.5,18.9,NA,NA,NA,NA,1008,NA,7.9,NA,NA,NA,3.1,NA,NA,2.7,NA,NA,3.7,1.6,7.7,NA,2.7,NA,NA,NA
Interview/Vergina,2017-01-24,36.7,NA,6.1,23.8,NA,NA,NA,NA,1000,NA,7.4,NA,NA,NA,3.1,NA,NA,2.5,NA,NA,3.1,1.2,6.1,NA,2.2,1.5,NA,NA
Alco/Parapolitika,2017-01-19,32.7,NA,8.7,21.7,NA,NA,NA,NA,1000,NA,10.3,NA,NA,NA,3,NA,NA,1.7,NA,NA,3.3,1.8,7.6,NA,2.9,NA,NA,NA
PAMAK/Skai,2017-01-17,36.5,NA,7.5,19.5,NA,NA,NA,NA,1064,NA,9,NA,NA,NA,2.5,NA,NA,2.5,NA,NA,3,1,7.5,NA,3,NA,NA,NA
Kapa Research/To Vima,2016-12-22,31.6,NA,7.2,22.9,NA,NA,NA,NA,1002,NA,9,NA,NA,NA,3.1,NA,NA,2.5,NA,NA,3.5,1.7,7.6,1.4,3.1,NA,NA,NA
MRB/Newsit,2016-12-12,35.7,NA,8.3,20.1,NA,NA,NA,NA,1013,NA,10.3,NA,NA,NA,3.3,NA,NA,2.1,NA,NA,3.7,NA,8.3,1.4,3.3,NA,NA,NA
MRB/Newsit,2016-12-09,36,NA,7.9,20,NA,NA,NA,NA,2000,NA,10.3,NA,NA,NA,3,NA,NA,2.5,NA,NA,3.7,NA,8,1.5,3.8,NA,NA,NA
Marc/Proto Thema,2016-12-07,37.7,NA,8.3,18.6,NA,NA,NA,NA,NA,NA,8.3,NA,NA,NA,3.3,NA,NA,2.2,NA,NA,3.5,1.6,6.5,NA,3.3,NA,NA,NA
Pulse RC/Action24,2016-12-03,36.5,NA,6.5,23.5,NA,NA,NA,NA,1209,NA,8.5,NA,NA,NA,2.5,NA,NA,2.5,NA,NA,3,1,7,1,3.5,NA,NA,NA
PAMAK/Skai,2016-11-30,38,NA,7,19,NA,NA,NA,NA,1082,NA,9.5,NA,NA,NA,2.5,NA,NA,2,NA,NA,3.5,1,6.5,NA,3.5,NA,NA,NA
PAMAK/Skai,2016-11-04,37,NA,7,18.5,NA,NA,NA,NA,1080,NA,8.5,NA,NA,NA,2.5,NA,NA,2.5,NA,NA,3.5,1,5.5,2,3.5,NA,NA,NA
Alco/Parapolitika,2016-11-03,31.4,NA,7.1,22.3,NA,NA,NA,NA,1000,NA,9.3,NA,NA,NA,3.2,NA,NA,2.5,NA,NA,3,3.2,7.1,NA,4.2,NA,NA,NA
Public Issue,2016-10-27,42,NA,7.5,18,NA,NA,NA,NA,1004,NA,8,NA,NA,NA,2,NA,NA,2.5,NA,NA,2,NA,8,NA,2.5,NA,NA,NA
Alco/Newsit,2016-10-14,31.2,NA,7.4,21.9,NA,NA,NA,NA,1000,NA,10,NA,NA,NA,3.2,NA,NA,2.3,NA,NA,3.3,3.6,6.7,NA,3.6,NA,NA,NA
PAMAK/Skai,2016-10-01,36,NA,7,20,NA,NA,NA,NA,1059,NA,9.5,NA,NA,NA,2.5,NA,NA,2,NA,NA,2.5,2,5.5,2.5,2.5,NA,NA,NA
MRB/Real News,2016-09-24,34,NA,6.4,23.8,NA,NA,NA,NA,NA,NA,8.9,NA,NA,NA,3.4,NA,NA,2.9,NA,NA,3.5,1.8,7.9,NA,2.9,NA,NA,NA
Opinion Poll/Eleftheros Typos,2016-09-24,39,NA,7,23,NA,NA,NA,NA,NA,NA,8,NA,NA,NA,2.5,NA,NA,2,NA,NA,2.5,2,6.5,NA,4,NA,NA,NA
Pulse RC/iefimerida,2016-09-21,35.5,NA,6.5,26,NA,NA,NA,NA,1261,NA,8,NA,NA,NA,2.5,NA,NA,2.5,NA,NA,3.5,2,6.5,NA,2.5,NA,NA,NA
Marc/Alpha TV,2016-09-21,32.2,NA,8.4,21.4,NA,NA,NA,NA,1005,NA,9.1,NA,NA,NA,3.6,NA,NA,2.7,NA,NA,3.6,1.7,6.8,NA,2.9,NA,NA,NA
Palmos Analysis/tvxs,2016-09-15,32,NA,7.5,27,NA,NA,NA,NA,1004,NA,7.5,NA,NA,NA,2,NA,NA,2.5,NA,NA,2.5,1.5,6.5,NA,3.5,NA,NA,NA
Alco/Parapolitika,2016-09-15,31.5,NA,7.4,22.9,NA,NA,NA,NA,1000,NA,9.6,NA,NA,NA,3.1,NA,NA,2.2,NA,NA,4.1,3,5.5,NA,3.8,NA,NA,NA
Kapa Research/To Vima,2016-09-08,31.1,NA,7.6,25.6,NA,NA,NA,NA,1002,NA,8.8,NA,NA,NA,3,NA,NA,2.5,NA,NA,3.8,1.4,6.7,2,2.4,NA,NA,NA
PAMAK/Skai,2016-09-02,34,NA,7,21.5,NA,NA,NA,NA,1034,NA,9,NA,NA,NA,2.5,NA,NA,2,NA,NA,4.5,2,7,NA,2,NA,NA,NA
Alco/Parapolitika,2016-07-03,30.1,NA,7.6,21.4,NA,NA,NA,NA,NA,NA,10.3,NA,NA,NA,3.1,NA,NA,3.6,NA,NA,4.7,3.7,5.7,NA,3.6,NA,NA,NA
PAMAK/Skai,2016-06-29,35,NA,7.5,21,NA,NA,NA,NA,1044,NA,10,NA,NA,NA,2.5,NA,NA,2,NA,NA,3.5,2,5.5,3,2,NA,NA,NA
Pulse RC/Action24,2016-06-27,34.5,NA,6,26.5,NA,NA,NA,NA,1115,NA,7.5,NA,NA,NA,3,NA,NA,3,NA,NA,3.5,3,6,1,3,NA,NA,NA
MRB/Real.gr,2016-06-24,33.1,NA,7.3,25.6,NA,NA,NA,NA,2000,NA,8.4,NA,NA,NA,3.3,NA,NA,2.8,NA,NA,4.5,1.2,7.4,NA,3.2,NA,NA,NA
Kapa Research/To Vima,2016-06-09,30.8,NA,7.5,25.6,NA,NA,NA,NA,1003,NA,8.7,NA,NA,NA,3.4,NA,NA,3,NA,NA,4.6,1.8,7.4,NA,3.2,NA,NA,NA
Alco/Proto Thema,2016-06-02,31.6,NA,8,22.3,NA,NA,NA,NA,1000,NA,10.1,NA,NA,NA,3.1,NA,NA,2.7,NA,NA,3.7,3.9,5.3,NA,3,NA,NA,NA
PAMAK/Skai,2016-05-26,32.5,NA,7,22,NA,NA,NA,NA,1070,NA,9,NA,NA,NA,2.5,NA,NA,2.5,NA,NA,5,1.5,5.5,NA,3,NA,NA,NA
AUEB–STAT,2016-05-16,27.5,NA,6.6,22,NA,NA,NA,NA,1705,NA,13.5,NA,NA,NA,3,NA,NA,3.3,NA,NA,4.3,3.6,5.6,2.7,4.4,NA,NA,NA
Kapa Research/To Vima,2016-04-14,31.4,NA,7.2,27,NA,NA,NA,NA,1005,NA,8,NA,NA,NA,3.7,NA,NA,2.7,NA,NA,3.8,NA,8.7,NA,NA,NA,NA,NA
Pulse RC/Action24,2016-04-13,35,NA,6.5,28,NA,NA,NA,NA,1208,NA,7.5,NA,NA,NA,2.5,NA,NA,2.5,NA,NA,3,3,6.5,1,NA,NA,NA,NA
PAMAK/Skai,2016-03-30,32.5,NA,8.5,21.5,NA,NA,NA,NA,1026,NA,8.5,NA,NA,NA,3.5,NA,NA,3.5,NA,NA,5.5,2,5.5,NA,NA,NA,NA,NA
Alco/Proto Thema,2016-03-17,31.4,NA,7.4,25.7,NA,NA,NA,NA,1000,NA,9.1,NA,NA,NA,3.3,NA,NA,2.7,NA,NA,3.9,3.3,5.3,NA,NA,NA,NA,NA
Rass/To Paron,2016-03-04,32,NA,7.6,28.6,NA,NA,NA,NA,1001,NA,7.8,NA,NA,NA,3.4,NA,NA,2.8,NA,NA,5.7,2.4,6.5,NA,NA,NA,NA,NA
Metron Analysis/Parapolitika,2016-02-26,33.9,NA,6.7,27.7,NA,NA,NA,NA,NA,NA,7.3,NA,NA,NA,3.3,NA,NA,3.1,NA,NA,5.3,3,6,2,NA,NA,NA,NA
PAMAK/Skai,2016-02-24,31.5,NA,7,23,NA,NA,NA,NA,1205,NA,8,NA,NA,NA,3.5,NA,NA,2.5,NA,NA,6,2.5,6,NA,NA,NA,NA,NA
MRB/Real.gr,2016-02-11,31.8,NA,7.8,27.4,NA,NA,NA,NA,2000,NA,7.7,NA,NA,NA,3.5,NA,NA,3.1,NA,NA,4.8,2.8,6.7,2.2,NA,NA,NA,NA
Kapa Research/To Vima,2016-01-21,30.9,NA,7.9,29,NA,NA,NA,NA,1003,NA,8.6,NA,NA,NA,4.3,NA,NA,3.1,NA,NA,3.6,2.5,6.1,NA,NA,NA,NA,NA
Pulse RC/Action24,2016-01-19,34.5,NA,6.5,29.5,NA,NA,NA,NA,1207,NA,6.5,NA,NA,NA,2.5,NA,NA,2.5,NA,NA,3,3.5,5.5,1,NA,NA,NA,NA
Metron Analysis/Parapolitika,2016-01-15,34.5,NA,6.7,29.1,NA,NA,NA,NA,NA,NA,6.7,NA,NA,NA,3.1,NA,NA,3.2,NA,NA,3.9,3.4,6,NA,NA,NA,NA,NA
Alco/Proto Thema,2016-01-15,33,NA,8.4,27.9,NA,NA,NA,NA,1000,NA,8.1,NA,NA,NA,2.9,NA,NA,2.5,NA,NA,4,2,4.8,NA,NA,NA,NA,NA
MRB/Real News,2015-12-22,27.4,NA,8.2,28.6,NA,NA,NA,NA,1003,NA,8.4,NA,NA,NA,4.2,NA,NA,3.9,NA,NA,4.5,3.9,7.1,NA,NA,NA,NA,NA
ProRata/iefimerida,2015-12-16,27.5,NA,8.5,29,NA,NA,NA,NA,1000,NA,9.5,NA,NA,NA,3,NA,NA,3.5,NA,NA,4.5,3.5,6,NA,NA,NA,NA,NA
Kapa Research/To Vima,2015-11-26,24.9,NA,7.4,30.8,NA,NA,NA,NA,1006,NA,9.3,NA,NA,NA,3.5,NA,NA,3.7,NA,NA,3.8,3.2,7.5,NA,NA,NA,NA,NA
