date,media,institute,kadima,labor,shas,likud,yisrael_beiteinu,ual_taal,hadash,balad,jewish_home,national_union,gil,utj,meretz,greens,likud_yisrael_beiteinu,national_union_jewish_home,yesh_atid,otzma,am_shalem,hatnuah,labor_hatnuah,arabic_list,otzma_yachad,kulanu,blue_white,raam_balad,urwp,hadash_taal,new_right,gesher,zehut,joint_list,yamina,labor_gesher,dem_union,otzma_yehudit,emet,raam,new_hope,religious_zionist,new_economic
2009-02-06,Channel 1,Midgam Research,23,16,10,28,19,4,4,2,3,3,0,5,5,0,NA,NA,NA,NA,NA,NA,NA,NA,NA,NA,NA,NA,NA,NA,NA,NA,NA,NA,NA,NA,NA,NA,NA,NA,NA,NA,NA
2009-02-06,Channel 10,Dialog,25,14,9,27,19,3,3,2,2,4,0,6,6,0,NA,NA,NA,NA,NA,NA,NA,NA,NA,NA,NA,NA,NA,NA,NA,NA,NA,NA,NA,NA,NA,NA,NA,NA,NA,NA,NA
2009-02-06,Haaretz,Dialog,25,14,9,27,18,3,3,2,2,4,0,6,7,0,NA,NA,NA,NA,NA,NA,NA,NA,NA,NA,NA,NA,NA,NA,NA,NA,NA,NA,NA,NA,NA,NA,NA,NA,NA,NA,NA
2009-02-06,Maariv,TNS Teleseker,23,17,10,26,19,4,4,2,3,3,2,5,6,0,NA,NA,NA,NA,NA,NA,NA,NA,NA,NA,NA,NA,NA,NA,NA,NA,NA,NA,NA,NA,NA,NA,NA,NA,NA,NA,NA
2009-02-06,Yedioth Ahronoth,Dahaf,23,16,10,25,19,3,4,2,3,4,0,6,5,0,NA,NA,NA,NA,NA,NA,NA,NA,NA,NA,NA,NA,NA,NA,NA,NA,NA,NA,NA,NA,NA,NA,NA,NA,NA,NA,NA
2009-02-05,Channel 2,Panels,25,14,10,26,18,3,4,2,3,4,0,5,6,0,NA,NA,NA,NA,NA,NA,NA,NA,NA,NA,NA,NA,NA,NA,NA,NA,NA,NA,NA,NA,NA,NA,NA,NA,NA,NA,NA
2009-02-05,Israel Hayom,Gal Hadash (New Wave),24,16,9,30,17,3,5,0,2,3,0,5,6,0,NA,NA,NA,NA,NA,NA,NA,NA,NA,NA,NA,NA,NA,NA,NA,NA,NA,NA,NA,NA,NA,NA,NA,NA,NA,NA,NA
2009-02-05,"Israel Radio's ""Hakol Diburim"" (It's All Talk)",Shvakim Panorama,21,16,11,25,16,3,4,2,4,4,2,7,5,0,NA,NA,NA,NA,NA,NA,NA,NA,NA,NA,NA,NA,NA,NA,NA,NA,NA,NA,NA,NA,NA,NA,NA,NA,NA,NA,NA
2009-02-04,"Channel 2's ""Mishal Cham""",Maagar Mochot,23,13,10,26,19,2,4,3,3,2,1,6,6,1,NA,NA,NA,NA,NA,NA,NA,NA,NA,NA,NA,NA,NA,NA,NA,NA,NA,NA,NA,NA,NA,NA,NA,NA,NA,NA,NA
2009-02-04,Maariv,TNS Teleseker,23,17,10,27,17,4,4,0,3,4,2,5,6,0,NA,NA,NA,NA,NA,NA,NA,NA,NA,NA,NA,NA,NA,NA,NA,NA,NA,NA,NA,NA,NA,NA,NA,NA,NA,NA,NA
2009-02-02,Channel 1,Midgam Research,23,17,10,28,18,2,4,2,4,3,0,5,4,0,NA,NA,NA,NA,NA,NA,NA,NA,NA,NA,NA,NA,NA,NA,NA,NA,NA,NA,NA,NA,NA,NA,NA,NA,NA,NA,NA
2009-02-02,Channel 2,Panels,24,14,11,27,17,4,3,2,3,4,0,5,6,0,NA,NA,NA,NA,NA,NA,NA,NA,NA,NA,NA,NA,NA,NA,NA,NA,NA,NA,NA,NA,NA,NA,NA,NA,NA,NA,NA
2009-01-30,Maariv,TNS Teleseker,23,17,10,28,16,4,4,0,4,3,0,5,6,0,NA,NA,NA,NA,NA,NA,NA,NA,NA,NA,NA,NA,NA,NA,NA,NA,NA,NA,NA,NA,NA,NA,NA,NA,NA,NA,NA
2009-01-29,Channel 2,Panels,23,13,10,29,16,4,4,2,3,4,0,5,5,2,NA,NA,NA,NA,NA,NA,NA,NA,NA,NA,NA,NA,NA,NA,NA,NA,NA,NA,NA,NA,NA,NA,NA,NA,NA,NA,NA
2009-01-29,Globes,Geocartography,23,15,10,31,16,0,4,0,3,5,0,6,7,0,NA,NA,NA,NA,NA,NA,NA,NA,NA,NA,NA,NA,NA,NA,NA,NA,NA,NA,NA,NA,NA,NA,NA,NA,NA,NA,NA
2009-01-29,Haaretz/Channel 10,Dialog,25,14,10,28,15,4,3,2,3,4,2,5,5,0,NA,NA,NA,NA,NA,NA,NA,NA,NA,NA,NA,NA,NA,NA,NA,NA,NA,NA,NA,NA,NA,NA,NA,NA,NA,NA,NA
2009-01-28,"Israel Radio's ""Hakol Diburim"" (It's All Talk)",Shvakim Panorama,20,16,11,29,16,3,3,3,3,3,2,7,4,0,NA,NA,NA,NA,NA,NA,NA,NA,NA,NA,NA,NA,NA,NA,NA,NA,NA,NA,NA,NA,NA,NA,NA,NA,NA,NA,NA
2009-01-27,"Channel 2's ""Mishal Cham""",Maagar Mochot,22,13,10,34,16,3,4,3,3,2,0,5,5,0,NA,NA,NA,NA,NA,NA,NA,NA,NA,NA,NA,NA,NA,NA,NA,NA,NA,NA,NA,NA,NA,NA,NA,NA,NA,NA,NA
2009-01-26,Channel 2,Panels,22,15,11,29,16,4,4,2,0,5,0,6,6,0,NA,NA,NA,NA,NA,NA,NA,NA,NA,NA,NA,NA,NA,NA,NA,NA,NA,NA,NA,NA,NA,NA,NA,NA,NA,NA,NA
2009-01-25,Channel 1,Midgam Research,22,17,10,30,16,3,3,3,3,3,0,5,5,0,NA,NA,NA,NA,NA,NA,NA,NA,NA,NA,NA,NA,NA,NA,NA,NA,NA,NA,NA,NA,NA,NA,NA,NA,NA,NA,NA
2009-01-23,Channel 1's Friday Diary,Shvakim Panorama,20,17,11,29,14,3,3,4,3,3,0,7,6,0,NA,NA,NA,NA,NA,NA,NA,NA,NA,NA,NA,NA,NA,NA,NA,NA,NA,NA,NA,NA,NA,NA,NA,NA,NA,NA,NA
2009-01-23,Maariv,TNS Teleseker,24,16,9,28,16,3,4,2,4,2,0,6,6,0,NA,NA,NA,NA,NA,NA,NA,NA,NA,NA,NA,NA,NA,NA,NA,NA,NA,NA,NA,NA,NA,NA,NA,NA,NA,NA,NA
2009-01-23,Yedioth Ahronoth,Dahaf,25,17,10,29,14,3,4,2,2,3,0,6,5,0,NA,NA,NA,NA,NA,NA,NA,NA,NA,NA,NA,NA,NA,NA,NA,NA,NA,NA,NA,NA,NA,NA,NA,NA,NA,NA,NA
2009-01-22,Channel 2,Panels,24,15,10,30,15,4,3,2,2,4,0,5,6,0,NA,NA,NA,NA,NA,NA,NA,NA,NA,NA,NA,NA,NA,NA,NA,NA,NA,NA,NA,NA,NA,NA,NA,NA,NA,NA,NA
2009-01-22,Globes,Geocartography,21,15,9,32,16,4,3,3,4,3,0,5,5,0,NA,NA,NA,NA,NA,NA,NA,NA,NA,NA,NA,NA,NA,NA,NA,NA,NA,NA,NA,NA,NA,NA,NA,NA,NA,NA,NA
2009-01-22,Israel Hayom,Gal Hadash (New Wave),25,15,9,35,12,3,4,2,2,2,0,5,6,0,NA,NA,NA,NA,NA,NA,NA,NA,NA,NA,NA,NA,NA,NA,NA,NA,NA,NA,NA,NA,NA,NA,NA,NA,NA,NA,NA
2009-01-20,Channel 1,Geocartography,21,15,9,33,13,4,3,3,4,3,0,7,5,0,NA,NA,NA,NA,NA,NA,NA,NA,NA,NA,NA,NA,NA,NA,NA,NA,NA,NA,NA,NA,NA,NA,NA,NA,NA,NA,NA
2009-01-20,"Channel 2's ""Mishal Cham""",Maagar Mochot,22,14,11,30,16,2,4,3,2,2,0,5,7,0,NA,NA,NA,NA,NA,NA,NA,NA,NA,NA,NA,NA,NA,NA,NA,NA,NA,NA,NA,NA,NA,NA,NA,NA,NA,NA,NA
2009-01-19,Channel 2,Panels,24,14,10,30,15,3,4,2,2,4,0,5,5,2,NA,NA,NA,NA,NA,NA,NA,NA,NA,NA,NA,NA,NA,NA,NA,NA,NA,NA,NA,NA,NA,NA,NA,NA,NA,NA,NA
2009-01-18,Channel 2,Maagar Mochot,23,15,12,31,13,3,4,2,3,1,1,5,6,1,NA,NA,NA,NA,NA,NA,NA,NA,NA,NA,NA,NA,NA,NA,NA,NA,NA,NA,NA,NA,NA,NA,NA,NA,NA,NA,NA
2009-01-18,Channel 10,Dialog,26,14,10,29,14,3,3,2,2,4,0,5,6,2,NA,NA,NA,NA,NA,NA,NA,NA,NA,NA,NA,NA,NA,NA,NA,NA,NA,NA,NA,NA,NA,NA,NA,NA,NA,NA,NA
2009-01-16,Haaretz,Dialog,25,16,9,29,12,3,3,2,3,3,0,6,7,2,NA,NA,NA,NA,NA,NA,NA,NA,NA,NA,NA,NA,NA,NA,NA,NA,NA,NA,NA,NA,NA,NA,NA,NA,NA,NA,NA
2009-01-16,Maariv,TNS Teleseker,26,17,9,28,14,4,4,2,3,3,0,5,5,0,NA,NA,NA,NA,NA,NA,NA,NA,NA,NA,NA,NA,NA,NA,NA,NA,NA,NA,NA,NA,NA,NA,NA,NA,NA,NA,NA
2009-01-15,Channel 2,Panels,27,15,8,29,13,3,4,3,2,4,0,5,5,2,NA,NA,NA,NA,NA,NA,NA,NA,NA,NA,NA,NA,NA,NA,NA,NA,NA,NA,NA,NA,NA,NA,NA,NA,NA,NA,NA
2009-01-15,Globes,Geocartography,22,16,10,33,14,3,3,4,3,0,0,7,5,0,NA,NA,NA,NA,NA,NA,NA,NA,NA,NA,NA,NA,NA,NA,NA,NA,NA,NA,NA,NA,NA,NA,NA,NA,NA,NA,NA
2009-01-14,"Israel Radio's ""Hakol Diburim"" (It's All Talk)",Shvakim Panorama,21,15,10,28,15,4,3,3,3,3,0,7,5,3,NA,NA,NA,NA,NA,NA,NA,NA,NA,NA,NA,NA,NA,NA,NA,NA,NA,NA,NA,NA,NA,NA,NA,NA,NA,NA,NA
2009-01-13,"Channel 2's ""Mishal Cham""",Maagar Mochot,26,16,10,28,14,3,4,3,3,2,0,5,6,0,NA,NA,NA,NA,NA,NA,NA,NA,NA,NA,NA,NA,NA,NA,NA,NA,NA,NA,NA,NA,NA,NA,NA,NA,NA,NA,NA
2009-01-12,Channel 2,Panels,28,13,8,33,13,2,4,3,0,4,0,5,5,2,NA,NA,NA,NA,NA,NA,NA,NA,NA,NA,NA,NA,NA,NA,NA,NA,NA,NA,NA,NA,NA,NA,NA,NA,NA,NA,NA
2013-01-18,NA,Yedioth Ahronot/Dahaf,2,17,11,NA,NA,4,4,3,NA,NA,NA,6,6,NA,32,12,13,2,NA,8,NA,NA,NA,NA,NA,NA,NA,NA,NA,NA,NA,NA,NA,NA,NA,NA,NA,NA,NA,NA,NA
2013-01-17,NA,Haaretz/Dialogue,2,17,12,NA,NA,3,5,4,NA,NA,NA,5,6,NA,32,14,12,NA,NA,8,NA,NA,NA,NA,NA,NA,NA,NA,NA,NA,NA,NA,NA,NA,NA,NA,NA,NA,NA,NA,NA
2013-01-17,NA,Israel Hayom/The New Wave,2,17,11,NA,NA,3,4,3,NA,NA,NA,6,5,NA,35,15,12,NA,NA,7,NA,NA,NA,NA,NA,NA,NA,NA,NA,NA,NA,NA,NA,NA,NA,NA,NA,NA,NA,NA,NA
2013-01-17,NA,Maariv/Ma'agar Mochot,3,15,12,NA,NA,3,4,3,NA,NA,NA,6,7,NA,37,14,8,2,1,5,NA,NA,NA,NA,NA,NA,NA,NA,NA,NA,NA,NA,NA,NA,NA,NA,NA,NA,NA,NA,NA
2013-01-16,NA,Channel 10/Dialogue,2,16,11,NA,NA,3,4,4,NA,NA,NA,6,6,NA,32,14,11,2,NA,9,NA,NA,NA,NA,NA,NA,NA,NA,NA,NA,NA,NA,NA,NA,NA,NA,NA,NA,NA,NA,NA
2013-01-16,NA,Walla!/TNS-Teleseker,3,18,10,NA,NA,4,3,3,NA,NA,NA,6,5,NA,34,15,11,NA,2,6,NA,NA,NA,NA,NA,NA,NA,NA,NA,NA,NA,NA,NA,NA,NA,NA,NA,NA,NA,NA,NA
2013-01-15,NA,Channel 2/Dahaf,2,17,11,NA,NA,3,4,3,NA,NA,NA,6,6,NA,33,12,11,2,NA,9,NA,NA,NA,NA,NA,NA,NA,NA,NA,NA,NA,NA,NA,NA,NA,NA,NA,NA,NA,NA,NA
2013-01-12,NA,Channel1/Midgam,2,16,10,NA,NA,4,4,3,NA,NA,NA,5,6,NA,33,15,10,3,NA,9,NA,NA,NA,NA,NA,NA,NA,NA,NA,NA,NA,NA,NA,NA,NA,NA,NA,NA,NA,NA,NA
2013-01-11,NA,Yisrael Post/Sof Hashavua,2,17,9,NA,NA,4,3,3,NA,NA,NA,6,5,NA,34,14,11,3,NA,9,NA,NA,NA,NA,NA,NA,NA,NA,NA,NA,NA,NA,NA,NA,NA,NA,NA,NA,NA,NA,NA
2013-01-11,NA,Jerusalem Post/Smith,2,18,10,NA,NA,4,4,3,NA,NA,NA,6,4,NA,34,14,10,NA,3,8,NA,NA,NA,NA,NA,NA,NA,NA,NA,NA,NA,NA,NA,NA,NA,NA,NA,NA,NA,NA,NA
2013-01-11,NA,Yediot/Dahaf,2,18,10,NA,NA,4,4,3,NA,NA,NA,5,6,NA,33,14,11,2,NA,8,NA,NA,NA,NA,NA,NA,NA,NA,NA,NA,NA,NA,NA,NA,NA,NA,NA,NA,NA,NA,NA
2013-01-11,NA,Yisrael Hayom/New Wave,2,17,11,NA,NA,3,4,4,NA,NA,NA,6,4,NA,35,14,11,NA,NA,9,NA,NA,NA,NA,NA,NA,NA,NA,NA,NA,NA,NA,NA,NA,NA,NA,NA,NA,NA,NA,NA
2013-01-11,NA,Maariv/Maagar,3,16,12,NA,NA,3,4,3,NA,NA,NA,6,5,NA,38,13,8,1,1,7,NA,NA,NA,NA,NA,NA,NA,NA,NA,NA,NA,NA,NA,NA,NA,NA,NA,NA,NA,NA,NA
2013-01-10,NA,Geocartography,NA,16.5,11,NA,NA,3,4,5,NA,NA,NA,6,5.5,NA,34,15,12,NA,NA,5,NA,NA,NA,NA,NA,NA,NA,NA,NA,NA,NA,NA,NA,NA,NA,NA,NA,NA,NA,NA,NA
2013-01-10,NA,Mako & Channel2/Panels,2,16,10,NA,NA,4,3,4,NA,NA,NA,6,5,NA,33,15,10,2,2,8,NA,NA,NA,NA,NA,NA,NA,NA,NA,NA,NA,NA,NA,NA,NA,NA,NA,NA,NA,NA,NA
2013-01-10,NA,Reshet Bet/Sarid,2,17,9,NA,NA,3,4,3,NA,NA,NA,7,4,NA,34,14,9,2,1,7,NA,NA,NA,NA,NA,NA,NA,NA,NA,NA,NA,NA,NA,NA,NA,NA,NA,NA,NA,NA,NA
2013-01-10,NA,Channel 2/Dahaf,2,18,10,NA,NA,4,4,3,NA,NA,NA,5,6,NA,33,14,11,2,NA,11,NA,NA,NA,NA,NA,NA,NA,NA,NA,NA,NA,NA,NA,NA,NA,NA,NA,NA,NA,NA,NA
2013-01-09,NA,News1/Reshet Bet/Machon Sarid,2,17,9,NA,NA,3,4,3,NA,NA,NA,7,4,NA,34,14,9,2,NA,7,NA,NA,NA,NA,NA,NA,NA,NA,NA,NA,NA,NA,NA,NA,NA,NA,NA,NA,NA,NA,NA
2013-01-08,NA,Walla/TNS-Teleseker,NA,18,11,NA,NA,4,4,2,NA,NA,NA,6,4,NA,34,13,11,NA,2,11,NA,NA,NA,NA,NA,NA,NA,NA,NA,NA,NA,NA,NA,NA,NA,NA,NA,NA,NA,NA,NA
2013-01-07,NA,Channel 10/Dialog,2,17,12,NA,NA,4,3,4,NA,NA,NA,6,5,NA,35,14,11,NA,NA,7,NA,NA,NA,NA,NA,NA,NA,NA,NA,NA,NA,NA,NA,NA,NA,NA,NA,NA,NA,NA,NA
2013-01-07,NA,"Panels Politics, Mako",NA,16,10,NA,NA,11,11,11,NA,NA,NA,6,5,NA,32,16,10,3,2,9,NA,NA,NA,NA,NA,NA,NA,NA,NA,NA,NA,NA,NA,NA,NA,NA,NA,NA,NA,NA,NA
2013-01-07,NA,Times of Israel,NA,21,10,NA,NA,12,12,12,NA,NA,NA,6,6,NA,34,15,11,NA,NA,5,NA,NA,NA,NA,NA,NA,NA,NA,NA,NA,NA,NA,NA,NA,NA,NA,NA,NA,NA,NA,NA
2013-01-03,NA,"Jerusalem Post, Globes/Smith",2,17,10,NA,NA,3,4,4,NA,NA,NA,5,4,NA,32,16,10,NA,3,10,NA,NA,NA,NA,NA,NA,NA,NA,NA,NA,NA,NA,NA,NA,NA,NA,NA,NA,NA,NA,NA
2013-01-03,NA,Israel Radio/Geocartography,NA,18,8,NA,NA,11,11,11,NA,NA,NA,7,7,NA,35,18,5,6,NA,6,NA,NA,NA,NA,NA,NA,NA,NA,NA,NA,NA,NA,NA,NA,NA,NA,NA,NA,NA,NA,NA
2013-01-02,NA,Haaretz/Dialog,2,16,11,NA,NA,4,4,4,NA,NA,NA,6,4,NA,34,14,9,2,NA,10,NA,NA,NA,NA,NA,NA,NA,NA,NA,NA,NA,NA,NA,NA,NA,NA,NA,NA,NA,NA,NA
2013-01-01,NA,Channel 2/Dahaf,NA,17,11,NA,NA,4,4,3,NA,NA,NA,6,5,NA,33,13,11,2,NA,11,NA,NA,NA,NA,NA,NA,NA,NA,NA,NA,NA,NA,NA,NA,NA,NA,NA,NA,NA,NA,NA
2012-12-27,NA,Globes/Rafi Smith,NA,18,11,NA,NA,3,4,4,NA,NA,NA,6,4,NA,34,14,10,NA,2,10,NA,NA,NA,NA,NA,NA,NA,NA,NA,NA,NA,NA,NA,NA,NA,NA,NA,NA,NA,NA,NA
2012-12-27,NA,Reshet Bet/Meno Geva,NA,16,13,NA,NA,4,4,3,NA,NA,NA,6,5,NA,34,15,9,NA,NA,11,NA,NA,NA,NA,NA,NA,NA,NA,NA,NA,NA,NA,NA,NA,NA,NA,NA,NA,NA,NA,NA
2012-12-25,NA,Dialog,2,17,13,NA,NA,11,11,11,NA,NA,NA,6,4,NA,35,13,9,NA,NA,10,NA,NA,NA,NA,NA,NA,NA,NA,NA,NA,NA,NA,NA,NA,NA,NA,NA,NA,NA,NA,NA
2012-12-21,NA,Maariv/Maagar,NA,20,11,NA,NA,4,3,3,NA,NA,NA,6,4,NA,37,12,7,2,NA,9,NA,NA,NA,NA,NA,NA,NA,NA,NA,NA,NA,NA,NA,NA,NA,NA,NA,NA,NA,NA,NA
2012-12-20,NA,Reshet Bet,NA,19,11,NA,NA,3,4,3,NA,NA,NA,6,4,NA,36,11,11,NA,3,9,NA,NA,NA,NA,NA,NA,NA,NA,NA,NA,NA,NA,NA,NA,NA,NA,NA,NA,NA,NA,NA
2012-12-18,NA,Channel 2/Dahaf,NA,19,11,NA,NA,4,4,3,NA,NA,NA,6,3,NA,35,12,9,2,2,10,NA,NA,NA,NA,NA,NA,NA,NA,NA,NA,NA,NA,NA,NA,NA,NA,NA,NA,NA,NA,NA
2012-12-14,NA,Yedioth Ahronoth/Dahaf,NA,19,11,NA,NA,4,4,3,NA,NA,NA,6,4,NA,35,11,8,2,NA,11,NA,NA,NA,NA,NA,NA,NA,NA,NA,NA,NA,NA,NA,NA,NA,NA,NA,NA,NA,NA,NA
2012-12-14,NA,Maariv/Maagar,1,20,12,NA,NA,10,10,10,NA,NA,NA,6,3,NA,38,11,8,1,1,9,NA,NA,NA,NA,NA,NA,NA,NA,NA,NA,NA,NA,NA,NA,NA,NA,NA,NA,NA,NA,NA
2012-12-14,NA,Jerusalem Post/Geocartography,0,17,10,NA,NA,4,4,3,NA,NA,NA,6,6,NA,35,16,12,0,0,7,NA,NA,NA,NA,NA,NA,NA,NA,NA,NA,NA,NA,NA,NA,NA,NA,NA,NA,NA,NA,NA
2012-12-12,NA,Jerusalem Post/Smith Research,0,19,10,NA,NA,3,4,4,NA,NA,NA,6,4,NA,39,10,9,0,3,9,NA,NA,NA,NA,NA,NA,NA,NA,NA,NA,NA,NA,NA,NA,NA,NA,NA,NA,NA,NA,NA
2012-12-11,NA,Walla/Tns-Teleseker,4,17,11,NA,NA,5,3,3,NA,NA,NA,5,3,NA,38,9,11,0,0,11,NA,NA,NA,NA,NA,NA,NA,NA,NA,NA,NA,NA,NA,NA,NA,NA,NA,NA,NA,NA,NA
2012-12-10,NA,Haaretz/Dialog,2,17,12,NA,NA,5,4,3,NA,NA,NA,6,3,NA,39,11,6,0,3,9,NA,NA,NA,NA,NA,NA,NA,NA,NA,NA,NA,NA,NA,NA,NA,NA,NA,NA,NA,NA,NA
2012-12-06,NA,Channel 2,2,19,13,NA,NA,3,3,3,NA,NA,NA,6,2,NA,38,12,5,1,3,10,NA,NA,NA,NA,NA,NA,NA,NA,NA,NA,NA,NA,NA,NA,NA,NA,NA,NA,NA,NA,NA
2012-12-06,NA,Reshet Bet/Meno Geva,0,20,10,NA,NA,4,3,4,NA,NA,NA,6,3,NA,36,11,9,3,2,9,NA,NA,NA,NA,NA,NA,NA,NA,NA,NA,NA,NA,NA,NA,NA,NA,NA,NA,NA,NA,NA
2012-12-05,NA,Channel 10/Dialog,2,20,10,NA,NA,5,3,3,NA,NA,NA,6,4,NA,37,11,7,0,3,9,NA,NA,NA,NA,NA,NA,NA,NA,NA,NA,NA,NA,NA,NA,NA,NA,NA,NA,NA,NA,NA
2012-11-29,NA,Yisrael Hayom/New Wave,2,20,11,NA,NA,3,4,3,NA,NA,NA,5,4,NA,39,10,10,0,2,7,NA,NA,NA,NA,NA,NA,NA,NA,NA,NA,NA,NA,NA,NA,NA,NA,NA,NA,NA,NA,NA
2012-11-29,NA,Yedioth Ahronoth/Dahaf,0,19,11,NA,NA,4,4,3,NA,NA,NA,5,5,NA,37,10,9,2,2,9,NA,NA,NA,NA,NA,NA,NA,NA,NA,NA,NA,NA,NA,NA,NA,NA,NA,NA,NA,NA,NA
2012-11-29,NA,Globes/Smith,0,20,11,NA,NA,3,4,4,NA,NA,NA,6,5,NA,37,11,10,NA,3,6,NA,NA,NA,NA,NA,NA,NA,NA,NA,NA,NA,NA,NA,NA,NA,NA,NA,NA,NA,NA,NA
2012-11-28,NA,Haaretz/Dialog,2,18,11,NA,NA,11,11,11,NA,NA,NA,6,5,NA,39,8,8,2,3,7,NA,NA,NA,NA,NA,NA,NA,NA,NA,NA,NA,NA,NA,NA,NA,NA,NA,NA,NA,NA,NA
2012-11-18,NA,Panels,0,22,9,NA,NA,10,10,10,NA,NA,NA,5,5,NA,38,11,13,3,4,NA,NA,NA,NA,NA,NA,NA,NA,NA,NA,NA,NA,NA,NA,NA,NA,NA,NA,NA,NA,NA,NA
2012-11-18,NA,Haaretz/Dialogue,3,21,12,NA,NA,5,3,4,NA,NA,NA,5,4,NA,41,8,9,NA,3,NA,NA,NA,NA,NA,NA,NA,NA,NA,NA,NA,NA,NA,NA,NA,NA,NA,NA,NA,NA,NA,NA
2012-11-06,NA,Channel 2/Maagar,3,22,14,NA,NA,10,10,10,NA,NA,NA,6,3,NA,39,7,10,NA,NA,NA,NA,NA,NA,NA,NA,NA,NA,NA,NA,NA,NA,NA,NA,NA,NA,NA,NA,NA,NA,NA,NA
2012-11-04,NA,Yedioth Ahronoth,0,24,13,NA,NA,11,11,11,NA,NA,NA,6,4,NA,35,5,15,2,NA,NA,NA,NA,NA,NA,NA,NA,NA,NA,NA,NA,NA,NA,NA,NA,NA,NA,NA,NA,NA,NA,NA
2012-10-28,NA,Maariv/Teleseker,4,20,10,NA,NA,11,11,11,NA,NA,NA,6,3,NA,43,8,15,NA,NA,NA,NA,NA,NA,NA,NA,NA,NA,NA,NA,NA,NA,NA,NA,NA,NA,NA,NA,NA,NA,NA,NA
2012-10-28,NA,Channel 2/Maagar,3,23,13,NA,NA,10,10,10,NA,NA,NA,5,6,NA,42,5,9,NA,NA,NA,NA,NA,NA,NA,NA,NA,NA,NA,NA,NA,NA,NA,NA,NA,NA,NA,NA,NA,NA,NA,NA
2012-10-28,NA,Channel 10/Panels,5,23,14,NA,NA,11,11,11,NA,NA,NA,6,4,NA,35,9,13,NA,NA,NA,NA,NA,NA,NA,NA,NA,NA,NA,NA,NA,NA,NA,NA,NA,NA,NA,NA,NA,NA,NA,NA
2012-10-18,NA,Haaretz/Dialog,9,20,11,NA,NA,4,4,3,NA,NA,NA,6,5,NA,29,6,11,NA,NA,NA,NA,NA,NA,NA,NA,NA,NA,NA,NA,NA,NA,NA,NA,NA,NA,NA,NA,NA,NA,NA,NA
2015-03-13,NA,Channel 2,NA,NA,7,22,5,NA,NA,NA,11,NA,NA,6,5,NA,NA,NA,12,NA,NA,NA,26,13,5,8,NA,NA,NA,NA,NA,NA,NA,NA,NA,NA,NA,NA,NA,NA,NA,NA,NA
2015-03-13,NA,Channel 10,NA,NA,7,20,5,NA,NA,NA,12,NA,NA,7,5,NA,NA,NA,12,NA,NA,NA,24,13,5,10,NA,NA,NA,NA,NA,NA,NA,NA,NA,NA,NA,NA,NA,NA,NA,NA,NA
2015-03-13,NA,Reshet Bet,NA,NA,9,21,6,NA,NA,NA,11,NA,NA,6,5,NA,NA,NA,11,NA,NA,NA,25,13,4,9,NA,NA,NA,NA,NA,NA,NA,NA,NA,NA,NA,NA,NA,NA,NA,NA,NA
2015-03-13,NA,Panels/Jerusalem Post,NA,NA,7,21,4,NA,NA,NA,11,NA,NA,6,5,NA,NA,NA,13,NA,NA,NA,25,13,5,10,NA,NA,NA,NA,NA,NA,NA,NA,NA,NA,NA,NA,NA,NA,NA,NA,NA
2015-03-13,NA,Teleseker/Walla,NA,NA,7,23,6,NA,NA,NA,11,NA,NA,7,4,NA,NA,NA,12,NA,NA,NA,25,12,4,9,NA,NA,NA,NA,NA,NA,NA,NA,NA,NA,NA,NA,NA,NA,NA,NA,NA
2015-03-13,NA,Midgam/Yedioth Ahronoth,NA,NA,7,22,5,NA,NA,NA,12,NA,NA,6,5,NA,NA,NA,12,NA,NA,NA,26,13,4,8,NA,NA,NA,NA,NA,NA,NA,NA,NA,NA,NA,NA,NA,NA,NA,NA,NA
2015-03-13,NA,Teleseker/Channel 1,NA,NA,8,22,6,NA,NA,NA,11,NA,NA,7,4,NA,NA,NA,12,NA,NA,NA,25,12,4,9,NA,NA,NA,NA,NA,NA,NA,NA,NA,NA,NA,NA,NA,NA,NA,NA,NA
2015-03-12,NA,Panels/Maariv,NA,NA,7,21,5,NA,NA,NA,12,NA,NA,7,5,NA,NA,NA,13,NA,NA,NA,24,13,4,9,NA,NA,NA,NA,NA,NA,NA,NA,NA,NA,NA,NA,NA,NA,NA,NA,NA
2015-03-12,NA,Smith/Globes,NA,NA,9,20,6,NA,NA,NA,12,NA,NA,6,5,NA,NA,NA,12,NA,NA,NA,24,13,4,9,NA,NA,NA,NA,NA,NA,NA,NA,NA,NA,NA,NA,NA,NA,NA,NA,NA
2015-03-12,NA,Maagar Mochot/Kol Bramah Radio,NA,NA,7,21,5,NA,NA,NA,13,NA,NA,7,5,NA,NA,NA,13,NA,NA,NA,24,12,5,8,NA,NA,NA,NA,NA,NA,NA,NA,NA,NA,NA,NA,NA,NA,NA,NA,NA
2015-03-12,NA,Dialog/Haaretz,NA,NA,7,21,4,NA,NA,NA,11,NA,NA,6,6,NA,NA,NA,12,NA,NA,NA,24,13,5,11,NA,NA,NA,NA,NA,NA,NA,NA,NA,NA,NA,NA,NA,NA,NA,NA,NA
2015-03-11,NA,Midgam/Israel Army Radio (Galatz),NA,NA,7,21,6,NA,NA,NA,13,NA,NA,7,6,NA,NA,NA,12,NA,NA,NA,24,12,4,8,NA,NA,NA,NA,NA,NA,NA,NA,NA,NA,NA,NA,NA,NA,NA,NA,NA
2015-03-10,NA,Panels/Knesset Channel,NA,NA,7,21,5,NA,NA,NA,12,NA,NA,6,5,NA,NA,NA,14,NA,NA,NA,24,13,4,9,NA,NA,NA,NA,NA,NA,NA,NA,NA,NA,NA,NA,NA,NA,NA,NA,NA
2015-03-10,NA,Channel 2,NA,NA,7,21,6,NA,NA,NA,13,NA,NA,6,5,NA,NA,NA,12,NA,NA,NA,25,13,4,8,NA,NA,NA,NA,NA,NA,NA,NA,NA,NA,NA,NA,NA,NA,NA,NA,NA
2015-03-08,NA,Geocartography,NA,NA,8,26,7,NA,NA,NA,13,NA,NA,8,5,NA,NA,NA,12,NA,NA,NA,21,12,0,8,NA,NA,NA,NA,NA,NA,NA,NA,NA,NA,NA,NA,NA,NA,NA,NA,NA
2015-03-06,NA,Yisrael Hayom,NA,NA,6,23,6,NA,NA,NA,12,NA,NA,6,5,NA,NA,NA,13,NA,NA,NA,23,13,5,9,NA,NA,NA,NA,NA,NA,NA,NA,NA,NA,NA,NA,NA,NA,NA,NA,NA
2015-03-06,NA,Teleseker/Walla!,NA,NA,8,24,6,NA,NA,NA,11,NA,NA,7,4,NA,NA,NA,12,NA,NA,NA,24,12,4,8,NA,NA,NA,NA,NA,NA,NA,NA,NA,NA,NA,NA,NA,NA,NA,NA,NA
2015-03-06,NA,Panels/Maariv,NA,NA,7,22,5,NA,NA,NA,12,NA,NA,6,6,NA,NA,NA,13,NA,NA,NA,24,13,4,8,NA,NA,NA,NA,NA,NA,NA,NA,NA,NA,NA,NA,NA,NA,NA,NA,NA
2015-03-05,NA,Channel 1,NA,NA,8,24,6,NA,NA,NA,11,NA,NA,7,4,NA,NA,NA,13,NA,NA,NA,24,12,4,7,NA,NA,NA,NA,NA,NA,NA,NA,NA,NA,NA,NA,NA,NA,NA,NA,NA
2015-03-04,NA,Dialog/Channel 10,NA,NA,7,23,5,NA,NA,NA,11,NA,NA,6,5,NA,NA,NA,13,NA,NA,NA,23,13,4,10,NA,NA,NA,NA,NA,NA,NA,NA,NA,NA,NA,NA,NA,NA,NA,NA,NA
2015-03-04,NA,Midgam/Channel 2,NA,NA,6,23,6,NA,NA,NA,12,NA,NA,6,6,NA,NA,NA,12,NA,NA,NA,24,13,4,8,NA,NA,NA,NA,NA,NA,NA,NA,NA,NA,NA,NA,NA,NA,NA,NA,NA
2015-03-03,NA,Panels/Knesset Channel,NA,NA,7,21,5,NA,NA,NA,12,NA,NA,7,6,NA,NA,NA,13,NA,NA,NA,24,13,4,8,NA,NA,NA,NA,NA,NA,NA,NA,NA,NA,NA,NA,NA,NA,NA,NA,NA
2015-03-03,NA,Israel Army Radio (Galatz),NA,NA,6,22,7,NA,NA,NA,12,NA,NA,7,6,NA,NA,NA,12,NA,NA,NA,24,12,4,8,NA,NA,NA,NA,NA,NA,NA,NA,NA,NA,NA,NA,NA,NA,NA,NA,NA
2015-03-02,NA,Maagar Mochot/Kol Bramah Radio,NA,NA,7,23,6,NA,NA,NA,12,NA,NA,7,5,NA,NA,NA,11,NA,NA,NA,24,12,5,8,NA,NA,NA,NA,NA,NA,NA,NA,NA,NA,NA,NA,NA,NA,NA,NA,NA
2015-03-01,NA,Geocartography,NA,NA,4,24,5,NA,NA,NA,14,NA,NA,8,6,NA,NA,NA,11,NA,NA,NA,22,12,5,9,NA,NA,NA,NA,NA,NA,NA,NA,NA,NA,NA,NA,NA,NA,NA,NA,NA
2015-02-27,NA,Israel Radio,NA,NA,8,22,6,NA,NA,NA,12,NA,NA,6,5,NA,NA,NA,12,NA,NA,NA,23,13,4,9,NA,NA,NA,NA,NA,NA,NA,NA,NA,NA,NA,NA,NA,NA,NA,NA,NA
2015-02-27,NA,Maariv,NA,NA,7,23,5,NA,NA,NA,11,NA,NA,7,5,NA,NA,NA,12,NA,NA,NA,25,13,4,8,NA,NA,NA,NA,NA,NA,NA,NA,NA,NA,NA,NA,NA,NA,NA,NA,NA
2015-02-27,NA,Teleseker/Walla!,NA,NA,7,23,6,NA,NA,NA,13,NA,NA,7,4,NA,NA,NA,13,NA,NA,NA,23,12,5,7,NA,NA,NA,NA,NA,NA,NA,NA,NA,NA,NA,NA,NA,NA,NA,NA,NA
2015-02-26,NA,Panels/Maariv-Jerusalem Post,NA,NA,7,23,5,NA,NA,NA,12,NA,NA,7,5,NA,NA,NA,12,NA,NA,NA,24,13,4,8,NA,NA,NA,NA,NA,NA,NA,NA,NA,NA,NA,NA,NA,NA,NA,NA,NA
2015-02-26,NA,Channel 1,NA,NA,7,24,6,NA,NA,NA,12,NA,NA,7,4,NA,NA,NA,12,NA,NA,NA,24,12,5,7,NA,NA,NA,NA,NA,NA,NA,NA,NA,NA,NA,NA,NA,NA,NA,NA,NA
2015-02-26,NA,Channel 10,NA,NA,7,21,6,NA,NA,NA,12,NA,NA,7,5,NA,NA,NA,13,NA,NA,NA,23,12,5,9,NA,NA,NA,NA,NA,NA,NA,NA,NA,NA,NA,NA,NA,NA,NA,NA,NA
2015-02-24,NA,Midgam /Channel 2,NA,NA,7,22,6,NA,NA,NA,12,NA,NA,7,6,NA,NA,NA,12,NA,NA,NA,24,12,5,7,NA,NA,NA,NA,NA,NA,NA,NA,NA,NA,NA,NA,NA,NA,NA,NA,NA
2015-02-24,NA,Dialog/Haaretz,NA,NA,7,23,6,NA,NA,NA,12,NA,NA,7,5,NA,NA,NA,12,NA,NA,NA,23,12,4,9,NA,NA,NA,NA,NA,NA,NA,NA,NA,NA,NA,NA,NA,NA,NA,NA,NA
2015-02-24,NA,Panels/Knesset Channel,NA,NA,7,24,5,NA,NA,NA,11,NA,NA,7,5,NA,NA,NA,12,NA,NA,NA,24,13,4,8,NA,NA,NA,NA,NA,NA,NA,NA,NA,NA,NA,NA,NA,NA,NA,NA,NA
2015-02-22,NA,Teleseker/Nana 10,NA,NA,5,23,4,NA,NA,NA,14,NA,NA,7,6,NA,NA,NA,11,NA,NA,NA,25,12,5,8,NA,NA,NA,NA,NA,NA,NA,NA,NA,NA,NA,NA,NA,NA,NA,NA,NA
2015-02-22,NA,Geocartography,NA,NA,4,27,7,NA,NA,NA,11,NA,NA,7,4,NA,NA,NA,11,NA,NA,NA,23,12,5,9,NA,NA,NA,NA,NA,NA,NA,NA,NA,NA,NA,NA,NA,NA,NA,NA,NA
2015-02-20,NA,Smith/Israel Radio,NA,NA,8,24,5,NA,NA,NA,13,NA,NA,7,5,NA,NA,NA,10,NA,NA,NA,24,12,4,8,NA,NA,NA,NA,NA,NA,NA,NA,NA,NA,NA,NA,NA,NA,NA,NA,NA
2015-02-20,NA,Teleseker/Walla,NA,NA,7,24,6,NA,NA,NA,13,NA,NA,7,4,NA,NA,NA,12,NA,NA,NA,23,12,4,8,NA,NA,NA,NA,NA,NA,NA,NA,NA,NA,NA,NA,NA,NA,NA,NA,NA
2015-02-19,NA,Panels/Maariv,NA,NA,7,22,5,NA,NA,NA,13,NA,NA,7,6,NA,NA,NA,12,NA,NA,NA,24,12,4,8,NA,NA,NA,NA,NA,NA,NA,NA,NA,NA,NA,NA,NA,NA,NA,NA,NA
2015-02-19,NA,Teleseker/Channel 1,NA,NA,7,24,6,NA,NA,NA,13,NA,NA,7,4,NA,NA,NA,11,NA,NA,NA,24,12,4,8,NA,NA,NA,NA,NA,NA,NA,NA,NA,NA,NA,NA,NA,NA,NA,NA,NA
2015-02-18,NA,Channel 10,NA,NA,7,22,5,NA,NA,NA,13,NA,NA,7,5,NA,NA,NA,12,NA,NA,NA,23,12,4,10,NA,NA,NA,NA,NA,NA,NA,NA,NA,NA,NA,NA,NA,NA,NA,NA,NA
2015-02-17,NA,TRI/Bizportal,NA,NA,4,23,4,NA,NA,NA,14,NA,NA,8,4,NA,NA,NA,12,NA,NA,NA,24,12,5,10,NA,NA,NA,NA,NA,NA,NA,NA,NA,NA,NA,NA,NA,NA,NA,NA,NA
2015-02-17,NA,Panels/Knesset Channel,NA,NA,7,23,6,NA,NA,NA,12,NA,NA,7,6,NA,NA,NA,12,NA,NA,NA,24,12,4,7,NA,NA,NA,NA,NA,NA,NA,NA,NA,NA,NA,NA,NA,NA,NA,NA,NA
2015-02-15,NA,Midgam/Channel 2,NA,NA,6,24,7,NA,NA,NA,11,NA,NA,7,5,NA,NA,NA,11,NA,NA,NA,25,12,5,7,NA,NA,NA,NA,NA,NA,NA,NA,NA,NA,NA,NA,NA,NA,NA,NA,NA
2015-02-15,NA,Geocartography,NA,NA,7,27,6,NA,NA,NA,11,NA,NA,8,6,NA,NA,NA,8,NA,NA,NA,24,12,4,7,NA,NA,NA,NA,NA,NA,NA,NA,NA,NA,NA,NA,NA,NA,NA,NA,NA
2015-02-13,NA,Smith/Israel Radio,NA,NA,8,25,5,NA,NA,NA,13,NA,NA,7,5,NA,NA,NA,9,NA,NA,NA,24,13,4,7,NA,NA,NA,NA,NA,NA,NA,NA,NA,NA,NA,NA,NA,NA,NA,NA,NA
2015-02-13,NA,Teleseker/Walla,NA,NA,7,25,7,NA,NA,NA,13,NA,NA,7,5,NA,NA,NA,9,NA,NA,NA,23,12,4,8,NA,NA,NA,NA,NA,NA,NA,NA,NA,NA,NA,NA,NA,NA,NA,NA,NA
2015-02-13,NA,Panels/Maariv,NA,NA,6,24,6,NA,NA,NA,11,NA,NA,7,6,NA,NA,NA,12,NA,NA,NA,23,13,5,7,NA,NA,NA,NA,NA,NA,NA,NA,NA,NA,NA,NA,NA,NA,NA,NA,NA
2015-02-12,NA,Smith/Globes,NA,NA,8,24,6,NA,NA,NA,13,NA,NA,7,5,NA,NA,NA,9,NA,NA,NA,24,12,4,8,NA,NA,NA,NA,NA,NA,NA,NA,NA,NA,NA,NA,NA,NA,NA,NA,NA
2015-02-11,NA,Teleseker/Channel 1,NA,NA,6,27,7,NA,NA,NA,11,NA,NA,8,5,NA,NA,NA,10,NA,NA,NA,23,12,4,7,NA,NA,NA,NA,NA,NA,NA,NA,NA,NA,NA,NA,NA,NA,NA,NA,NA
2015-02-10,NA,Panels/Knesset Channel,NA,NA,7,23,5,NA,NA,NA,12,NA,NA,7,5,NA,NA,NA,12,NA,NA,NA,23,12,5,9,NA,NA,NA,NA,NA,NA,NA,NA,NA,NA,NA,NA,NA,NA,NA,NA,NA
2015-02-09,NA,202 Strategies/Times of Israel,NA,NA,5,23,7,NA,NA,NA,11,NA,NA,7,4,NA,NA,NA,11,NA,NA,NA,27,11,4,10,NA,NA,NA,NA,NA,NA,NA,NA,NA,NA,NA,NA,NA,NA,NA,NA,NA
2015-02-08,NA,Midgam/Channel 10,NA,NA,6,23,5,NA,NA,NA,14,NA,NA,6,5,NA,NA,NA,10,NA,NA,NA,23,13,5,10,NA,NA,NA,NA,NA,NA,NA,NA,NA,NA,NA,NA,NA,NA,NA,NA,NA
2015-02-07,NA,Teleseker/Channel 1,NA,NA,6,27,6,NA,NA,NA,11,NA,NA,8,5,NA,NA,NA,11,NA,NA,NA,23,12,4,7,NA,NA,NA,NA,NA,NA,NA,NA,NA,NA,NA,NA,NA,NA,NA,NA,NA
2015-02-06,NA,Maagar Mochot/NRG,NA,NA,6,25,4,NA,NA,NA,14,NA,NA,6,6,NA,NA,NA,11,NA,NA,NA,24,12,4,8,NA,NA,NA,NA,NA,NA,NA,NA,NA,NA,NA,NA,NA,NA,NA,NA,NA
2015-02-06,NA,Smith/Israel Radio,NA,NA,9,26,5,NA,NA,NA,14,NA,NA,8,5,NA,NA,NA,9,NA,NA,NA,25,12,0,7,NA,NA,NA,NA,NA,NA,NA,NA,NA,NA,NA,NA,NA,NA,NA,NA,NA
2015-02-06,NA,Panels/Maariv,NA,NA,6,26,5,NA,NA,NA,13,NA,NA,8,6,NA,NA,NA,11,NA,NA,NA,22,12,4,7,NA,NA,NA,NA,NA,NA,NA,NA,NA,NA,NA,NA,NA,NA,NA,NA,NA
2015-02-06,NA,Midgam/Yedioth Ahronoth,NA,NA,7,24,6,NA,NA,NA,12,NA,NA,7,5,NA,NA,NA,11,NA,NA,NA,25,12,4,7,NA,NA,NA,NA,NA,NA,NA,NA,NA,NA,NA,NA,NA,NA,NA,NA,NA
2015-02-05,NA,Teleseker/Walla,NA,NA,7,26,7,NA,NA,NA,12,NA,NA,7,4,NA,NA,NA,10,NA,NA,NA,23,12,4,8,NA,NA,NA,NA,NA,NA,NA,NA,NA,NA,NA,NA,NA,NA,NA,NA,NA
2015-02-03,NA,Panels/Knesset Channel,NA,NA,6,25,5,NA,NA,NA,13,NA,NA,7,5,NA,NA,NA,11,NA,NA,NA,24,12,4,8,NA,NA,NA,NA,NA,NA,NA,NA,NA,NA,NA,NA,NA,NA,NA,NA,NA
2015-02-01,NA,Dialog/Haaretz,NA,NA,6,25,6,NA,NA,NA,14,NA,NA,8,5,NA,NA,NA,9,NA,NA,NA,23,12,4,8,NA,NA,NA,NA,NA,NA,NA,NA,NA,NA,NA,NA,NA,NA,NA,NA,NA
2015-01-30,NA,Smith/Israel Radio,NA,NA,9,26,5,NA,NA,NA,15,NA,NA,7,5,NA,NA,NA,8,NA,NA,NA,26,12,0,7,NA,NA,NA,NA,NA,NA,NA,NA,NA,NA,NA,NA,NA,NA,NA,NA,NA
2015-01-30,NA,Teleseker/Walla,NA,NA,7,27,6,NA,NA,NA,12,NA,NA,7,4,NA,NA,NA,8,NA,NA,NA,26,12,4,7,NA,NA,NA,NA,NA,NA,NA,NA,NA,NA,NA,NA,NA,NA,NA,NA,NA
2019-04-05,NA,Panel Project HaMidgam/Statnet/Channel 13,NA,11,5,28,4,NA,NA,NA,NA,NA,NA,6,5,NA,NA,NA,NA,NA,NA,NA,NA,NA,NA,4,28,4,7,6,6,NA,6,NA,NA,NA,NA,NA,NA,NA,NA,NA,NA
2019-04-05,NA,Smith/Maariv,NA,9,6,27,4,NA,NA,NA,NA,NA,NA,7,5,NA,NA,NA,NA,NA,NA,NA,NA,NA,NA,5,29,4,6,7,6,NA,5,NA,NA,NA,NA,NA,NA,NA,NA,NA,NA
2019-04-05,NA,Maagar Mohot/Radio 103FM,NA,9,6,28,NA,NA,NA,NA,NA,NA,NA,7,7,NA,NA,NA,NA,NA,NA,NA,NA,NA,NA,6,31,NA,7,7,6,NA,6,NA,NA,NA,NA,NA,NA,NA,NA,NA,NA
2019-04-04,NA,Smith/Jerusalem Post,NA,9,6,27,5,NA,NA,NA,NA,NA,NA,6,5,NA,NA,NA,NA,NA,NA,NA,NA,NA,NA,5,28,4,6,6,5,4,4,NA,NA,NA,NA,NA,NA,NA,NA,NA,NA
2019-04-04,NA,Midgam/Yedioth Ahronoth,NA,11,5,26,4,NA,NA,NA,NA,NA,NA,7,5,NA,NA,NA,NA,NA,NA,NA,NA,NA,NA,5,30,4,5,7,6,NA,5,NA,NA,NA,NA,NA,NA,NA,NA,NA,NA
2019-04-04,NA,Maagar Mohot/Israel Hayom & i24 News,NA,10,5,27,NA,NA,NA,NA,NA,NA,NA,8,8,NA,NA,NA,NA,NA,NA,NA,NA,NA,NA,6,32,NA,6,6,6,NA,6,NA,NA,NA,NA,NA,NA,NA,NA,NA,NA
2019-04-04,NA,TNS/Kan,NA,8,4,31,NA,NA,NA,NA,NA,NA,NA,6,6,NA,NA,NA,NA,NA,NA,NA,NA,NA,NA,5,30,4,6,8,6,NA,6,NA,NA,NA,NA,NA,NA,NA,NA,NA,NA
2019-04-04,NA,Midgam/iPanel/Channel 12,NA,10,5,26,5,NA,NA,NA,NA,NA,NA,7,5,NA,NA,NA,NA,NA,NA,NA,NA,NA,NA,5,30,4,5,7,6,NA,5,NA,NA,NA,NA,NA,NA,NA,NA,NA,NA
2019-04-04,NA,Miskar,NA,10,6,31,NA,NA,NA,NA,NA,NA,NA,6,5,NA,NA,NA,NA,NA,NA,NA,NA,NA,NA,NA,28,4,8,7,7,NA,8,NA,NA,NA,NA,NA,NA,NA,NA,NA,NA
2019-04-03,NA,Panels Politics/Walla!,NA,10,5,29,4,NA,NA,NA,NA,NA,NA,6,6,NA,NA,NA,NA,NA,NA,NA,NA,NA,NA,NA,30,4,7,8,6,NA,5,NA,NA,NA,NA,NA,NA,NA,NA,NA,NA
2019-04-03,NA,Dialog/Haaretz,NA,10,5,30,4,NA,NA,NA,NA,NA,NA,6,5,NA,NA,NA,NA,NA,NA,NA,NA,NA,NA,5,27,4,7,7,5,NA,5,NA,NA,NA,NA,NA,NA,NA,NA,NA,NA
2019-04-02,NA,Panel Project HaMidgam/Statnet/Channel 13,NA,14,5,29,NA,NA,NA,NA,NA,NA,NA,6,5,NA,NA,NA,NA,NA,NA,NA,NA,NA,NA,4,28,5,7,6,5,NA,6,NA,NA,NA,NA,NA,NA,NA,NA,NA,NA
2019-03-31,NA,Panels Politics/Channel 12,NA,9,5,31,4,NA,NA,NA,NA,NA,NA,6,6,NA,NA,NA,NA,NA,NA,NA,NA,NA,NA,4,30,NA,5,9,6,NA,5,NA,NA,NA,NA,NA,NA,NA,NA,NA,NA
2019-03-31,NA,Midgam/iPanel/Channel 12,NA,8,6,28,4,NA,NA,NA,NA,NA,NA,6,5,NA,NA,NA,NA,NA,NA,NA,NA,NA,NA,5,32,4,5,7,5,NA,5,NA,NA,NA,NA,NA,NA,NA,NA,NA,NA
2019-03-29,NA,Maagar Mohot/Radio 103 FM,NA,8,6,29,4,NA,NA,NA,NA,NA,NA,7,5,NA,NA,NA,NA,NA,NA,NA,NA,NA,NA,5,31,NA,7,7,6,NA,5,NA,NA,NA,NA,NA,NA,NA,NA,NA,NA
2019-03-28,NA,Midgam/Yedioth Ahronoth,NA,9,5,27,4,NA,NA,NA,NA,NA,NA,7,5,NA,NA,NA,NA,NA,NA,NA,NA,NA,NA,5,31,4,5,7,6,NA,5,NA,NA,NA,NA,NA,NA,NA,NA,NA,NA
2019-03-28,NA,Maagar Mohot/Israel Hayom & i24 News,NA,8,6,28,5,NA,NA,NA,NA,NA,NA,6,6,NA,NA,NA,NA,NA,NA,NA,NA,NA,NA,5,32,NA,6,6,6,NA,6,NA,NA,NA,NA,NA,NA,NA,NA,NA,NA
2019-03-28,NA,Smith/Maariv,NA,8,6,29,4,NA,NA,NA,NA,NA,NA,6,5,NA,NA,NA,NA,NA,NA,NA,NA,NA,NA,4,30,4,6,7,7,NA,4,NA,NA,NA,NA,NA,NA,NA,NA,NA,NA
2019-03-28,NA,Panel Project HaMidgam/Statnet/Channel 13,NA,10,4,30,NA,NA,NA,NA,NA,NA,NA,7,5,NA,NA,NA,NA,NA,NA,NA,NA,NA,NA,4,30,4,7,7,5,NA,7,NA,NA,NA,NA,NA,NA,NA,NA,NA,NA
2019-03-27,NA,Panels Politics/Walla!,NA,9,4,31,4,NA,NA,NA,NA,NA,NA,7,5,NA,NA,NA,NA,NA,NA,NA,NA,NA,NA,4,30,NA,7,8,6,NA,5,NA,NA,NA,NA,NA,NA,NA,NA,NA,NA
2019-03-26,NA,Midgam/Army Radio,NA,10,6,28,4,NA,NA,NA,NA,NA,NA,7,5,NA,NA,NA,NA,NA,NA,NA,NA,NA,NA,4,30,NA,5,8,5,4,4,NA,NA,NA,NA,NA,NA,NA,NA,NA,NA
2019-03-26,NA,TNS/Kan,NA,8,6,28,NA,NA,NA,NA,NA,NA,NA,7,5,NA,NA,NA,NA,NA,NA,NA,NA,NA,NA,6,30,5,5,7,7,NA,6,NA,NA,NA,NA,NA,NA,NA,NA,NA,NA
2019-03-26,NA,Miskar,NA,7,6,31,NA,NA,NA,NA,NA,NA,NA,6,5,NA,NA,NA,NA,NA,NA,NA,NA,NA,NA,NA,30,4,9,8,7,NA,7,NA,NA,NA,NA,NA,NA,NA,NA,NA,NA
2019-03-24,NA,Midgam/Channel 12,NA,10,6,28,4,NA,NA,NA,NA,NA,NA,7,4,NA,NA,NA,NA,NA,NA,NA,NA,NA,NA,NA,32,4,5,7,5,4,4,NA,NA,NA,NA,NA,NA,NA,NA,NA,NA
2019-03-24,NA,Panel Project HaMidgam/Statnet/Channel 13,NA,10,5,28,NA,NA,NA,NA,NA,NA,NA,6,5,NA,NA,NA,NA,NA,NA,NA,NA,NA,NA,5,31,4,8,7,5,NA,6,NA,NA,NA,NA,NA,NA,NA,NA,NA,NA
2019-03-22,NA,Panels Politics/Maariv,NA,9,4,31,5,NA,NA,NA,NA,NA,NA,7,6,NA,NA,NA,NA,NA,NA,NA,NA,NA,NA,4,30,NA,6,9,5,NA,4,NA,NA,NA,NA,NA,NA,NA,NA,NA,NA
2019-03-22,NA,Maagar Mochot/Israel Hayom & i24 News,NA,9,4,26,4,NA,NA,NA,NA,NA,NA,6,6,NA,NA,NA,NA,NA,NA,NA,NA,NA,NA,4,30,4,7,5,5,4,6,NA,NA,NA,NA,NA,NA,NA,NA,NA,NA
2019-03-22,NA,Smith/Jerusalem Post,NA,8,6,27,4,NA,NA,NA,NA,NA,NA,7,5,NA,NA,NA,NA,NA,NA,NA,NA,NA,NA,5,30,4,6,8,6,NA,4,NA,NA,NA,NA,NA,NA,NA,NA,NA,NA
2019-03-20,NA,Midgam/iPanel/Channel 12,NA,10,5,27,4,NA,NA,NA,NA,NA,NA,7,4,NA,NA,NA,NA,NA,NA,NA,NA,NA,NA,4,32,4,5,8,6,NA,4,NA,NA,NA,NA,NA,NA,NA,NA,NA,NA
2019-03-20,NA,Panel Project HaMidgam/Channel 13,NA,9,5,29,NA,NA,NA,NA,NA,NA,NA,7,5,NA,NA,NA,NA,NA,NA,NA,NA,NA,NA,5,31,4,7,7,6,NA,5,NA,NA,NA,NA,NA,NA,NA,NA,NA,NA
2019-03-19,NA,Panels Politics/Walla!,NA,8,4,32,5,NA,NA,NA,NA,NA,NA,6,6,NA,NA,NA,NA,NA,NA,NA,NA,NA,NA,4,29,NA,7,9,6,NA,4,NA,NA,NA,NA,NA,NA,NA,NA,NA,NA
2019-03-18,NA,Miskar,NA,8,6,31,NA,NA,NA,NA,NA,NA,NA,6,5,NA,NA,NA,NA,NA,NA,NA,NA,NA,NA,NA,29,5,9,7,8,NA,6,NA,NA,NA,NA,NA,NA,NA,NA,NA,NA
2019-03-14,NA,Maagar Mochot/Israel Hayom & i24 News,NA,7,5,26,5,NA,NA,NA,NA,NA,NA,7,8,NA,NA,NA,NA,NA,NA,NA,NA,NA,NA,5,33,NA,7,6,6,NA,5,NA,NA,NA,NA,NA,NA,NA,NA,NA,NA
2019-03-14,NA,Midgam/iPanel/Channel 12,NA,10,6,28,4,NA,NA,NA,NA,NA,NA,7,4,NA,NA,NA,NA,NA,NA,NA,NA,NA,NA,4,31,4,7,7,4,NA,4,NA,NA,NA,NA,NA,NA,NA,NA,NA,NA
2019-03-11,NA,Panel HaMidgam Project/Statnet/Channel 13,NA,7,5,28,4,NA,NA,NA,NA,NA,NA,6,6,NA,NA,NA,NA,NA,NA,NA,NA,NA,NA,4,31,5,7,7,6,NA,4,NA,NA,NA,NA,NA,NA,NA,NA,NA,NA
2019-03-08,NA,Maagar Mohot/Radio 103FM,NA,8,6,29,NA,NA,NA,NA,NA,NA,NA,8,7,NA,NA,NA,NA,NA,NA,NA,NA,NA,NA,5,35,NA,7,9,6,NA,NA,NA,NA,NA,NA,NA,NA,NA,NA,NA,NA
2019-03-08,NA,Midgam/iPanel/Yediot Ahronot,NA,10,6,29,4,NA,NA,NA,NA,NA,NA,7,5,NA,NA,NA,NA,NA,NA,NA,NA,NA,NA,4,33,4,6,7,5,NA,NA,NA,NA,NA,NA,NA,NA,NA,NA,NA,NA
2019-03-07,NA,Dialog/Haaretz,NA,10,5,28,NA,NA,NA,NA,NA,NA,NA,7,4,NA,NA,NA,NA,NA,NA,NA,NA,NA,NA,4,31,4,8,8,7,NA,4,NA,NA,NA,NA,NA,NA,NA,NA,NA,NA
2019-03-07,NA,Maagar Mochot/Israel Hayom & i24 News,NA,8,4,26,NA,NA,NA,NA,NA,NA,NA,8,8,NA,NA,NA,NA,NA,NA,NA,NA,NA,NA,4,33,NA,8,9,8,NA,4,NA,NA,NA,NA,NA,NA,NA,NA,NA,NA
2019-03-05,NA,TNS/Kan,NA,7,5,30,NA,NA,NA,NA,NA,NA,NA,7,5,NA,NA,NA,NA,NA,NA,NA,NA,NA,NA,5,35,4,5,8,5,NA,4,NA,NA,NA,NA,NA,NA,NA,NA,NA,NA
2019-03-05,NA,Smith/Channel 20,NA,7,5,29,4,NA,NA,NA,NA,NA,NA,6,5,NA,NA,NA,NA,NA,NA,NA,NA,NA,NA,4,31,4,6,9,6,4,NA,NA,NA,NA,NA,NA,NA,NA,NA,NA,NA
2019-03-05,NA,Midgam/Channel 12,NA,9,6,30,NA,NA,NA,NA,NA,NA,NA,7,4,NA,NA,NA,NA,NA,NA,NA,NA,NA,NA,5,36,4,6,8,5,NA,NA,NA,NA,NA,NA,NA,NA,NA,NA,NA,NA
2019-03-05,NA,Panels Politics/Walla! News,NA,8,4,31,NA,NA,NA,NA,NA,NA,NA,7,6,NA,NA,NA,NA,NA,NA,NA,NA,NA,NA,6,36,NA,7,9,6,NA,NA,NA,NA,NA,NA,NA,NA,NA,NA,NA,NA
2019-03-03,NA,Panels Politics/Channel 12,NA,8,4,30,NA,NA,NA,NA,NA,NA,NA,7,6,NA,NA,NA,NA,NA,NA,NA,NA,NA,NA,5,38,NA,7,9,6,NA,NA,NA,NA,NA,NA,NA,NA,NA,NA,NA,NA
2019-03-03,NA,Miskar,NA,5,4,28,NA,NA,NA,NA,NA,NA,NA,5,4,NA,NA,NA,NA,NA,NA,NA,NA,NA,NA,NA,27,5,11,7,7,NA,7,NA,NA,NA,NA,NA,NA,NA,NA,NA,NA
2019-03-01,NA,Panel HaMidgam Project/Statnet/Channel 13,NA,6,6,30,NA,NA,NA,NA,NA,NA,NA,7,6,NA,NA,NA,NA,NA,NA,NA,NA,NA,NA,4,36,4,7,9,5,NA,NA,NA,NA,NA,NA,NA,NA,NA,NA,NA,NA
2019-03-01,NA,TNS/Kan,NA,6,6,29,NA,NA,NA,NA,NA,NA,NA,7,6,NA,NA,NA,NA,NA,NA,NA,NA,NA,NA,5,37,5,5,7,7,NA,NA,NA,NA,NA,NA,NA,NA,NA,NA,NA,NA
2019-03-01,NA,Maagar Mohot/Radio 103FM & Maariv,NA,7,6,25,NA,NA,NA,NA,NA,NA,NA,6,6,NA,NA,NA,NA,NA,NA,NA,NA,NA,NA,5,37,NA,10,7,8,NA,NA,NA,NA,NA,NA,NA,NA,NA,NA,NA,NA
2019-02-28,NA,Panels Politics/Maariv,NA,6,5,29,4,NA,NA,NA,NA,NA,NA,7,5,NA,NA,NA,NA,NA,NA,NA,NA,NA,NA,5,35,NA,7,11,6,NA,NA,NA,NA,NA,NA,NA,NA,NA,NA,NA,NA
2019-02-28,NA,Maagar Mochot/Israel Hayom & i24 News,NA,7,6,29,NA,NA,NA,NA,NA,NA,NA,6,6,NA,NA,NA,NA,NA,NA,NA,NA,NA,NA,4,38,NA,9,7,8,NA,NA,NA,NA,NA,NA,NA,NA,NA,NA,NA,NA
2019-02-27,NA,Number 10 Strategies/The Times of Israel,NA,8,4,29,4,NA,NA,NA,NA,NA,NA,7,4,NA,NA,NA,NA,NA,NA,NA,NA,NA,NA,4,36,4,5,7,8,NA,NA,NA,NA,NA,NA,NA,NA,NA,NA,NA,NA
2019-02-24,NA,Maagar Mochot/Israel Hayom & i24 News,NA,8,7,31,NA,NA,NA,NA,NA,NA,NA,7,7,NA,NA,NA,NA,NA,NA,NA,NA,NA,NA,NA,36,NA,8,7,9,NA,NA,NA,NA,NA,NA,NA,NA,NA,NA,NA,NA
2019-02-24,NA,Midgam/iPanel/Yediot Ahronot,NA,9,5,29,4,NA,NA,NA,NA,NA,NA,7,4,NA,NA,NA,NA,NA,NA,NA,NA,NA,NA,4,35,5,5,7,6,NA,NA,NA,NA,NA,NA,NA,NA,NA,NA,NA,NA
2019-02-22,NA,Maagar Mochot/Radio 103 FM,NA,6,4,27,4,NA,NA,NA,NA,NA,NA,6,5,NA,NA,NA,NA,NA,NA,NA,NA,NA,NA,4,34,8,7,6,6,NA,NA,NA,NA,NA,NA,NA,NA,NA,NA,NA,NA
2019-02-21,NA,Panels Politics/Maariv,NA,7,5,29,4,NA,NA,NA,NA,NA,NA,7,4,NA,NA,NA,NA,NA,NA,NA,NA,NA,NA,4,35,5,6,6,8,NA,NA,NA,NA,NA,NA,NA,NA,NA,NA,NA,NA
2019-02-21,NA,Midgam/Yediot Ahronot,NA,8,5,30,4,NA,NA,NA,NA,NA,NA,6,4,NA,NA,NA,NA,NA,NA,NA,NA,NA,NA,4,36,6,5,6,6,NA,NA,NA,NA,NA,NA,NA,NA,NA,NA,NA,NA
2019-02-21,NA,Midgam/Channel 12,NA,8,5,30,4,NA,NA,NA,NA,NA,NA,7,4,NA,NA,NA,NA,NA,NA,NA,NA,NA,NA,4,36,6,4,6,6,NA,NA,NA,NA,NA,NA,NA,NA,NA,NA,NA,NA
2019-02-21,NA,Panel HaMidgam Project/Statnet/Channel 13,NA,5,6,26,5,NA,NA,NA,NA,NA,NA,7,4,NA,NA,NA,NA,NA,NA,NA,NA,NA,NA,4,36,4,8,10,5,NA,NA,NA,NA,NA,NA,NA,NA,NA,NA,NA,NA
2019-09-17,NA,KANTAR,NA,NA,9,31,9,NA,NA,NA,NA,NA,NA,8,NA,NA,NA,NA,NA,NA,NA,NA,NA,NA,NA,NA,32,NA,NA,NA,NA,NA,NA,13,7,6,5,NA,NA,NA,NA,NA,NA
2019-09-17,NA,Midgam,NA,NA,9,32,9,NA,NA,NA,NA,NA,NA,8,NA,NA,NA,NA,NA,NA,NA,NA,NA,NA,NA,NA,32,NA,NA,NA,NA,NA,NA,13,7,6,5,NA,NA,NA,NA,NA,NA
2019-09-17,NA,Panel Project HaMidgam,NA,NA,9,30,8,NA,NA,NA,NA,NA,NA,8,NA,NA,NA,NA,NA,NA,NA,NA,NA,NA,NA,NA,32,NA,NA,NA,NA,NA,NA,15,6,6,6,NA,NA,NA,NA,NA,NA
2019-09-13,NA,Panel Project HaMidgam,NA,NA,6,32,9,NA,NA,NA,NA,NA,NA,7,NA,NA,NA,NA,NA,NA,NA,NA,NA,NA,NA,NA,32,NA,NA,NA,NA,NA,NA,12,9,4,5,4,NA,NA,NA,NA,NA
2019-09-13,NA,Midgam,NA,NA,7,32,8,NA,NA,NA,NA,NA,NA,8,NA,NA,NA,NA,NA,NA,NA,NA,NA,NA,NA,NA,32,NA,NA,NA,NA,NA,NA,10,8,5,6,4,NA,NA,NA,NA,NA
2019-09-13,NA,Shvakim Panorama,NA,NA,7,33,9,NA,NA,NA,NA,NA,NA,8,NA,NA,NA,NA,NA,NA,NA,NA,NA,NA,NA,NA,32,NA,NA,NA,NA,NA,NA,11,7,4,5,4,NA,NA,NA,NA,NA
2019-09-12,NA,Smith,NA,NA,8,33,8,NA,NA,NA,NA,NA,NA,7,NA,NA,NA,NA,NA,NA,NA,NA,NA,NA,NA,NA,32,NA,NA,NA,NA,NA,NA,12,9,5,6,NA,NA,NA,NA,NA,NA
2019-09-12,NA,Panels Politics,NA,NA,7,36,9,NA,NA,NA,NA,NA,NA,8,NA,NA,NA,NA,NA,NA,NA,NA,NA,NA,NA,NA,32,NA,NA,NA,NA,NA,NA,10,9,4,5,NA,NA,NA,NA,NA,NA
2019-09-12,NA,Smith,NA,NA,8,33,9,NA,NA,NA,NA,NA,NA,7,NA,NA,NA,NA,NA,NA,NA,NA,NA,NA,NA,NA,32,NA,NA,NA,NA,NA,NA,12,9,4,6,NA,NA,NA,NA,NA,NA
2019-09-12,NA,KANTAR,NA,NA,7,31,7,NA,NA,NA,NA,NA,NA,8,NA,NA,NA,NA,NA,NA,NA,NA,NA,NA,NA,NA,33,NA,NA,NA,NA,NA,NA,11,9,5,5,4,NA,NA,NA,NA,NA
2019-09-11,NA,Maagar Mohot,NA,NA,7,33,9,NA,NA,NA,NA,NA,NA,7,NA,NA,NA,NA,NA,NA,NA,NA,NA,NA,NA,NA,31,NA,NA,NA,NA,NA,NA,12,7,6,4,4,NA,NA,NA,NA,NA
2019-09-10,NA,Panel Project HaMidgam,NA,NA,6,31,9,NA,NA,NA,NA,NA,NA,7,NA,NA,NA,NA,NA,NA,NA,NA,NA,NA,NA,NA,32,NA,NA,NA,NA,NA,NA,11,9,5,6,4,NA,NA,NA,NA,NA
2019-09-10,NA,Midgam,NA,NA,7,31,9,NA,NA,NA,NA,NA,NA,7,NA,NA,NA,NA,NA,NA,NA,NA,NA,NA,NA,NA,32,NA,NA,NA,NA,NA,NA,9,9,6,6,4,NA,NA,NA,NA,NA
2019-09-09,NA,KANTAR,NA,NA,7,31,9,NA,NA,NA,NA,NA,NA,7,NA,NA,NA,NA,NA,NA,NA,NA,NA,NA,NA,NA,32,NA,NA,NA,NA,NA,NA,10,9,5,6,4,NA,NA,NA,NA,NA
2019-09-09,NA,Midgam,NA,NA,6,32,8,NA,NA,NA,NA,NA,NA,7,NA,NA,NA,NA,NA,NA,NA,NA,NA,NA,NA,NA,33,NA,NA,NA,NA,NA,NA,9,9,6,6,4,NA,NA,NA,NA,NA
2019-09-05,NA,Panel Project HaMidgam,NA,NA,6,32,11,NA,NA,NA,NA,NA,NA,8,NA,NA,NA,NA,NA,NA,NA,NA,NA,NA,NA,NA,32,NA,NA,NA,NA,NA,NA,10,10,5,6,NA,NA,NA,NA,NA,NA
2019-09-05,NA,Maagar Mohot,NA,NA,8,31,11,NA,NA,NA,NA,NA,NA,7,NA,NA,NA,NA,NA,NA,NA,NA,NA,NA,NA,NA,30,NA,NA,NA,NA,NA,NA,11,8,6,4,4,NA,NA,NA,NA,NA
2019-09-05,NA,Smith,NA,NA,8,32,10,NA,NA,NA,NA,NA,NA,7,NA,NA,NA,NA,NA,NA,NA,NA,NA,NA,NA,NA,32,NA,NA,NA,NA,NA,NA,9,9,6,7,NA,NA,NA,NA,NA,NA
2019-09-05,NA,Midgam,NA,NA,7,32,9,NA,NA,NA,NA,NA,NA,8,NA,NA,NA,NA,NA,NA,NA,NA,NA,NA,NA,NA,32,NA,NA,NA,NA,NA,NA,10,9,6,7,NA,NA,NA,NA,NA,NA
2019-09-04,NA,Panels Politics,NA,NA,7,31,9,NA,NA,NA,NA,NA,NA,8,NA,NA,NA,NA,NA,NA,NA,NA,NA,NA,NA,NA,31,NA,NA,NA,NA,NA,NA,10,10,5,5,4,NA,NA,NA,NA,NA
2019-09-02,NA,Midgam,NA,NA,7,32,9,NA,NA,NA,NA,NA,NA,8,NA,NA,NA,NA,NA,NA,NA,NA,NA,NA,NA,NA,31,NA,NA,NA,NA,NA,NA,10,9,7,7,NA,NA,NA,NA,NA,NA
2019-09-01,NA,Panel Project HaMidgam,NA,NA,6,31,11,NA,NA,NA,NA,NA,NA,7,NA,NA,NA,NA,NA,NA,NA,NA,NA,NA,NA,NA,32,NA,NA,NA,NA,NA,NA,10,10,6,7,NA,NA,NA,NA,NA,NA
2019-09-01,NA,KANTAR,NA,NA,7,32,9,NA,NA,NA,NA,NA,NA,7,NA,NA,NA,NA,NA,NA,NA,NA,NA,NA,NA,NA,31,NA,NA,NA,NA,NA,NA,11,10,6,7,NA,NA,NA,NA,NA,NA
2019-08-29,NA,Maagar Mohot,NA,NA,8,30,11,NA,NA,NA,NA,NA,NA,7,NA,NA,NA,NA,NA,NA,NA,NA,NA,NA,NA,NA,32,NA,NA,NA,NA,NA,NA,11,10,5,6,NA,NA,NA,NA,NA,NA
2019-08-28,NA,Smith,NA,NA,8,32,10,NA,NA,NA,NA,NA,NA,7,NA,NA,NA,NA,NA,NA,NA,NA,NA,NA,NA,NA,31,NA,NA,NA,NA,NA,NA,10,10,5,7,NA,NA,NA,NA,NA,NA
2019-08-28,NA,Midgam,NA,NA,7,31,10,NA,NA,NA,NA,NA,NA,8,NA,NA,NA,NA,NA,NA,NA,NA,NA,NA,NA,NA,30,NA,NA,NA,NA,NA,NA,10,10,7,7,NA,NA,NA,NA,NA,NA
2019-08-25,NA,KANTAR,NA,NA,7,32,9,NA,NA,NA,NA,NA,NA,7,NA,NA,NA,NA,NA,NA,NA,NA,NA,NA,NA,NA,31,NA,NA,NA,NA,NA,NA,11,10,7,6,NA,NA,NA,NA,NA,NA
2019-08-22,NA,Midgam,NA,NA,7,30,10,NA,NA,NA,NA,NA,NA,8,NA,NA,NA,NA,NA,NA,NA,NA,NA,NA,NA,NA,30,NA,NA,NA,NA,NA,NA,11,11,6,7,NA,NA,NA,NA,NA,NA
2019-08-22,NA,Smith,NA,NA,8,32,10,NA,NA,NA,NA,NA,NA,7,NA,NA,NA,NA,NA,NA,NA,NA,NA,NA,NA,NA,30,NA,NA,NA,NA,NA,NA,11,10,5,7,NA,NA,NA,NA,NA,NA
2019-08-22,NA,Maagar Mohot,NA,NA,8,32,10,NA,NA,NA,NA,NA,NA,7,NA,NA,NA,NA,NA,NA,NA,NA,NA,NA,NA,NA,31,NA,NA,NA,NA,NA,NA,12,10,4,6,NA,NA,NA,NA,NA,NA
2019-08-21,NA,Midgam,NA,NA,7,31,9,NA,NA,NA,NA,NA,NA,8,NA,NA,NA,NA,NA,NA,NA,NA,NA,NA,NA,NA,30,NA,NA,NA,NA,NA,NA,11,11,6,7,NA,NA,NA,NA,NA,NA
2019-08-15,NA,Smith,NA,NA,8,32,10,NA,NA,NA,NA,NA,NA,7,NA,NA,NA,NA,NA,NA,NA,NA,NA,NA,NA,NA,30,NA,NA,NA,NA,NA,NA,11,9,6,7,NA,NA,NA,NA,NA,NA
2019-08-15,NA,Panel Project HaMidgam,NA,NA,6,31,11,NA,NA,NA,NA,NA,NA,7,NA,NA,NA,NA,NA,NA,NA,NA,NA,NA,NA,NA,31,NA,NA,NA,NA,NA,NA,9,12,5,8,NA,NA,NA,NA,NA,NA
2019-08-13,NA,Midgam,NA,NA,7,30,10,NA,NA,NA,NA,NA,NA,8,NA,NA,NA,NA,NA,NA,NA,NA,NA,NA,NA,NA,29,NA,NA,NA,NA,NA,NA,11,11,7,7,NA,NA,NA,NA,NA,NA
2019-08-08,NA,Smith,NA,NA,8,32,9,NA,NA,NA,NA,NA,NA,7,NA,NA,NA,NA,NA,NA,NA,NA,NA,NA,NA,NA,30,NA,NA,NA,NA,NA,NA,11,10,5,8,NA,NA,NA,NA,NA,NA
2019-08-05,NA,Midgam,NA,NA,7,31,10,NA,NA,NA,NA,NA,NA,8,NA,NA,NA,NA,NA,NA,NA,NA,NA,NA,NA,NA,29,NA,NA,NA,NA,NA,NA,11,11,6,7,NA,NA,NA,NA,NA,NA
2019-08-04,NA,KANTAR,NA,NA,7,29,11,NA,NA,NA,NA,NA,NA,7,NA,NA,NA,NA,NA,NA,NA,NA,NA,NA,NA,NA,30,NA,NA,NA,NA,NA,NA,11,11,6,8,NA,NA,NA,NA,NA,NA
2019-08-02,NA,Midgam,NA,NA,7,30,10,NA,NA,NA,NA,NA,NA,8,NA,NA,NA,NA,NA,NA,NA,NA,NA,NA,NA,NA,29,NA,NA,NA,NA,NA,NA,11,12,6,7,NA,NA,NA,NA,NA,NA
2019-08-02,NA,Smith,NA,NA,8,31,10,NA,NA,NA,NA,NA,NA,7,NA,NA,NA,NA,NA,NA,NA,NA,NA,NA,NA,NA,29,NA,NA,NA,NA,NA,NA,11,11,5,8,NA,NA,NA,NA,NA,NA
2019-08-01,NA,Panel Project HaMidgam,NA,NA,6,30,11,NA,NA,NA,NA,NA,NA,7,NA,NA,NA,NA,NA,NA,NA,NA,NA,NA,NA,NA,29,NA,NA,NA,NA,NA,NA,11,11,6,9,NA,NA,NA,NA,NA,NA
2019-08-01,NA,Maagar Mohot,NA,NA,7,30,10,NA,NA,NA,NA,NA,NA,7,NA,NA,NA,NA,NA,NA,NA,NA,NA,NA,NA,NA,28,NA,NA,NA,NA,NA,NA,12,11,6,9,NA,NA,NA,NA,NA,NA
2019-07-30,NA,Midgam,NA,NA,7,30,10,NA,NA,NA,NA,NA,NA,8,NA,NA,NA,NA,NA,NA,NA,NA,NA,NA,NA,NA,30,NA,NA,NA,NA,NA,NA,11,12,5,7,NA,NA,NA,NA,NA,NA
2020-02-28,NA,Smith,NA,NA,9,35,6,NA,NA,NA,NA,NA,NA,7,NA,NA,NA,NA,NA,NA,NA,NA,NA,NA,NA,NA,34,NA,NA,NA,NA,NA,NA,14,7,NA,NA,NA,8,NA,NA,NA,NA
2020-02-28,NA,Panel Project HaMidgam,NA,NA,8,33,7,NA,NA,NA,NA,NA,NA,7,NA,NA,NA,NA,NA,NA,NA,NA,NA,NA,NA,NA,33,NA,NA,NA,NA,NA,NA,15,8,NA,NA,NA,9,NA,NA,NA,NA
2020-02-28,NA,Midgam,NA,NA,8,35,6,NA,NA,NA,NA,NA,NA,8,NA,NA,NA,NA,NA,NA,NA,NA,NA,NA,NA,NA,33,NA,NA,NA,NA,NA,NA,14,7,NA,NA,NA,9,NA,NA,NA,NA
2020-02-27,NA,Panels Politics,NA,NA,9,34,7,NA,NA,NA,NA,NA,NA,7,NA,NA,NA,NA,NA,NA,NA,NA,NA,NA,NA,NA,34,NA,NA,NA,NA,NA,NA,13,7,NA,NA,NA,9,NA,NA,NA,NA
2020-02-27,NA,Maagar Mohot,NA,NA,8,33,7,NA,NA,NA,NA,NA,NA,7,NA,NA,NA,NA,NA,NA,NA,NA,NA,NA,NA,NA,33,NA,NA,NA,NA,NA,NA,14,9,NA,NA,NA,9,NA,NA,NA,NA
2020-02-27,NA,Kantar,NA,NA,8,35,6,NA,NA,NA,NA,NA,NA,8,NA,NA,NA,NA,NA,NA,NA,NA,NA,NA,NA,NA,34,NA,NA,NA,NA,NA,NA,14,7,NA,NA,NA,8,NA,NA,NA,NA
2020-02-26,NA,Direct Polls,NA,NA,9,35,6,NA,NA,NA,NA,NA,NA,8,NA,NA,NA,NA,NA,NA,NA,NA,NA,NA,NA,NA,33,NA,NA,NA,NA,NA,NA,13,7,NA,NA,NA,9,NA,NA,NA,NA
2020-02-25,NA,Midgam,NA,NA,8,34,7,NA,NA,NA,NA,NA,NA,8,NA,NA,NA,NA,NA,NA,NA,NA,NA,NA,NA,NA,34,NA,NA,NA,NA,NA,NA,13,7,NA,NA,NA,9,NA,NA,NA,NA
2020-02-25,NA,Panels Politics,NA,NA,8,34,8,NA,NA,NA,NA,NA,NA,7,NA,NA,NA,NA,NA,NA,NA,NA,NA,NA,NA,NA,32,NA,NA,NA,NA,NA,NA,14,8,NA,NA,NA,9,NA,NA,NA,NA
2020-02-24,NA,Kantar,NA,NA,8,34,7,NA,NA,NA,NA,NA,NA,7,NA,NA,NA,NA,NA,NA,NA,NA,NA,NA,NA,NA,33,NA,NA,NA,NA,NA,NA,14,7,NA,NA,NA,10,NA,NA,NA,NA
2020-02-24,NA,Panel Project HaMidgam,NA,NA,8,33,8,NA,NA,NA,NA,NA,NA,7,NA,NA,NA,NA,NA,NA,NA,NA,NA,NA,NA,NA,32,NA,NA,NA,NA,NA,NA,14,8,NA,NA,NA,10,NA,NA,NA,NA
2020-02-23,NA,Kantar,NA,NA,8,35,7,NA,NA,NA,NA,NA,NA,7,NA,NA,NA,NA,NA,NA,NA,NA,NA,NA,NA,NA,34,NA,NA,NA,NA,NA,NA,14,6,NA,NA,NA,9,NA,NA,NA,NA
2020-02-23,NA,Midgam,NA,NA,8,34,7,NA,NA,NA,NA,NA,NA,8,NA,NA,NA,NA,NA,NA,NA,NA,NA,NA,NA,NA,33,NA,NA,NA,NA,NA,NA,13,7,NA,NA,NA,10,NA,NA,NA,NA
2020-02-20,NA,Maagar Mohot,NA,NA,8,33,7,NA,NA,NA,NA,NA,NA,7,NA,NA,NA,NA,NA,NA,NA,NA,NA,NA,NA,NA,36,NA,NA,NA,NA,NA,NA,13,8,NA,NA,NA,8,NA,NA,NA,NA
2020-02-20,NA,Direct Polls,NA,NA,9,33,7,NA,NA,NA,NA,NA,NA,8,NA,NA,NA,NA,NA,NA,NA,NA,NA,NA,NA,NA,31,NA,NA,NA,NA,NA,NA,14,8,NA,NA,NA,10,NA,NA,NA,NA
2020-02-19,NA,Panels Politics,NA,NA,9,32,8,NA,NA,NA,NA,NA,NA,7,NA,NA,NA,NA,NA,NA,NA,NA,NA,NA,NA,NA,36,NA,NA,NA,NA,NA,NA,14,7,NA,NA,NA,8,NA,NA,NA,NA
2020-02-19,NA,Midgam,NA,NA,8,33,7,NA,NA,NA,NA,NA,NA,8,NA,NA,NA,NA,NA,NA,NA,NA,NA,NA,NA,NA,35,NA,NA,NA,NA,NA,NA,13,7,NA,NA,NA,9,NA,NA,NA,NA
2020-02-17,NA,Panel Project HaMidgam,NA,NA,7,33,8,NA,NA,NA,NA,NA,NA,7,NA,NA,NA,NA,NA,NA,NA,NA,NA,NA,NA,NA,36,NA,NA,NA,NA,NA,NA,14,7,NA,NA,NA,8,NA,NA,NA,NA
2020-02-17,NA,Midgam,NA,NA,8,33,7,NA,NA,NA,NA,NA,NA,8,NA,NA,NA,NA,NA,NA,NA,NA,NA,NA,NA,NA,34,NA,NA,NA,NA,NA,NA,13,7,NA,NA,NA,10,NA,NA,NA,NA
2020-02-14,NA,Panels Politics,NA,NA,8,32,7,NA,NA,NA,NA,NA,NA,8,NA,NA,NA,NA,NA,NA,NA,NA,NA,NA,NA,NA,35,NA,NA,NA,NA,NA,NA,14,8,NA,NA,NA,8,NA,NA,NA,NA
2020-02-13,NA,Midgam,NA,NA,8,33,7,NA,NA,NA,NA,NA,NA,8,NA,NA,NA,NA,NA,NA,NA,NA,NA,NA,NA,NA,35,NA,NA,NA,NA,NA,NA,13,7,NA,NA,NA,9,NA,NA,NA,NA
2020-02-13,NA,Maagar Mohot,NA,NA,8,32,7,NA,NA,NA,NA,NA,NA,8,NA,NA,NA,NA,NA,NA,NA,NA,NA,NA,NA,NA,34,NA,NA,NA,NA,NA,NA,14,9,NA,NA,NA,8,NA,NA,NA,NA
2020-02-13,NA,Smith,NA,NA,9,33,7,NA,NA,NA,NA,NA,NA,7,NA,NA,NA,NA,NA,NA,NA,NA,NA,NA,NA,NA,34,NA,NA,NA,NA,NA,NA,14,7,NA,NA,NA,9,NA,NA,NA,NA
2020-02-12,NA,Panels Politics,NA,NA,8,33,7,NA,NA,NA,NA,NA,NA,8,NA,NA,NA,NA,NA,NA,NA,NA,NA,NA,NA,NA,36,NA,NA,NA,NA,NA,NA,14,7,NA,NA,NA,7,NA,NA,NA,NA
2020-02-07,NA,Panel Project HaMidgam,NA,NA,7,33,8,NA,NA,NA,NA,NA,NA,7,NA,NA,NA,NA,NA,NA,NA,NA,NA,NA,NA,NA,35,NA,NA,NA,NA,NA,NA,14,6,NA,NA,NA,10,NA,NA,NA,NA
2020-02-06,NA,Direct Polls,NA,NA,8,34,7,NA,NA,NA,NA,NA,NA,8,NA,NA,NA,NA,NA,NA,NA,NA,NA,NA,NA,NA,33,NA,NA,NA,NA,NA,NA,13,7,NA,NA,NA,10,NA,NA,NA,NA
2020-02-06,NA,Maagar Mohot,NA,NA,8,34,6,NA,NA,NA,NA,NA,NA,7,NA,NA,NA,NA,NA,NA,NA,NA,NA,NA,NA,NA,36,NA,NA,NA,NA,NA,NA,13,8,NA,NA,NA,8,NA,NA,NA,NA
2020-02-05,NA,Panels Politics,NA,NA,7,33,7,NA,NA,NA,NA,NA,NA,8,NA,NA,NA,NA,NA,NA,NA,NA,NA,NA,NA,NA,36,NA,NA,NA,NA,NA,NA,13,8,NA,NA,NA,8,NA,NA,NA,NA
2020-02-05,NA,Midgam,NA,NA,8,32,8,NA,NA,NA,NA,NA,NA,8,NA,NA,NA,NA,NA,NA,NA,NA,NA,NA,NA,NA,34,NA,NA,NA,NA,NA,NA,13,8,NA,NA,NA,9,NA,NA,NA,NA
2020-01-30,NA,Maagar Mochot,NA,NA,9,31,7,NA,NA,NA,NA,NA,NA,7,NA,NA,NA,NA,NA,NA,NA,NA,NA,NA,NA,NA,34,NA,NA,NA,NA,NA,NA,14,9,NA,NA,NA,9,NA,NA,NA,NA
2020-01-29,NA,Panels Politics,NA,NA,8,33,8,NA,NA,NA,NA,NA,NA,8,NA,NA,NA,NA,NA,NA,NA,NA,NA,NA,NA,NA,36,NA,NA,NA,NA,NA,NA,13,7,NA,NA,NA,7,NA,NA,NA,NA
2020-01-29,NA,Panel Project HaMidgam,NA,NA,7,34,8,NA,NA,NA,NA,NA,NA,7,NA,NA,NA,NA,NA,NA,NA,NA,NA,NA,NA,NA,35,NA,NA,NA,NA,NA,NA,12,7,NA,NA,NA,10,NA,NA,NA,NA
2020-01-29,NA,Midgam,NA,NA,8,33,8,NA,NA,NA,NA,NA,NA,7,NA,NA,NA,NA,NA,NA,NA,NA,NA,NA,NA,NA,35,NA,NA,NA,NA,NA,NA,13,8,NA,NA,NA,8,NA,NA,NA,NA
2020-01-29,NA,Kantar,NA,NA,8,33,8,NA,NA,NA,NA,NA,NA,8,NA,NA,NA,NA,NA,NA,NA,NA,NA,NA,NA,NA,34,NA,NA,NA,NA,NA,NA,14,7,NA,NA,NA,8,NA,NA,NA,NA
2020-01-28,NA,Direct Polls,NA,NA,8,35,7,NA,NA,NA,NA,NA,NA,8,NA,NA,NA,NA,NA,NA,NA,NA,NA,NA,NA,NA,33,NA,NA,NA,NA,NA,NA,13,7,NA,NA,NA,9,NA,NA,NA,NA
2020-01-23,NA,Panels Politics,NA,NA,8,32,7,NA,NA,NA,NA,NA,NA,8,NA,NA,NA,NA,NA,NA,NA,NA,NA,NA,NA,NA,35,NA,NA,NA,NA,NA,NA,14,8,NA,NA,NA,8,NA,NA,NA,NA
2020-01-23,NA,Midgam,NA,NA,8,32,8,NA,NA,NA,NA,NA,NA,7,NA,NA,NA,NA,NA,NA,NA,NA,NA,NA,NA,NA,35,NA,NA,NA,NA,NA,NA,13,8,NA,NA,NA,9,NA,NA,NA,NA
2020-01-21,NA,Kantar,NA,NA,8,31,8,NA,NA,NA,NA,NA,NA,8,NA,NA,NA,NA,NA,NA,NA,NA,NA,NA,NA,NA,35,NA,NA,NA,NA,NA,NA,13,8,NA,NA,NA,9,NA,NA,NA,NA
2020-01-19,NA,Direct Polls,NA,NA,8,32,7,NA,NA,NA,NA,NA,NA,8,NA,NA,NA,NA,NA,NA,NA,NA,NA,NA,NA,NA,34,NA,NA,NA,NA,NA,NA,13,8,NA,NA,NA,10,NA,NA,NA,NA
2020-01-16,NA,Maagar Mochot,NA,NA,8,30,8,NA,NA,NA,NA,NA,NA,7,NA,NA,NA,NA,NA,NA,NA,NA,NA,NA,NA,NA,34,NA,NA,NA,NA,NA,NA,14,9,NA,NA,NA,10,NA,NA,NA,NA
2020-01-16,NA,Midgam,NA,NA,8,32,8,NA,NA,NA,NA,NA,NA,7,NA,NA,NA,NA,NA,NA,NA,NA,NA,NA,NA,NA,34,NA,NA,NA,NA,NA,NA,13,10,NA,NA,NA,8,NA,NA,NA,NA
2020-01-16,NA,Panel Project HaMidgam,NA,NA,6,31,8,NA,NA,NA,NA,NA,NA,7,NA,NA,NA,NA,NA,4,NA,NA,NA,NA,NA,NA,34,NA,NA,NA,NA,NA,NA,14,7,NA,NA,NA,9,NA,NA,NA,NA
2020-01-16,NA,Kantar,NA,NA,9,31,7,NA,NA,NA,NA,NA,NA,8,NA,NA,NA,NA,NA,NA,NA,NA,NA,NA,NA,NA,36,NA,NA,NA,NA,NA,NA,13,7,NA,NA,NA,9,NA,NA,NA,NA
2021-03-19,NA,Camil Fuchs,NA,6,8,30,6,NA,NA,NA,NA,NA,NA,7,4,NA,NA,NA,18,NA,NA,NA,NA,NA,NA,NA,4,NA,NA,NA,NA,NA,NA,8,10,NA,NA,NA,NA,4,10,5,NA
2021-03-19,NA,Midgam/iPanel,NA,6,8,32,7,NA,NA,NA,NA,NA,NA,7,4,NA,NA,NA,18,NA,NA,NA,NA,NA,NA,NA,4,NA,NA,NA,NA,NA,NA,8,9,NA,NA,NA,NA,4,9,4,NA
2021-03-18,NA,Panels Politics,NA,5,8,30,8,NA,NA,NA,NA,NA,NA,6,4,NA,NA,NA,19,NA,NA,NA,NA,NA,NA,NA,5,NA,NA,NA,NA,NA,NA,8,10,NA,NA,NA,NA,4,8,5,NA
2021-03-18,NA,Direct Polls,NA,4,9,32,9,NA,NA,NA,NA,NA,NA,7,4,NA,NA,NA,17,NA,NA,NA,NA,NA,NA,NA,7,NA,NA,NA,NA,NA,NA,7,8,NA,NA,NA,NA,4,7,5,NA
2021-03-18,NA,Kantar,NA,5,8,31,7,NA,NA,NA,NA,NA,NA,7,4,NA,NA,NA,19,NA,NA,NA,NA,NA,NA,NA,4,NA,NA,NA,NA,NA,NA,8,9,NA,NA,NA,NA,4,9,5,NA
2021-03-18,NA,Smith,NA,5,8,31,7,NA,NA,NA,NA,NA,NA,7,4,NA,NA,NA,19,NA,NA,NA,NA,NA,NA,NA,4,NA,NA,NA,NA,NA,NA,8,9,NA,NA,NA,NA,4,9,5,NA
2021-03-18,NA,Maagar Mohot,NA,5,9,29,8,NA,NA,NA,NA,NA,NA,7,5,NA,NA,NA,18,NA,NA,NA,NA,NA,NA,NA,4,NA,NA,NA,NA,NA,NA,10,10,NA,NA,NA,NA,NA,10,5,NA
2021-03-16,NA,Midgam/iPanel,NA,6,8,30,7,NA,NA,NA,NA,NA,NA,7,4,NA,NA,NA,18,NA,NA,NA,NA,NA,NA,NA,4,NA,NA,NA,NA,NA,NA,8,10,NA,NA,NA,NA,4,10,4,NA
2021-03-15,NA,Panels Politics,NA,5,7,28,7,NA,NA,NA,NA,NA,NA,7,4,NA,NA,NA,20,NA,NA,NA,NA,NA,NA,NA,4,NA,NA,NA,NA,NA,NA,8,11,NA,NA,NA,NA,4,10,5,NA
2021-03-14,NA,Camil Fuchs,NA,6,6,28,7,NA,NA,NA,NA,NA,NA,7,4,NA,NA,NA,20,NA,NA,NA,NA,NA,NA,NA,4,NA,NA,NA,NA,NA,NA,8,11,NA,NA,NA,NA,4,9,6,NA
2021-03-11,NA,Maagar Mohot,NA,6,8,30,7,NA,NA,NA,NA,NA,NA,7,4,NA,NA,NA,18,NA,NA,NA,NA,NA,NA,NA,5,NA,NA,NA,NA,NA,NA,9,11,NA,NA,NA,NA,NA,10,5,NA
2021-03-11,NA,Panels Politics,NA,5,8,27,8,NA,NA,NA,NA,NA,NA,7,4,NA,NA,NA,20,NA,NA,NA,NA,NA,NA,NA,4,NA,NA,NA,NA,NA,NA,8,11,NA,NA,NA,NA,4,10,4,NA
2021-03-11,NA,Kantar,NA,6,8,29,7,NA,NA,NA,NA,NA,NA,7,NA,NA,NA,NA,19,NA,NA,NA,NA,NA,NA,NA,5,NA,NA,NA,NA,NA,NA,8,12,NA,NA,NA,NA,4,11,4,NA
2021-03-10,NA,Midgam/iPanel,NA,6,8,28,7,NA,NA,NA,NA,NA,NA,7,4,NA,NA,NA,19,NA,NA,NA,NA,NA,NA,NA,4,NA,NA,NA,NA,NA,NA,9,13,NA,NA,NA,NA,NA,11,4,NA
2021-03-09,NA,Camil Fuchs,NA,6,6,29,7,NA,NA,NA,NA,NA,NA,7,4,NA,NA,NA,20,NA,NA,NA,NA,NA,NA,NA,4,NA,NA,NA,NA,NA,NA,8,11,NA,NA,NA,NA,4,9,5,NA
2021-03-08,NA,Panels Politics,NA,6,8,28,8,NA,NA,NA,NA,NA,NA,6,4,NA,NA,NA,20,NA,NA,NA,NA,NA,NA,NA,5,NA,NA,NA,NA,NA,NA,8,12,NA,NA,NA,NA,NA,11,4,NA
2021-03-04,NA,Midgam/iPanel,NA,7,8,29,7,NA,NA,NA,NA,NA,NA,7,NA,NA,NA,NA,20,NA,NA,NA,NA,NA,NA,NA,5,NA,NA,NA,NA,NA,NA,9,12,NA,NA,NA,NA,NA,12,4,NA
2021-03-04,NA,Panels Politics,NA,5,8,27,9,NA,NA,NA,NA,NA,NA,7,4,NA,NA,NA,20,NA,NA,NA,NA,NA,NA,NA,4,NA,NA,NA,NA,NA,NA,8,12,NA,NA,NA,NA,NA,12,4,NA
2021-03-04,NA,Maagar Mohot,NA,4,8,29,7,NA,NA,NA,NA,NA,NA,7,4,NA,NA,NA,17,NA,NA,NA,NA,NA,NA,NA,5,NA,NA,NA,NA,NA,NA,10,10,NA,NA,NA,NA,4,11,4,NA
2021-03-04,NA,Kantar,NA,6,7,29,7,NA,NA,NA,NA,NA,NA,7,NA,NA,NA,NA,20,NA,NA,NA,NA,NA,NA,NA,5,NA,NA,NA,NA,NA,NA,8,11,NA,NA,NA,NA,4,12,4,NA
2021-03-03,NA,Direct Polls,NA,6,8,29,9,NA,NA,NA,NA,NA,NA,7,NA,NA,NA,NA,18,NA,NA,NA,NA,NA,NA,NA,6,NA,NA,NA,NA,NA,NA,8,13,NA,NA,NA,NA,NA,11,5,NA
2021-03-02,NA,Camil Fuchs,NA,6,7,27,7,NA,NA,NA,NA,NA,NA,7,4,NA,NA,NA,19,NA,NA,NA,NA,NA,NA,NA,4,NA,NA,NA,NA,NA,NA,8,11,NA,NA,NA,NA,4,11,5,NA
2021-03-02,NA,Maagar Mohot,NA,5,8,29,7,NA,NA,NA,NA,NA,NA,7,4,NA,NA,NA,18,NA,NA,NA,NA,NA,NA,NA,5,NA,NA,NA,NA,NA,NA,10,10,NA,NA,NA,NA,NA,13,4,NA
2021-03-02,NA,Midgam/iPanel,NA,7,8,28,7,NA,NA,NA,NA,NA,NA,6,NA,NA,NA,NA,19,NA,NA,NA,NA,NA,NA,NA,5,NA,NA,NA,NA,NA,NA,9,12,NA,NA,NA,NA,NA,14,5,NA
2021-02-28,NA,Panels Politics,NA,6,8,28,7,NA,NA,NA,NA,NA,NA,7,4,NA,NA,NA,19,NA,NA,NA,NA,NA,NA,NA,4,NA,NA,NA,NA,NA,NA,9,11,NA,NA,NA,NA,NA,13,4,NA
2021-02-25,NA,Panels Politics,NA,5,8,29,7,NA,NA,NA,NA,NA,NA,7,4,NA,NA,NA,17,NA,NA,NA,NA,NA,NA,NA,5,NA,NA,NA,NA,NA,NA,9,11,NA,NA,NA,NA,NA,14,4,NA
2021-02-25,NA,Camil Fuchs,NA,6,7,27,6,NA,NA,NA,NA,NA,NA,7,5,NA,NA,NA,18,NA,NA,NA,NA,NA,NA,NA,4,NA,NA,NA,NA,NA,NA,8,11,NA,NA,NA,NA,4,13,4,NA
2021-02-23,NA,Kantar,NA,6,8,29,7,NA,NA,NA,NA,NA,NA,7,4,NA,NA,NA,18,NA,NA,NA,NA,NA,NA,NA,4,NA,NA,NA,NA,NA,NA,9,11,NA,NA,NA,NA,NA,13,4,NA
2021-02-23,NA,Panels Politics,NA,6,8,28,7,NA,NA,NA,NA,NA,NA,7,4,NA,NA,NA,18,NA,NA,NA,NA,NA,NA,NA,4,NA,NA,NA,NA,NA,NA,9,12,NA,NA,NA,NA,NA,13,4,NA
2021-02-23,NA,Midgam/iPanel,NA,6,8,28,7,NA,NA,NA,NA,NA,NA,7,4,NA,NA,NA,18,NA,NA,NA,NA,NA,NA,NA,5,NA,NA,NA,NA,NA,NA,9,11,NA,NA,NA,NA,NA,13,4,NA
2021-02-18,NA,Panels Politics,NA,5,8,28,8,NA,NA,NA,NA,NA,NA,7,5,NA,NA,NA,18,NA,NA,NA,NA,NA,NA,NA,NA,NA,NA,NA,NA,NA,NA,9,12,NA,NA,NA,NA,NA,15,5,NA
2021-02-16,NA,Midgam/iPanel,NA,6,8,29,7,NA,NA,NA,NA,NA,NA,7,4,NA,NA,NA,18,NA,NA,NA,NA,NA,NA,NA,4,NA,NA,NA,NA,NA,NA,9,10,NA,NA,NA,NA,NA,13,5,NA
2021-02-15,NA,Camil Fuchs,NA,6,7,28,5,NA,NA,NA,NA,NA,NA,7,5,NA,NA,NA,17,NA,NA,NA,NA,NA,NA,NA,4,NA,NA,NA,NA,NA,NA,8,11,NA,NA,NA,NA,4,13,5,NA
2021-02-14,NA,Panels Politics,NA,6,8,29,7,NA,NA,NA,NA,NA,NA,7,4,NA,NA,NA,18,NA,NA,NA,NA,NA,NA,NA,NA,NA,NA,NA,NA,NA,NA,9,13,NA,NA,NA,NA,NA,14,5,NA
2021-02-11,NA,Maagar Mohot,NA,5,9,29,6,NA,NA,NA,NA,NA,NA,7,5,NA,NA,NA,16,NA,NA,NA,NA,NA,NA,NA,5,NA,NA,NA,NA,NA,NA,10,10,NA,NA,NA,NA,NA,13,5,NA
2021-02-11,NA,Panels Politics,NA,6,8,28,7,NA,NA,NA,NA,NA,NA,7,4,NA,NA,NA,19,NA,NA,NA,NA,NA,NA,NA,4,NA,NA,NA,NA,NA,NA,8,12,NA,NA,NA,NA,NA,13,4,NA
2021-02-10,NA,Midgam/iPanel,NA,6,8,28,7,NA,NA,NA,NA,NA,NA,7,4,NA,NA,NA,18,NA,NA,NA,NA,NA,NA,NA,4,NA,NA,NA,NA,NA,NA,9,11,NA,NA,NA,NA,NA,13,5,NA
2021-02-09,NA,Kantar,NA,7,8,29,6,NA,NA,NA,NA,NA,NA,7,NA,NA,NA,NA,18,NA,NA,NA,NA,NA,NA,NA,4,NA,NA,NA,NA,NA,NA,9,13,NA,NA,NA,NA,NA,14,5,NA
2021-02-08,NA,Maagar Mohot,NA,6,8,31,6,NA,NA,NA,NA,NA,NA,7,4,NA,NA,NA,18,NA,NA,NA,NA,NA,NA,NA,5,NA,NA,NA,NA,NA,NA,10,10,NA,NA,NA,NA,NA,11,4,NA
2021-02-07,NA,Panels Politics,NA,5,8,30,7,NA,NA,NA,NA,NA,NA,7,4,NA,NA,NA,18,NA,NA,NA,NA,NA,NA,NA,4,NA,NA,NA,NA,NA,NA,8,11,NA,NA,NA,NA,NA,14,4,NA
2021-02-07,NA,Direct Polls,NA,7,8,31,9,NA,NA,NA,NA,NA,NA,7,NA,NA,NA,NA,14,NA,NA,NA,NA,NA,NA,NA,4,NA,NA,NA,NA,NA,NA,7,11,NA,NA,NA,NA,4,14,4,NA
2021-02-05,NA,Camil Fuchs,NA,7,7,30,5,NA,NA,NA,NA,NA,NA,6,4,NA,NA,NA,17,NA,NA,NA,NA,NA,NA,NA,4,NA,NA,NA,NA,NA,NA,7,11,NA,NA,NA,NA,4,13,5,NA
2021-02-05,NA,Midgam/iPanel,NA,6,8,29,7,NA,NA,NA,NA,NA,NA,7,4,NA,NA,NA,17,NA,NA,NA,NA,NA,NA,NA,4,NA,NA,NA,NA,NA,NA,9,11,NA,NA,NA,NA,NA,14,4,NA
2021-02-04,NA,Panels Politics,NA,6,8,29,8,NA,NA,NA,NA,NA,NA,7,5,NA,NA,NA,16,NA,NA,NA,NA,NA,NA,NA,NA,NA,NA,NA,NA,NA,NA,10,11,NA,NA,NA,NA,NA,16,4,NA
