institute,date,fr_p,ap,h,kr_f,sv,sp,v,others,sample_size,resp_rate,r,mdg
Norstat,2008-04,24.7,29.4,16.9,7.1,5.9,5.3,8.4,2.3,NA,NA,NA,NA
Response Analyse,2008-04,25.3,31.6,15.7,5.7,7.5,5.5,6.4,2.3,NA,NA,NA,NA
TNS Gallup,2008-04,23.5,31.6,18.2,6.9,6.4,5.2,4.9,3.3,NA,NA,NA,NA
Norstat,2008-05,30.8,26.6,17,6.3,6.9,6.3,5.3,0.8,NA,NA,NA,NA
Response Analyse,2008-05,24.8,28.8,19,6.8,7,4.7,7,1.9,NA,NA,NA,NA
TNS Gallup,2008-05,26.5,26.3,18.4,6,8.3,4.7,6.6,3.2,NA,NA,NA,NA
Sentio-Norsk Statistikk,2008-06,29.3,23.9,17.9,6.7,7.1,5.2,5.2,4.7,NA,NA,NA,NA
Norstat,2008-06,30.6,26,15.8,6.3,6.7,6.3,5.3,3,NA,NA,NA,NA
Response Analyse,2008-06,30.7,26.4,17.8,4.7,6.5,5.3,5.6,3,NA,NA,NA,NA
TNS Gallup,2008-06,28.3,30.3,16.5,7.7,6.1,3.4,5.2,2.5,NA,NA,NA,NA
Norstat,2008-07,30.7,28.1,16.1,5.6,5.7,4.5,5.6,3.7,NA,NA,NA,NA
Norstat,2008-08,32.1,26.2,16.2,5.8,7,5,5.1,2.6,NA,NA,NA,NA
TNS Gallup,2008-08,30.4,29.2,15.4,4.8,5.7,4.2,6.3,4,NA,NA,NA,NA
Norstat,2008-09,30.7,29.3,13.8,6.5,6,5.5,5.4,2.8,NA,NA,NA,NA
Response Analyse,2008-09,31.7,27.9,14.6,5.8,6.1,5.6,5.9,2.4,NA,NA,NA,NA
Norstat,2008-10,26.3,32.2,15.2,5.7,7.5,4.5,5.9,2.8,NA,NA,NA,NA
Norstat,2008-11,27.5,31.1,14.5,6.6,8.5,4.8,5.5,1.5,NA,NA,NA,NA
TNS Gallup,2008-12,21.6,32.4,16.7,5.4,7.9,6.1,5.8,4.1,NA,NA,NA,NA
Response Analyse,2008-12,21.5,32.5,18.2,6.7,7.2,5.9,6.1,0.9,NA,NA,NA,NA
Opinion,2008-12,25.1,27.5,19.1,6.2,7.5,5.4,5.1,4.1,NA,NA,NA,NA
Norstat,2008-12,25.7,30.7,17.1,6.1,8.1,5.3,5.1,1.2,NA,NA,NA,NA
Sentio,2008-12,24,29.9,16.8,6.2,8.5,5.9,5.8,1.4,NA,NA,NA,NA
Opinion,2009-01,28.6,28.7,15.2,5.6,8.1,6,5.1,2.6,NA,NA,NA,NA
Sentio,2009-01,24.5,36.5,13.9,5.9,6.8,5.3,4.5,2.4,NA,NA,NA,NA
Synovate,2009-01,19.5,34.5,16.6,5.2,9.2,5.5,5.4,4.1,NA,NA,NA,NA
Norstat,2009-02,21.6,35.4,15.8,5.2,6.8,5.5,6.6,3,NA,NA,NA,NA
Synovate,2009-02,20.8,35.1,15.6,5.9,8.4,4.7,6.8,2.8,NA,NA,NA,NA
Norstat,2009-02,29.4,33,12.6,5.2,7.1,6.5,5.9,2.5,NA,NA,NA,NA
In fact,2009-03,27.2,32.2,13.2,6.5,6.9,6.6,5,2.4,NA,NA,NA,NA
Norfakta,2009-03,28,31,14.7,6.9,6.9,4.6,4.7,3.8,NA,NA,NA,NA
Norstat,2009-03,30.1,31.3,14.1,5.7,6.6,5,5.3,1.9,NA,NA,NA,NA
Norstat,2009-03,29.7,31.7,13.3,7.3,6.9,5,3.7,2.3,NA,NA,NA,NA
Opinion,2009-03,30.9,28.4,13.2,5.6,6.4,6.8,6.1,2.6,NA,NA,NA,NA
Response Analyse,2009-03,25.4,32.8,14.2,6.1,6,5.9,6.5,3.2,NA,NA,NA,NA
Sentio,2009-03,26.9,32.9,14.7,6.5,6.1,5.7,4.5,2.7,NA,NA,NA,NA
Synovate,2009-03,23.7,36.2,11.5,4.7,9.9,5.5,5,3.4,NA,NA,NA,NA
TNB,2009-03,27.4,32.4,13.9,6.1,7,5.6,5,2.7,NA,NA,NA,NA
TNS Gallup/TV2,2009-03,24.7,35.5,15.6,5.2,7,5.1,4.5,2.6,NA,NA,NA,NA
Sentio/BT,2009-04-02,29.6,31.5,13.3,5.9,7.1,5.3,4.7,2.6,NA,NA,NA,NA
TNS Gallup/TV2,2009-04-02,26,35.7,12.6,5.1,7.7,5.9,3.4,3.5,NA,NA,NA,NA
Norstat/NRK,2009-04-09,26.4,31.7,13.7,7.2,7,6.8,4.6,2.7,NA,NA,NA,NA
In fact/VG,2009-04-17,25.8,29.1,17.6,6,7.2,5.1,5.2,4,NA,NA,NA,NA
Sentio/DN,2009-04-17,28.4,29.7,13.9,9,5.7,5.3,5,3,NA,NA,NA,NA
Norfakta/Nationen/Klassekampen,2009-04-18,27.7,33.6,14.1,6.6,5.5,4.7,5.3,2.5,NA,NA,NA,NA
Opinion/ANB,2009-04-23,28.5,29.1,13.9,7.6,5.9,5.8,6.2,3,NA,NA,NA,NA
Opinion/ANB,2009-04-23,30.3,34.5,10.8,4.8,6.5,6.5,4.2,2.3,NA,NA,NA,NA
Synovate/Dagbladet,2009-04-25,25.2,35.2,14,7.3,6.4,6,3.9,2.1,NA,NA,NA,NA
TNS Gallup/TV2,2009-05-04,24.2,33,14.3,5.3,8.9,4.2,5.9,4.2,NA,NA,NA,NA
Norstat/NRK,2009-05-07,27.7,34.1,11.9,6.5,6.7,5.8,5.9,1.5,NA,NA,NA,NA
Norfakta/Nationen/Klassekampen,2009-05-09,26.9,31.1,13.9,6.5,8.2,6.1,4.8,3.3,NA,NA,NA,NA
Opinion/ANB,2009-05-14,28.5,29,13,5.9,7.1,4.3,8.7,3.3,NA,NA,NA,NA
Sentio/DN,2009-05-15,30.3,31.5,13.2,5.8,6.3,4,5.8,3,NA,NA,NA,NA
Response/Aftenposten,2009-05-15,24,35.8,15.3,5.3,5.8,4.7,5.9,3.2,NA,NA,NA,NA
Response/VG,2009-05-15,25.9,33.3,15.9,6.5,6,6,3.7,2.5,NA,NA,NA,NA
Response/Aftenposten,2009-06-12,26.1,35.4,13.5,5.8,5.5,4.3,5.6,3.8,NA,NA,NA,NA
Sentio/DN,2009-06-13,29.3,23.9,17.9,6.5,7.1,5.2,5.2,4.9,NA,NA,NA,NA
Norstat/VÃ¥rt Land,2009-06-26,28.6,29.4,13.4,5.7,8.3,6.3,5.9,2.4,NA,NA,NA,NA
Norfakta,2009-07-06,29.8,32.6,13,5.7,6.7,5.3,4.6,2.4,NA,NA,NA,NA
NA,9-2013,16,29.4,27,6.1,5,5.1,5.5,6,NA,NA,NA,NA
NA,8-2013,15.2,29,28.9,5.4,4.3,5.3,5.3,6.5,NA,NA,NA,NA
NA,7-2013,16.2,28,31.6,5.2,3.9,4.6,5.2,5.5,NA,NA,NA,NA
NA,6-2013,16.4,28.6,32,5.3,4.3,4.5,4.2,4.6,NA,NA,NA,NA
NA,5-2013,16,28.9,31.8,5.3,4.7,4.5,4.7,4.2,NA,NA,NA,NA
NA,4-2013,16.5,27.7,32.6,5.1,5,4.8,4.5,3.8,NA,NA,NA,NA
NA,3-2013,16.8,28.1,32.4,4.7,4.4,4.8,5.2,3.5,NA,NA,NA,NA
NA,2-2013,15.6,28.4,32.9,5.3,4.9,4.7,4.5,3.6,NA,NA,NA,NA
NA,1-2013,15.9,28.6,33.6,5.5,4.1,4.4,4.4,3.2,NA,NA,NA,NA
NA,12-2012,16.2,28.6,32,5.3,4.3,4.7,5.2,3.5,NA,NA,NA,NA
NA,11-2012,17,29.6,31.4,5,4.4,4.5,4.9,3,NA,NA,NA,NA
NA,10-2012,17.2,27.8,33.9,5,4.1,4.4,4.5,3.2,NA,NA,NA,NA
NA,9-2012,16.6,29.2,33.5,5.2,3.9,4.3,3.9,3.4,NA,NA,NA,NA
NA,8-2012,17.3,30.2,31.6,4.6,4,4.4,4.7,3.3,NA,NA,NA,NA
NA,7-2012,18.4,29.8,30.5,5,3.9,4.8,4.4,2.9,NA,NA,NA,NA
NA,6-2012,16.2,29.9,32,4.7,4.3,4.7,4.8,3.4,NA,NA,NA,NA
NA,5-2012,16,30.8,30.9,5.1,4.2,4.6,4.7,3.6,NA,NA,NA,NA
NA,4-2012,17.3,30.5,29.4,5.1,4.5,5.1,5.2,3,NA,NA,NA,NA
NA,3-2012,16.3,32.9,27.9,5.4,4.5,5.3,4.6,3.1,NA,NA,NA,NA
NA,2-2012,14.4,34.4,27.9,5.1,4.8,5.1,5.3,2.9,NA,NA,NA,NA
NA,1-2012,13.7,34.7,29.3,5.3,4.1,5,4.9,3,NA,NA,NA,NA
Kantar TNS,9 Sep 2017,14.6,28.1,23.8,4.4,5.6,10.2,4.6,1.7,2998,81.8,3.1,3.9
Kantar TNS,8 Sep 2017,15.2,28.6,23.4,4.3,5.5,10.5,3.9,1.3,2002,81.9,3.3,4
InFact,7 Sep 2017,12.6,28,21.5,4.7,8.1,10.7,5.2,1.5,2165,NA,3.3,4.4
Opinion Perduco,7 Sep 2017,15.3,26.4,25.9,3.4,6,8.6,2.5,1.3,952,82,4.9,5.7
Kantar TNS,7 Sep 2017,15.2,28.1,23.4,5,5.7,10.1,4.1,1.8,2003,81.1,3,3.7
Norfakta,6 Sep 2017,13.8,26.3,25.8,5.3,5,10.5,4.2,0,1001,80,3.1,4.5
Ipsos MMI,6 Sep 2017,15.3,27.2,23.2,4.2,6.2,9.4,4.7,2.1,971,NA,3.5,4.4
Respons Analyse,6 Sep 2017,14.3,25.6,24.7,5.5,7.3,9.9,4.5,2.4,1000,NA,3.1,2.7
Kantar TNS,6 Sep 2017,14.8,27,24.8,4.5,5.7,10.3,4.3,2,2004,NA,2.9,3.7
Kantar TNS,5 Sep 2017,14.7,27.5,24.4,4.4,5.7,9.6,4.7,2,2007,79.9,3.6,3.4
InFact,4 Sep 2017,12.8,29.3,23.4,5.1,5.5,10,3.9,2.3,2103,NA,3.8,3.9
Norstat,4 Sep 2017,17,25.8,24.2,4.5,5.9,9.6,3.5,1.6,1421,82.8,3.2,4.6
Kantar TNS,4 Sep 2017,14.3,26.5,24.5,4.4,5.1,10.9,4.8,2.2,1905,NA,3.4,3.8
Kantar TNS,1 Sep 2017,14.7,26.1,26.1,3.8,4.8,11,4.3,2.2,2008,80.2,3.6,3.5
InFact,31 Aug 2017,13,29,21.5,5.5,6.6,11.2,3.4,2,2032,NA,3.1,4.8
Kantar TNS,31 Aug 2017,14.9,27.1,25,4.1,5.3,11.1,3.8,2.4,1991,80.2,3.3,3.2
Respons Analyse,30 Aug 2017,16.6,26.1,23.9,5.4,6.2,8.8,4.9,1,1003,NA,2.4,4.7
Kantar TNS,30 Aug 2017,15.4,26.7,24.7,4.2,5.9,11.1,3.6,2,1997,80.8,2.8,3.5
Norstat,29 Aug 2017,16.7,25.6,24.2,4.9,5.2,10.3,3.1,1.7,932,NA,3.8,5.2
Kantar TNS,29 Aug 2017,16.3,25.7,25.1,4.2,6.5,10.4,3.9,1.7,1789,79.3,2.6,3.6
Norstat,28 Aug 2017,15,24.4,25.7,6,6.1,10.6,3.3,2,987,NA,2.7,4.2
Kantar TNS,28 Aug 2017,16,26.5,24,4,6.5,11.2,3.7,1.6,1891,79.2,2.6,3.9
Kantar TNS,25 Aug 2017,16.7,26.8,24.2,3.7,5.7,11.2,3.1,1.2,1694,79.2,2.9,4.6
InFact,23 Aug 2017,12,27.6,22.2,5.3,6.6,12,3.6,2.3,2043,NA,3.6,4.9
Ipsos MMI,23 Aug 2017,15,29.5,23.3,4.4,5.9,10,3.4,2.1,933,NA,3.8,2.6
Kantar TNS,23 Aug 2017,15.4,27.9,23.3,3.2,5.5,12.1,3.2,1.5,1070,NA,3.1,4.7
Respons Analyse,23 Aug 2017,15.5,27.3,25.1,4.5,4.5,10.8,3.7,1.5,1000,NA,3.2,3.9
Norstat,21 Aug 2017,14.2,29,22.4,5.1,5.5,9.5,4,3.1,774,NA,2.7,4.4
Sentio,20 Aug 2017,13.1,27,24.2,5.3,5.1,11.1,4.1,1.6,1000,71.6,2.5,6.1
Kantar TNS,18 Aug 2017,12.7,28.4,23.8,5.3,6.4,10.5,3.5,2.2,976,75.6,3.8,3.4
InFact,17 Aug 2017,12.1,30.5,21.9,5.2,5.6,10.9,4.1,2.4,2030,NA,3.7,3.9
Norstat,14 Aug 2017,16.7,27.1,23.8,5,5.2,9.2,3.9,2.7,756,NA,1.8,4.6
Kantar TNS,11 Aug 2017,13.7,30.3,21.5,3.9,3.6,12.6,4.4,2.1,977,75.6,4.7,3.1
Respons Analyse,10 Aug 2017,13.6,28.1,24.8,5.1,6.4,10.1,3.6,1.9,1001,NA,2.7,3.7
Opinion Perduco,7 Aug 2017,12.3,30,24.9,6,4.1,10.8,3.2,1.5,950,72,2.9,4.3
Norfakta,2 Aug 2017,13.8,31.9,26.1,4.7,4.6,9.5,3.1,2.5,1006,NA,1.8,2.1
InFact,2 Aug 2017,12.6,30,22.7,5.2,5.2,11.9,3.2,2.3,2015,NA,3.2,3.6
Norfakta,5 Jul 2017,14.7,32.2,22.9,5.2,4.6,9.7,3.3,1.7,1002,78,1.8,3.9
InFact,4 Jul 2017,11.9,31.9,21.1,4.6,4.5,13,3.5,2.7,2016,NA,2.8,4.1
Norstat,26 Jun 2017,15.2,30.6,23.3,4.1,4.3,11.7,3.4,1.7,935,NA,1.8,3.9
Sentio,22 Jun 2017,11.6,30.6,24.2,4.8,4.3,11.3,3.6,2.8,1000,71.1,3.3,3.9
Ipsos MMI,21 Jun 2017,12.8,31.7,23.1,3.9,4.7,12.2,4,1.2,1005,NA,3.3,3.2
Kantar TNS,16 Jun 2017,13.7,32.2,22.3,4.5,3.5,14.5,2.8,1.9,971,75.4,2.6,2.1
Respons Analyse,14 Jun 2017,14,31.7,24.1,4.7,4.8,9.8,3.5,2,1002,74,2.3,3.1
Opinion Perduco,12 Jun 2017,12,32.6,23.1,5.3,4.1,12.8,3.5,1.3,935,72,1.6,3.8
Norfakta,7 Jun 2017,14.4,28.5,25.5,4.4,4.7,12.1,3,1.8,1002,NA,2.5,3.2
InFact,7 Jun 2017,12.5,32.3,20.5,4.8,4.5,11.3,3.2,3.3,2072,NA,3.5,3.6
Norstat,5 Jun 2017,14,33,23.7,4.4,4.3,11.6,3.4,1.6,927,NA,1.2,2.8
InFact,31 May 2017,10.9,34.8,21.2,4.8,4.6,12.8,3,2.6,1014,NA,2.5,2.8
Norstat,29 May 2017,15.9,31,22.7,4.2,3.4,12.5,3.1,2.5,926,NA,1.7,2.9
Ipsos MMI,25 May 2017,14.3,31.2,24.2,5.2,3.9,9.2,4.3,2.5,929,NA,2.5,2.7
Sentio,22 May 2017,11,30.9,24.1,3.8,4.3,15.3,3.2,1.6,1000,70.6,2.8,3.1
Opinion Perduco,15 May 2017,15.1,29.4,21.8,5.5,4.1,12.1,2.9,2.1,951,75,3.8,3.1
Respons Analyse,10 May 2017,16.1,30.9,23.9,4.4,3.8,11.4,3.4,1.4,1000,78,2.1,2.6
Kantar TNS,9 May 2017,11.6,33.1,23.6,3.7,4.4,15,2.8,1.6,973,75.3,1.7,2.1
Norstat,8 May 2017,12.8,32,24,5.2,4.4,11.2,3.2,2.4,935,NA,2.2,2.6
Norfakta,3 May 2017,13,33.7,23.9,5,3.7,11,3.2,1.4,1002,NA,2.3,2.9
InFact,3 May 2017,11.2,32.6,21.6,5.5,4.4,12.7,3.9,2,2020,NA,3,3
Norstat,1 May 2017,11.7,32.6,24.3,4.3,4.5,12.8,2.1,1.4,942,NA,3.3,3
Ipsos MMI,26 Apr 2017,12.9,33.5,21.9,4.9,4.5,11.1,4.3,0.6,933,NA,3.9,2.4
Sentio,24 Apr 2017,11.4,32.8,25.1,4.5,4.1,13.1,3.1,1.3,1000,66.8,2,2.5
Opinion Perduco,11 Apr 2017,13.1,30.5,25.1,4.2,4.8,11.3,4.3,2.1,953,73,2,2.5
InFact,10 Apr 2017,12.9,31.7,19.3,6,4.9,13.5,3.7,2.4,2052,NA,2.5,3
Norfakta,5 Apr 2017,14.3,32.2,23.8,3.8,3.8,10.7,3.6,2.2,1000,75,2.7,2.8
Respons Analyse,5 Apr 2017,13.2,30.5,23.6,5.7,5.4,11.5,3.6,1.6,1000,NA,2.3,2.6
Kantar TNS,4 Apr 2017,12.1,28.9,24.2,3.9,4.7,15.8,3.2,1.9,975,NA,1.7,3.1
Norstat,3 Apr 2017,12.3,33.4,23.7,5.1,4.7,11.3,3.7,1.6,932,NA,1.5,2.6
Ipsos MMI,29 Mar 2017,10.6,30.9,25.3,5.3,3.9,13.4,4.2,1.6,950,NA,2.5,2.4
Norstat,27 Mar 2017,15.8,30.8,20.6,4.5,5,14.3,2.7,1.3,953,NA,2.5,2.5
Sentio,20 Mar 2017,10.8,34.1,22.7,5,4.2,12.3,3.9,0.7,1000,68.4,2.8,3.6
InFact,15 Mar 2017,11.1,33.7,20.1,5.1,4.2,14.3,4.3,1.8,1020,NA,2.8,2.7
Opinion Perduco,13 Mar 2017,14.3,29.5,26.3,5.5,5.4,9.3,3.8,1.9,954,71,1.5,2.2
Kantar TNS,9 Mar 2017,13.5,32.5,23.7,5.4,4.7,11.1,3.6,1.4,1055,79.7,2.5,2.1
Norfakta,8 Mar 2017,12.6,34.4,25.3,4.2,4.5,8.9,3.3,2,1000,74,2.7,2.5
InFact,8 Mar 2017,11.1,35.6,20.8,4.9,4.3,11,5.1,2.3,2030,NA,1.8,3.1
Respons Analyse,8 Mar 2017,11.4,32,24.8,5.4,4.6,10.7,3.7,1.3,1001,NA,2.6,3.5
Norstat,6 Mar 2017,14.4,32.8,22.4,4.6,4.4,10.9,3.9,2.5,927,NA,2,2.9
Norstat,27 Feb 2017,13.2,31.2,23.8,5.4,3.4,10.9,3.9,2.3,952,NA,3.2,2.7
Ipsos MMI,22 Feb 2017,14.1,31.6,23.8,5.2,3.8,11.4,3.5,1.2,947,NA,3,2.2
Sentio,20 Feb 2017,14.1,30.2,23.7,5.3,3.9,11.4,5.3,2.1,1000,65,1.7,2.2
Opinion Perduco,13 Feb 2017,14.2,33.5,23.2,4.4,4,9.6,4,1.2,918,73,3.3,2.6
Kantar TNS,8 Feb 2017,15.7,33.2,22.1,3.8,3.9,9.9,3.9,1.6,981,72.7,2,3.8
Norfakta,8 Feb 2017,12.7,33.9,25,5.6,3.7,9.6,3.9,1.5,1002,76,1.6,2.4
Respons Analyse,8 Feb 2017,13.4,34.8,24.4,4.6,4.3,9.1,3.8,1.5,NA,NA,1.8,2.3
Norstat,6 Feb 2017,13,33,24.6,5.8,5.1,8.6,3.4,2.3,935,NA,1.1,3.1
InFact,2 Feb 2017,13.2,33,21,5.4,4.8,10.2,4.4,2.1,2031,NA,2.4,3.3
Norstat,30 Jan 2017,16,34.3,22.6,4.2,3.8,8.6,3.5,1.6,935,NA,1.9,3.6
Ipsos MMI,25 Jan 2017,14.8,35.3,22.9,4.9,5,8,3.7,1,944,NA,1.5,2.9
Sentio,23 Jan 2017,12.1,35.7,22.8,5.4,5.1,9.3,4.3,1,1000,68.3,2.7,1.6
Opinion Perduco,16 Jan 2017,16.3,34,23.3,5.6,3.6,8.3,3.7,0.6,944,74,2,2.7
Respons Analyse,11 Jan 2017,15.4,35.3,23.3,5,3.1,7.1,4.1,1.7,1002,NA,2.6,2.4
InFact,9 Jan 2017,12,36.9,20.9,5.4,4.7,8.9,3.2,2.6,2003,NA,2.2,3.2
Norstat,9 Jan 2017,15.2,36.1,24.5,5.1,4.1,6.1,3.9,1.1,944,NA,1.5,2.4
Kantar TNS,6 Jan 2017,13.6,32.7,24.5,5.3,4.7,8.4,4.9,1.4,967,NA,2.6,1.9
Norfakta,4 Jan 2017,11.8,37.8,25.3,4.8,4.2,6.2,4.2,1.1,1000,75,1.9,2.6
Norstat,19 Dec 2016,15.7,34.1,22,6.2,4.2,6.3,3.8,2.6,963,NA,2.1,2.9
Ipsos MMI,14 Dec 2016,13,37.8,23.3,4,3.4,6.8,4.8,2.1,932,NA,1.5,2.9
Sentio,13 Dec 2016,13.7,36.8,23.3,4.8,3.6,8,3.5,1.6,1000,NA,1.9,2.8
Norfakta,7 Dec 2016,14.1,38.7,21.6,5.2,5.1,7.3,2.7,1.6,1010,77,1.5,2.3
Respons Analyse,7 Dec 2016,14.2,34.1,24.9,4.4,4.5,7.5,4.7,1.1,1000,79,2.2,2.4
Opinion Perduco,5 Dec 2016,13.4,35.8,24.7,5.2,4.3,6.4,4.1,1.3,962,72,2.4,2.4
Kantar TNS,2 Dec 2016,13.3,37.2,23,4.3,3.9,6,4,2.1,978,79.7,1.7,4.5
InFact,1 Dec 2016,12,36.9,19.9,5.2,4.8,8.4,4.5,2.1,2007,NA,2.6,3.5
Norstat,28 Nov 2016,16.5,33.8,25,4.2,5,7.2,4.1,1.1,971,NA,1.3,1.7
Norstat,21 Nov 2016,13.7,34.7,24.8,4.5,3.4,7.6,4.7,2.4,972,NA,1.6,2.5
Ipsos MMI,16 Nov 2016,14.1,35.6,24.8,4,3.7,6.3,4.5,0.4,929,NA,3.1,3.5
InFact,16 Nov 2016,12.1,38.1,19.7,5.4,4.4,8.8,4.2,1.7,2040,NA,2,3.6
Sentio,14 Nov 2016,10.4,38.4,23.5,5.9,3.8,7.7,3.5,2.1,1000,68.7,1.3,3.4
Opinion Perduco,7 Nov 2016,9.9,36,24.9,5.5,4.2,7.8,4.5,1.5,954,73,2.4,3.3
Norfakta,2 Nov 2016,14.2,34.6,24.9,4.9,4.1,6.1,6,1.8,1001,NA,1.6,1.8
Norstat,31 Oct 2016,13.6,37.4,23.5,5,4.9,6.6,4,1.2,963,NA,1.4,2.5
Kantar TNS,31 Oct 2016,11.9,38,23.7,4.8,5.7,5.3,3.6,1.5,974,76.8,2.3,3.1
Norstat,24 Oct 2016,17.1,38.4,21.9,4.3,3.1,6.2,4,1.5,973,NA,1.8,1.7
Ipsos MMI,19 Oct 2016,12.8,36.3,25.3,4.7,4.3,6.4,4.5,0.7,931,NA,2.3,2.6
Sentio,16 Oct 2016,13.3,36.2,25.8,4.7,3.2,7.2,3,1.5,1000,68,2.4,2.6
Respons Analyse,12 Oct 2016,14,35.8,23.5,4.4,3.7,7,5.1,1.3,1001,NA,1.9,3.3
InFact,11 Oct 2016,11.5,38.3,21.7,5.1,4.2,8.5,4.8,1.9,2016,NA,1.5,2.5
Opinion Perduco,10 Oct 2016,12.9,36.8,26,3.7,3.7,6.6,4.5,1.5,966,72,2.3,1.9
Norfakta,5 Oct 2016,12.9,38.5,23.3,4.7,4.2,5.5,4.6,1.8,1001,79,1.5,2.9
Kantar TNS,3 Oct 2016,12.8,34.9,27.1,4.7,4.2,6,4.3,1.9,974,72.8,1.9,2.4
Norstat,3 Oct 2016,14.1,33.9,26.2,4.2,3.9,7.2,4,1.7,965,NA,0.9,3.9
Norstat,26 Sep 2016,13.7,34.6,26.3,4.3,2.8,6.7,3.4,2.8,961,NA,2,3.5
Ipsos MMI,21 Sep 2016,14.4,34.4,23.7,4.3,5.4,7.9,4.3,0.3,909,NA,2,3.2
Sentio,18 Sep 2016,14.7,38.4,22.9,4.4,4.4,7.4,3.7,1.2,1000,74.7,1.1,1.8
Respons Analyse,14 Sep 2016,14.9,33.7,24.7,5.2,3.6,5.7,5.2,1.8,1001,NA,1.4,3.8
Opinion Perduco,12 Sep 2016,11.4,37.5,24.2,6,3.3,6.7,4.4,1.2,963,73,2,3.3
InFact,8 Sep 2016,13.2,32.3,22.7,7.1,5.9,8.8,3.3,2.4,2039,NA,2.1,2.1
Norfakta,7 Sep 2016,15.1,33.8,27.1,3.8,3.3,6.5,4.6,2,1002,NA,1,2.9
Norstat,5 Sep 2016,16.2,33.7,25,4.3,3.7,6.9,4.5,0.9,959,NA,1.7,3.1
TNS Gallup,2 Sep 2016,14.8,33.6,26.9,3.7,4.2,7.4,4.9,0.7,964,78.5,1.9,2.1
Norstat,29 Aug 2016,16.5,34.3,24.8,4.9,4.1,6.7,4.5,1.1,963,NA,1.5,1.6
Ipsos MMI,24 Aug 2016,16.4,34.1,24.3,4.4,4.4,6.3,3.8,1.4,929,NA,1.5,3.5
Sentio,22 Aug 2016,15.2,36.8,21.6,4.5,3,7.5,4.7,1.8,1000,68.8,1.7,3.3
Respons Analyse,18 Aug 2016,13.7,36.1,24.7,5.2,4.2,5.5,4.7,2.1,NA,NA,1.2,2.6
Norstat,15 Aug 2016,15.4,34.4,24.2,4.5,4.2,7.1,3.3,2.5,969,NA,1.5,3
Opinion Perduco,8 Aug 2016,14.5,36.4,25.4,5,2.6,6.4,4.6,1,972,71,1.8,2.4
TNS Gallup,5 Aug 2016,13.2,34,27.1,4.6,4.4,6.1,3.8,1.6,982,75.1,1.8,3.4
Norfakta,3 Aug 2016,12.2,36.2,26.4,5,3.9,6.9,3.7,0.8,1002,NA,1.3,3.5
Norfakta,7 Jul 2016,15.1,30.4,25.9,5,3.6,7.7,4.7,2.8,1001,80,1.8,3
TNS Gallup,1 Jul 2016,14.9,32.2,24.9,5.1,4.7,7,4.5,1.2,986,76.9,2.9,2.6
Norstat,27 Jun 2016,15.6,35.3,23,4.4,4.6,6.8,3.5,1.3,974,NA,1.2,4.2
Ipsos MMI,22 Jun 2016,16.2,30.7,25.3,5,3.7,6.7,4.3,2.5,933,NA,2,3.5
Sentio,20 Jun 2016,17.5,32.3,23.2,6.1,3.3,5.9,4.3,1.5,1000,70,1.4,4.5
Opinion Perduco,13 Jun 2016,14.5,35.3,24.4,5.2,4.4,5.4,3.5,1.5,962,74,2.6,3.2
Norfakta,8 Jun 2016,14.9,35,23,5.1,5,6.8,5.4,0.6,1000,73,1,3.2
Respons Analyse,8 Jun 2016,17.1,32.5,24.6,5,4.2,6.1,4.6,1,1002,79,2.1,2.8
Norstat,6 Jun 2016,16.6,34.5,21.5,4.8,4.2,7.1,4.2,2.5,958,NA,1.8,2.8
TNS Gallup,3 Jun 2016,14.7,34.9,23.9,4.1,4.5,5.9,4.8,0.7,978,74.6,2.2,4.1
Norstat,3 Jun 2016,15.9,36.6,20.9,5.4,5.7,5.2,4.1,1.8,NA,NA,1.1,3.4
Ipsos MMI,25 May 2016,12.6,34.8,22.6,5.5,4.5,6.5,5.1,1.8,938,NA,2.8,3.7
Sentio,23 May 2016,17.9,33.8,23.3,4.4,4.1,7.5,3.7,0.6,1000,70.7,1.1,3.6
InFact,22 May 2016,14.2,34,22.4,5.3,4.6,8.4,3.6,2.4,2022,NA,2,3.2
Opinion Perduco,14 May 2016,14.5,31.3,25.4,6.4,3.4,6.2,3.9,2.2,972,77,2.5,4.2
Respons Analyse,11 May 2016,15.3,33.5,25.5,5.8,3.9,5.5,4.9,0.9,1001,77,1.4,3.3
Norstat,9 May 2016,15.1,32.1,24.3,5.3,5.1,6.5,5.3,1.3,962,NA,2.4,2.5
Norfakta,4 May 2016,17.4,36,20.5,5,3.7,6.1,4.9,1.7,1003,81,2.5,2.2
Norstat,2 May 2016,17.3,30.8,26.1,5.2,4.5,6.5,4.7,0.8,973,NA,2,2.1
TNS Gallup,29 Apr 2016,15.6,35.9,25.1,4.6,2.6,6.3,3.8,1.4,971,74.4,1.8,3
Sentio,25 Apr 2016,14.7,33.4,23.5,6.1,4.4,6.9,5.2,1.8,1000,71.9,1.7,2.3
Ipsos MMI,20 Apr 2016,15.8,32.8,23.1,6.2,5.9,5.9,4.7,0.4,943,NA,2,3.2
Opinion Perduco,18 Apr 2016,16.2,32.7,26.1,5.5,4.6,6.4,3.3,1.9,962,73,0.9,2.4
Respons Analyse,13 Apr 2016,16.7,33.7,22.8,5.5,4.3,5.2,5.1,1.8,1002,78,1,3.9
Norstat,11 Apr 2016,17.1,32.5,24.9,5.2,3.5,6,4.6,1.5,970,NA,1.5,3.2
Norfakta,6 Apr 2016,16,35.3,24.5,5.1,2.6,5.4,5.6,0.6,1006,78,1.5,3.4
InFact,6 Apr 2016,15.5,33.6,22.4,5.5,4.9,7.2,3.9,1.6,1000,NA,1.9,3.5
Norstat,4 Apr 2016,18.8,34.6,21.8,4.8,3.3,5.6,4.2,1.7,959,NA,1.6,3.6
TNS Gallup,1 Apr 2016,16.5,35.8,24.5,3.9,4.4,6.2,3.5,0.8,963,80.2,1.4,3
Sentio,21 Mar 2016,17.6,32.3,24.3,5.6,3.4,5.8,4.7,1.1,1000,70.5,1.6,3.8
Ipsos MMI,16 Mar 2016,14.6,32.5,26.3,4.9,3,7.1,4.9,0.5,914,NA,3,3.2
Opinion Perduco,14 Mar 2016,16.4,33.1,26.6,3.9,3.6,5.4,4.5,1.3,NA,75,1.7,3.7
Respons Analyse,9 Mar 2016,16.2,34.1,24.1,5.1,3.6,5.8,4.6,1.7,1001,80,1.8,3
Norstat,7 Mar 2016,18.6,31.6,24,4.8,4,6.6,4.4,1.6,968,NA,1.5,2.9
Norfakta,2 Mar 2016,16.9,31.4,25.3,4.6,3.7,6.4,5.1,1.3,1000,80,2.2,3.1
Norstat,29 Feb 2016,17.1,31.2,25.9,4.9,5.7,6.3,3.6,0.8,972,NA,1.5,3
TNS Gallup,29 Feb 2016,15.8,33.6,24.8,4.7,4,6.1,4.4,1.5,975,80.3,2,3.2
InFact,25 Feb 2016,16.7,34,21.2,4.7,4.1,7.4,3.7,1.9,2037,NA,2,4.3
Sentio,21 Feb 2016,17,33.2,23.8,5.1,4.9,5.1,4.8,2.1,1000,72.4,1.5,2.6
Ipsos MMI,17 Feb 2016,18.2,33.8,21.4,3.8,4.2,5.9,4.5,0.7,931,NA,2.5,4.9
Opinion Perduco,15 Feb 2016,17.4,32,24,6.2,4.8,5.1,4.2,1.1,NA,74,2.5,2.7
Respons Analyse,11 Feb 2016,18.1,32.5,25,4.5,3.9,4.9,4.8,0.7,NA,78,1.6,4
Norstat,8 Feb 2016,18,32.4,25.1,5.5,3,5.8,4.2,0.4,NA,NA,1.1,4.4
Norfakta,3 Feb 2016,16.9,31.9,26.5,4.9,4.2,4.9,4.2,0.9,1000,74,2.4,3.2
Norstat,1 Feb 2016,14.6,33.5,25.7,5.5,4.6,4.9,3.6,1.4,955,NA,2.5,3.7
TNS Gallup,29 Jan 2016,14.2,33.4,25,6.3,3.1,5.8,4.9,1.2,981,77.3,2.4,3.8
InFact,28 Jan 2016,15.4,33.4,23.4,5.1,4.9,7.4,3.2,1.5,2020,NA,1.8,3.9
Sentio,25 Jan 2016,17.2,32.5,24.1,4.3,3.8,6.4,3.4,2.3,1000,73,1.5,4.4
Ipsos MMI,20 Jan 2016,15.6,37.1,22.6,4.7,3.3,6.1,4.9,0,925,NA,2.9,2.6
Opinion Perduco,18 Jan 2016,17.5,32.2,25.3,4.2,4.1,5.4,4.1,0.4,948,74,2.5,4.3
Respons Analyse,13 Jan 2016,17.8,30.8,23.4,5.1,4.5,5.7,4.7,1.8,1000,81,2,4.2
Norstat,11 Jan 2016,16.3,29.7,25,5.6,4.3,6.5,5,1.6,955,75.5,1.7,4.3
TNS Gallup,8 Jan 2016,15.7,33.5,24.2,5.4,3.9,5.3,5.2,1,977,81.1,2.2,3.5
Norfakta,6 Jan 2016,14.8,33.4,24.5,4.5,4.4,6.2,4.1,2.3,1000,82,1.2,4.5
Norstat,20 Dec 2015,19.2,33.4,23.8,6,3.5,4.5,3.2,1.7,967,NA,1.7,3
Ipsos MMI,16 Dec 2015,16.9,34,20.9,4.5,3.6,7.6,4,1,916,NA,1.9,5.4
Sentio,13 Dec 2015,16.6,35.6,20.6,4.3,3.6,7.1,4,1.6,1000,68,2.2,4.4
Respons Analyse,9 Dec 2015,17.6,31.3,23.7,5,3.9,5.3,5.2,1.8,1001,NA,1.6,4.6
Opinion Perduco,7 Dec 2015,18.3,35.4,21.6,4.4,3.3,6,3.3,1.9,959,NA,1.9,3.8
Norfakta,2 Dec 2015,18.2,33.5,20.7,5.1,3.5,4.7,4.5,2.6,1000,81,1.9,5.3
Norstat,2 Dec 2015,17.3,34.6,22.5,5.4,4.3,5.8,3.4,1,NA,NA,1.8,4
TNS Gallup,30 Nov 2015,15.6,34.2,22.5,5.2,3.9,6.6,5.2,1.2,972,82.3,2.1,3.9
Norstat,26 Nov 2015,18.1,35.8,20.4,4.6,4,6.5,3.5,1.6,NA,NA,2.4,3.2
Ipsos MMI,19 Nov 2015,17.5,36.1,20,4.4,3.8,6.2,4.5,0.5,931,NA,2.7,4.3
InFact,16 Nov 2015,16.1,35.3,20.3,5.3,4.4,7.2,4.2,1.7,2037,NA,2,3.4
Sentio,15 Nov 2015,18.2,34.9,20.3,5.2,3,7,3.6,1.4,1000,73.9,1.6,4.7
Respons Analyse,11 Nov 2015,18.7,32.3,22.8,4.7,4.3,5.1,5.3,0.8,1002,NA,1.9,4.1
Opinion Perduco,9 Nov 2015,15.3,33.1,24.7,4.2,3.6,6.7,4.2,2.2,954,NA,1.5,4.5
Norfakta,4 Nov 2015,16.6,35.2,21.7,4.9,4.1,4.3,5.2,1.3,1000,NA,1.5,5.2
Norstat,1 Nov 2015,13.3,35.5,23.8,5.5,3.9,6,4.2,1.9,NA,NA,1.9,3.9
TNS Gallup,31 Oct 2015,12.5,37.9,23.7,5.3,3.8,6.3,3.7,1.3,957,78.3,2.1,3.4
Norstat,26 Oct 2015,15,32.4,24.3,5,5.4,6.8,4.9,0.6,961,NA,2.2,3.4
Ipsos MMI,21 Oct 2015,10.2,35.5,23.3,5.4,5.9,7.7,4.8,1,925,NA,3.2,3
Sentio,19 Oct 2015,12.3,37.6,22.5,5,3.3,7.2,5.6,1,1000,75.8,1.1,4.5
Respons Analyse,14 Oct 2015,13.2,34.5,24.3,5.3,4.3,6.3,4.9,1.1,1001,NA,2.1,4
Norstat,11 Oct 2015,12.8,40.2,20.3,5.6,3.4,5.8,5.2,1.3,968,NA,1.2,4.2
Norfakta,7 Oct 2015,11.9,38.1,23.3,5.2,4.1,5.5,6,0.1,1001,81,0.9,4.9
Opinion Perduco,5 Oct 2015,11,36.2,22.7,6.9,3,6.4,5.6,1.5,973,76,1.8,4.8
TNS Gallup,2 Oct 2015,9.5,37.9,23.5,5.9,5,5.8,5.1,1.6,967,79.3,2.1,4
Norstat,28 Sep 2015,12.4,34.8,22,5.6,3.5,8,5,2,948,NA,1.7,5.1
Ipsos MMI,24 Sep 2015,11.3,37.9,23.2,5.7,3.8,6.6,4.9,0.6,926,NA,2.4,3.5
Sentio,21 Sep 2015,12.5,36.7,21.6,5.6,4,5.5,5,1.9,1000,NA,1.4,5.9
Respons Analyse,12 Sep 2015,13.3,34.6,23.3,5.2,4.7,6.5,5.7,1.1,1204,NA,1.5,4.1
Norstat,6 Sep 2015,11.3,34.6,23.5,6.2,3.9,7.2,5.5,1.6,947,76,1.8,4.5
Norfakta,2 Sep 2015,12.6,35.6,25.6,5.9,3.1,5.6,4.1,0.9,1000,NA,1.2,5.4
Norstat,30 Aug 2015,12.4,34.4,22.5,5.3,5.2,6.4,6.2,1.4,949,71.9,1.1,5.1
TNS Gallup,27 Aug 2015,11.6,36.3,24.9,3.1,4.8,5.9,5.4,1.4,NA,NA,1.6,5
Sentio,23 Aug 2015,14.3,34.2,20.6,6.1,4.6,6.3,3.8,2.3,1000,73.3,1.6,6
Respons Analyse,19 Aug 2015,12.8,33.1,23.8,5,3.9,6.2,5.2,2.8,1003,NA,2.2,5
Ipsos MMI,19 Aug 2015,13,38.3,24,4.6,4.8,4.2,5.2,0.5,925,NA,1.4,4
Opinion Perduco,17 Aug 2015,12.8,37.6,21.7,5.2,3.5,6.2,4.8,2.2,969,73,1.4,4.7
TNS Gallup,10 Aug 2015,11.7,37.4,24.4,5,3.4,5.5,4.6,1.4,NA,NA,1.8,4.9
Norstat,9 Aug 2015,12.4,37.4,24.7,4.7,3.6,6.1,3.6,1.4,960,70.3,1.8,4.4
Norfakta,5 Aug 2015,12.7,36.4,26.2,5.4,3.2,5.6,3.4,1.8,1001,NA,1.4,3.9
Norfakta,8 Jul 2015,13.3,38.1,21.8,5.7,3.9,4.3,4.5,2,1000,80,2.5,3.9
TNS Gallup,3 Jul 2015,11,38.8,22.8,4.6,4.1,4.6,5.7,1.7,966,78.4,1.5,5
Norstat,28 Jun 2015,14.2,35.8,23.4,5.1,4.9,6.4,3.5,1.6,959,NA,1,3.9
Sentio,21 Jun 2015,16.4,38.1,22,5.3,2.8,5.7,3.9,0.3,1000,71.4,1.8,3.9
Ipsos MMI,17 Jun 2015,14.3,36.8,21.4,5.6,4,5.9,4,1.4,924,NA,2.2,4.5
Opinion Perduco,15 Jun 2015,9.6,41.1,22.8,5.6,3.3,5.2,3.8,1.3,950,74,1,6.5
TNS Gallup,10 Jun 2015,11.7,37.9,23.5,5.1,4.2,5.7,5.3,1.1,NA,NA,1.4,4.1
Respons Analyse,10 Jun 2015,12.9,35.9,24.7,5.3,3.6,5.7,5.3,0.6,1000,78,1.2,4.8
Norstat,7 Jun 2015,12.1,41,22,5.2,3.5,5.1,4.5,1.3,957,69.3,1.1,4.3
Norfakta,3 Jun 2015,10.9,39.5,22.2,5.4,3.4,6.5,4.7,2,1001,74,1.4,4
Norstat,31 May 2015,11.7,40,21.6,5.6,2.1,5.7,4.7,3,957,NA,1.6,4
Sentio,26 May 2015,11.3,40.3,22.1,5.3,4.3,5.5,4,1.8,1000,73,1.5,3.9
Ipsos MMI,20 May 2015,12.8,38.6,23.2,4.9,3.2,6.2,3.6,0.9,919,NA,1.6,4.9
Norstat,18 May 2015,12.1,37.5,22,5.8,3.8,6.4,3.9,2.6,NA,NA,1.4,5.5
Opinion Perduco,11 May 2015,12.2,38.6,24.2,4.7,3.1,6,3.6,0.6,958,74,2,5
Norfakta,7 May 2015,12.5,37.6,22.8,5.6,3.1,5.3,5.2,2.5,1001,NA,1.3,3.6
Respons Analyse,6 May 2015,13.3,36.8,24.2,5.3,3.8,5.2,5.6,0.8,1002,79,1.3,3.7
Norstat,3 May 2015,10.6,42.5,22.8,4.6,3.3,5.4,4.5,1.1,962,NA,1.2,4
TNS Gallup,30 Apr 2015,11.1,35,26.5,5.2,4.7,6.5,5.1,1,950,78.9,1.7,3.3
Sentio,26 Apr 2015,11.3,37.4,26.1,5.6,3.7,5,4.9,1.8,1000,72.3,1.2,3
Ipsos MMI,22 Apr 2015,13,38.8,22.3,5.4,4,5.1,5,1,917,NA,1.9,3.6
Opinion Perduco,20 Apr 2015,11.3,40.4,21.8,7.1,3.1,6.1,4.6,0.6,956,74,0.5,4.4
Respons Analyse,15 Apr 2015,10.9,37.3,25.2,5.2,3.1,5.8,5,0.7,1000,NA,1.4,4.4
Norstat,13 Apr 2015,11.8,41.5,22.2,4.8,3.8,5.7,3.7,1.8,970,71.3,1.1,3.8
TNS Gallup,10 Apr 2015,8.6,39.6,22.6,5.4,5.1,4.7,6.5,1.4,960,77.8,2,4.1
Norfakta,8 Apr 2015,11.7,37.3,24.7,5.3,3.8,5.6,6,1.5,1000,80,0.8,3.3
Norstat,29 Mar 2015,10,41.7,22.3,6.5,2.6,5.9,3.8,1.2,961,NA,1.8,4.3
Ipsos MMI,25 Mar 2015,9.9,41.1,23.5,4.6,3.7,7.3,4.1,0.6,898,NA,2.2,3
Sentio,25 Mar 2015,9.1,42.5,23.6,6.6,3.3,6.3,3.7,0.7,1000,68.5,1.2,3.1
Opinion Perduco,16 Mar 2015,9.8,43.4,23.5,5.9,2.6,4.1,3.4,1.2,969,75,1.6,4.4
Respons Analyse,11 Mar 2015,9.5,42.1,21.3,6.3,3,6.1,6.3,1.5,1000,78,1.1,2.7
Norstat,9 Mar 2015,12.2,40.5,21.9,4.5,3.8,6.6,4.2,1.9,967,NA,0.9,3.6
Norfakta,4 Mar 2015,11.5,41.6,23.4,4.4,3.8,4.9,5.2,1.6,1000,77,1,2.6
Norstat,2 Mar 2015,10,41.6,21,6.4,4.1,5.8,5.1,1.8,967,NA,1.1,3.1
TNS Gallup,27 Feb 2015,10.7,38.8,25,5,4.8,5.8,4.3,0.7,959,78.5,2,3
Ipsos MMI,26 Feb 2015,11.3,41.3,21.5,5.6,3.7,5.5,4.2,0.4,946,NA,2.7,3.7
InFact,24 Feb 2015,11.7,41.8,20.8,6,3.8,4.8,4.4,1.2,2004,NA,1.4,4.2
Sentio,24 Feb 2015,9.2,43.4,21.4,5.4,4.3,5.8,4.6,1.5,1000,71.6,1,3.6
Opinion Perduco,16 Feb 2015,10,42.8,21.4,4.9,4,6.4,4.5,0.6,959,73,2.4,3.1
Respons Analyse,11 Feb 2015,9.9,41.1,21.7,5.8,4.1,5.9,5.2,1.1,1001,NA,1.8,3.3
Norstat,9 Feb 2015,13.5,39.7,21.8,4.7,3.6,6.5,4.1,0.8,956,NA,1.3,3.9
Norfakta,4 Feb 2015,12.4,41.3,21.9,4.5,3.8,5.1,4.9,2.1,1001,NA,1.2,2.9
Norstat,2 Feb 2015,12.1,42.4,20.9,5.1,3.6,5.1,5,0.4,958,70,0.7,4.6
TNS Gallup,30 Jan 2015,10.6,42.3,20.3,5.8,4.1,6,4.9,1,957,79.5,1.5,3.5
Sentio,26 Jan 2015,10.2,42.7,23.4,5.2,3.3,4.8,4.6,2.5,1000,73.6,1,2.7
Ipsos MMI,21 Jan 2015,11.2,42.4,22.7,5.6,3.9,5,4.2,0.9,940,NA,1.5,3.2
Opinion Perduco,20 Jan 2015,11.9,40.6,22.9,5.6,3.5,5.3,4.7,0.7,965,74,1.4,3.5
Respons Analyse,14 Jan 2015,11.3,41.2,22.7,5.3,4.6,4.6,4.8,0.6,1001,73,1.2,3.7
Norstat,12 Jan 2015,12.3,40.4,23.3,5.4,3.3,5,4.4,1.2,970,77.5,1,3.9
TNS Gallup,9 Jan 2015,10.5,42.8,20.9,4.7,3.2,7,5.7,0.8,957,79.2,1.2,3.2
Norfakta,7 Jan 2015,11.9,40.1,22.6,5.2,4.4,6.1,3.8,1.2,1000,79,1.4,3.3
Norstat,21 Dec 2014,12.4,41.6,22,5.6,3,4.1,4.6,0.4,953,76,1.3,4.8
Ipsos MMI,18 Dec 2014,12,39.8,23.4,5.9,3.9,5.4,4.8,0.9,951,NA,0.9,3
Sentio,16 Dec 2014,11.4,42.3,21.2,5.2,4.3,5.7,5.3,0.6,1000,75.6,1.3,2.6
Respons Analyse,10 Dec 2014,10.1,42,22,6.1,3.5,6,5.1,0.2,1000,84,1.6,3.4
Opinion Perduco,9 Dec 2014,10.2,41.8,22.3,5.6,3.5,5.6,5,0.6,963,75,1.1,4.2
Norfakta,3 Dec 2014,11.6,40.5,23.6,5.4,3.8,5.4,4.9,1.8,1001,81,0.9,2.1
Norstat,2 Dec 2014,12.6,42.8,21.5,5,3.3,5.4,3.3,1.2,952,77.3,1,3.7
TNS Gallup,28 Nov 2014,10,40.7,23.9,4.1,4.7,4.1,4.8,1.2,961,79.2,2.1,4.4
InFact,27 Nov 2014,12.9,40.6,19.5,6.4,3.9,5.5,4.7,1.3,2050,NA,1.4,3.8
Norstat,24 Nov 2014,11.3,41,22.2,6.3,4,5.4,3.7,1.1,965,70.4,1,4.1
Ipsos MMI,20 Nov 2014,13,41.4,23,4.9,3.8,5.1,4.4,0.9,936,NA,0.7,2.9
Sentio,17 Nov 2014,10.7,41.2,23.3,4.6,3.5,6.1,3.8,0.9,1000,72.2,2.2,3.9
Respons Analyse,12 Nov 2014,11.9,36.2,23.1,7.2,3.5,5.4,7,0.8,1001,79,1.3,3.6
Opinion Perduco,10 Nov 2014,11.4,42.2,22,5.9,3.8,5.2,3.9,0.9,960,73,1.3,3.5
Norfakta,5 Nov 2014,11.3,38.3,23.4,6.6,4.1,4.8,6,1.2,1001,NA,1.4,2.9
Norstat,4 Nov 2014,11.3,40.9,23.8,5.7,3.8,4.9,4.3,0.5,NA,NA,1.2,3.5
TNS Gallup,31 Oct 2014,9.5,39.8,23.4,5.4,4.4,5.4,4.9,1.4,942,79.9,2,3.6
InFact,30 Oct 2014,14.1,39.2,21.4,5,4.5,4.7,4.8,1.5,2014,NA,1.6,3.3
Norstat,27 Oct 2014,13.2,37.6,24.7,4.9,3.7,5.2,4.7,0.9,959,68.8,1.3,3.9
Ipsos MMI,23 Oct 2014,12.2,37.4,25.9,4.5,3.3,5.6,5.4,0.6,938,NA,1.4,3.8
Sentio,20 Oct 2014,12.2,39.8,25.5,4.5,3.1,5.1,3.6,2.1,1000,70.1,0.9,3.3
Respons Analyse,15 Oct 2014,12.8,38.4,24.6,5,3.4,5,4.4,1.4,1000,NA,1.3,3.7
Opinion Perduco,13 Oct 2014,13.8,39,25.9,4.4,2.7,4.6,4.5,1.4,963,NA,0.6,3
Norfakta,8 Oct 2014,13.3,35.1,25.7,5.6,3.2,6.5,4.4,1,1000,NA,1.7,3.5
Norstat,5 Oct 2014,14.3,34,27.2,4.9,3.9,5.3,4.6,0.8,959,NA,1.1,4
TNS Gallup,4 Oct 2014,13.8,36.5,25.3,3.7,4.7,4.2,5.2,0.6,965,77.4,1.6,4.5
Norstat,30 Sep 2014,14.9,36.3,26,4.5,3.2,5.3,3.9,0.9,952,71.4,1.5,3.4
Ipsos MMI,25 Sep 2014,13,34,28.5,4.9,4,4.7,4.4,1.8,937,NA,1.6,2.6
Sentio,21 Sep 2014,13.7,34.1,25.8,5.5,4.2,5.6,4.5,1.3,1000,72.2,1.5,3.8
Respons Analyse,17 Sep 2014,15.8,34.2,26.4,5,3.6,5.4,4.4,0.8,1003,NA,1.2,3.2
Opinion Perduco,15 Sep 2014,14.3,34.8,27.5,5,3.4,3.8,5,0.8,912,74,1.4,4.1
Norstat,7 Sep 2014,13.3,37.6,25.8,5.9,3.2,4.6,4.7,0.8,951,78.7,0.8,3.3
Norfakta,3 Sep 2014,15.3,36.2,25.2,4.8,3.6,5.3,4.4,1,1001,77,1,3.2
Norstat,1 Sep 2014,15.1,35.3,27,4.8,2.4,4.9,4.8,0.5,948,NA,1.2,3.9
TNS Gallup,30 Aug 2014,12.3,34.1,26.7,4.9,4.3,5.3,6,1.1,967,77.3,1.1,4.1
Sentio,24 Aug 2014,13.8,33.6,28.5,4.2,3.5,6.3,4.5,1.3,1000,71.6,0.7,3.4
Ipsos MMI,21 Aug 2014,11,32.8,30.9,4.5,3.8,4.5,5.4,1.5,870,NA,1.4,4.2
Respons Analyse,20 Aug 2014,14.7,34.8,25.4,5.5,4.6,5,4.5,1.1,1001,80,1.1,3.3
Opinion Perduco,18 Aug 2014,13.4,36.6,27.1,4.7,2.5,5.1,4.7,1.8,962,NA,0.8,4.2
Norstat,11 Aug 2014,15.3,34.3,25.5,5.5,4.4,4.9,4.5,0.4,967,NA,1.2,3.1
TNS Gallup,8 Aug 2014,12.6,33.7,26.6,6.2,4,4.9,5,0.8,952,76.9,1.8,4.1
Norfakta,6 Aug 2014,15,36,24.6,4.9,3.9,5.7,4.5,0.7,1006,81,1.2,3.5
Norfakta,2 Jul 2014,12.8,36.8,26.3,5.1,2.7,5.1,5.2,1.2,1003,72,1.1,3.7
Norstat,30 Jun 2014,14.1,34.4,26.6,4.2,2.9,5.9,5.5,1.1,954,70.5,1.5,3.8
TNS Gallup,30 Jun 2014,10,37.6,27.6,4.6,3.4,5,5.2,1.4,927,80.3,2,3.3
Sentio,22 Jun 2014,15.5,34.5,25.4,5.4,3.1,4.8,4,2.5,1000,NA,1.3,3.5
Ipsos MMI,19 Jun 2014,12.1,35.5,28.5,4.2,3.1,5.5,4.7,0.9,945,NA,1.4,4.1
Opinion Perduco,16 Jun 2014,14.2,36.1,25.3,5.5,3.4,5.3,4.8,0.4,974,NA,1.4,3.6
Norstat,9 Jun 2014,14.5,35.4,26.1,5.8,3.7,4.9,3.8,0.6,960,NA,0.9,4.3
Norfakta,4 Jun 2014,13.5,34.5,25.7,5.7,3,6.1,5.5,1.6,1000,72,1.3,3.1
Respons Analyse,4 Jun 2014,14.4,33.6,26.5,5.4,4.3,5.1,4.7,1.6,1002,NA,1.1,3.3
Norstat,3 Jun 2014,14.1,35.8,26.9,5,2.5,4.4,4.7,1.4,956,71.7,1,4
TNS Gallup,28 May 2014,11.7,34.4,26.1,4.6,4.5,6.1,6.5,1.3,949,83.4,1.7,3.1
InFact,28 May 2014,14.3,33.7,26,5.7,4.5,5,4.7,1.3,2087,NA,1.2,3.8
Sentio,25 May 2014,13.1,34.9,26.2,5.4,3.3,5.3,5.9,2.1,1000,72,1.5,2.3
Ipsos MMI,22 May 2014,14.5,36,25.6,4.9,3.7,5.1,4.6,0.9,938,NA,2,2.8
Opinion Perduco,19 May 2014,15.1,32.7,26.9,5.7,3.9,4.8,5.4,0.4,961,NA,1.9,3.3
Norstat,11 May 2014,14.3,35.9,26.5,4.8,3.8,4.6,4.7,0.4,971,71.9,0.9,4.1
Norfakta,7 May 2014,13.3,33.9,28.1,4.9,4,4.9,5.4,1.6,1001,79,0.7,3.2
Respons Analyse,7 May 2014,12.8,33.2,26.8,5.7,4.3,5.7,4.8,1.6,1000,84,1.3,3.5
Norstat,5 May 2014,13.7,34.4,26.2,5.4,4.4,5.7,5,0.1,970,70.3,1.3,3.1
TNS Gallup,30 Apr 2014,12.5,32.2,27.8,4.8,4.5,4.9,5.3,2.1,951,81.2,1.7,4.2
InFact,28 Apr 2014,15.8,34.2,25.3,5,4,4.6,4.7,1.3,2061,NA,1.4,3.7
Sentio,27 Apr 2014,13.2,31.7,28.9,5.4,3.7,5.1,5.9,1.7,1000,75.6,0.7,3.7
Ipsos MMI,24 Apr 2014,13.2,32.8,27.9,5.6,4.8,4.6,6.3,0.6,939,NA,2.1,2.3
Opinion Perduco,16 Apr 2014,13.8,34.5,27.5,5.2,3.1,4.7,5.3,0.8,973,75,1,4
Respons Analyse,9 Apr 2014,13.6,34,29.8,5.4,2.9,4.3,5.3,0.9,1001,NA,1.4,2.4
Norstat,7 Apr 2014,15.7,35.4,25.9,5.1,3.4,3.9,5,0.5,964,73.1,1.4,3.7
Norfakta,3 Apr 2014,13.9,34.5,27.8,4.9,3.7,4.9,4.7,1.2,1000,NA,0.9,3.5
InFact,31 Mar 2014,14.9,33.5,26.8,5.4,3.6,4.9,5.3,2.1,2014,NA,1.2,2.9
Norstat,31 Mar 2014,13.9,35.7,27,5.8,3.4,4.5,4.7,1.6,980,73,1.2,3.1
TNS Gallup,31 Mar 2014,11.3,33,29.5,5.9,4.5,4.5,6.1,0.6,957,82.7,1.1,3.5
Ipsos MMI,27 Mar 2014,12.8,33.7,27.6,4.6,5,4.9,5.5,1.3,951,NA,1.6,3.1
Sentio,24 Mar 2014,15.1,35.3,26.2,5.1,3.9,5.1,4.3,1.4,1000,74.6,1,2.6
Opinion Perduco,17 Mar 2014,14.9,35.7,26.6,4.7,3.9,4.7,5,1,968,NA,1.1,2.5
Respons Analyse,12 Mar 2014,13.9,34.7,27.7,5.1,3.6,4.4,6.1,0.3,1002,NA,1.4,2.8
Norstat,10 Mar 2014,14.6,35.2,26.4,5,2.8,4.7,4.7,1.7,968,73,1.4,3.6
Norfakta,5 Mar 2014,15.5,33.4,26.6,5.9,3.5,5.2,4.6,0.6,1000,83,1.3,3.4
Norstat,3 Mar 2014,13.9,34.3,27,4.6,3.7,5,4.2,1.2,968,69.7,2.1,3.9
TNS Gallup,28 Feb 2014,11.6,35.2,27.6,4.7,4.3,4.9,6.2,0.8,976,77.5,1.5,3.2
Ipsos MMI,27 Feb 2014,15,34.4,26.5,5.3,3.3,4.7,5.2,0.6,972,NA,2,3
InFact,27 Feb 2014,15.5,33.6,26.8,4.8,3.6,4.9,5,1.6,2029,NA,0.9,3.3
Sentio,24 Feb 2014,12.8,33.7,29.9,5.1,4,5.1,4.3,1.8,1000,75.7,1,2.2
Opinion Perduco,17 Feb 2014,15,34.8,27.2,4.9,3.2,4.3,5.1,1.2,974,77,1.3,2.9
Respons Analyse,12 Feb 2014,14.3,34.7,27,5,4.8,4.6,5.1,1.1,1002,81,0.9,2.5
Norstat,10 Feb 2014,13,33.1,28.8,5.9,3.9,4.9,4.3,0.9,971,70.1,1.4,3.8
Norfakta,5 Feb 2014,14.5,34.3,28.8,5.2,3.1,4,4.6,1.2,1000,NA,1.2,3.1
Norstat,3 Feb 2014,11.7,32.1,30.3,5.1,3.9,5.9,5.1,0.5,970,NA,1.4,4
TNS Gallup,31 Jan 2014,11.9,34.1,29.2,5.6,4.2,5.2,4.9,0.9,1373,78.6,1.1,2.8
InFact,29 Jan 2014,14.1,32.4,28.3,5.3,4,4.6,5.2,1.3,2056,NA,1.6,3.3
Sentio,27 Jan 2014,15.5,35.3,28.4,4.7,3.1,4.3,3.8,1,1000,NA,0.9,3
Ipsos MMI,23 Jan 2014,14.2,34.6,28,5.2,3.5,4.9,4.5,0.9,947,NA,1.8,2.4
Opinion Perduco,20 Jan 2014,13.4,33.8,28.8,4.8,4,4.5,5.5,0.4,979,77,0.9,3.9
Respons Analyse,15 Jan 2014,12.6,33.7,31,5.2,3.7,4.3,4.6,1,1002,NA,1.2,2.7
Norstat,13 Jan 2014,11.7,32.7,30.5,6.3,4.2,4.3,5.2,1.3,984,NA,1.2,3.1
TNS Gallup,10 Jan 2014,12.6,32.4,28.6,5.5,4.8,5.1,4.2,2.3,956,84.2,1.3,3.2
Norfakta,8 Jan 2014,14.7,32.9,29.4,5.5,4.1,3.9,4.9,1,1000,83,0.4,3.3
Ipsos MMI,19 Dec 2013,13.2,32.1,29.9,4.6,4.6,5,5.1,1.3,951,NA,1.6,2.7
Norstat,19 Dec 2013,14.7,34.9,27,5.7,3.4,4.3,4.5,1.4,979,74.3,1.1,3.2
Sentio,16 Dec 2013,13.9,34,27.2,4.4,3.9,4.9,5.6,1.3,1000,79.5,1.1,3
InFact,11 Dec 2013,14.3,35.3,25.8,5.1,4,4.8,4.6,1.3,2042,NA,1.4,3.4
Respons Analyse,11 Dec 2013,14.5,33.2,28.7,5.2,3.6,4.6,5.4,1,1000,NA,1.5,2.3
Opinion Perduco,9 Dec 2013,14.8,32.7,27.9,5.8,3.5,4.9,5.4,1.1,980,81,0.8,3.1
Norfakta,4 Dec 2013,14.6,32.7,28.7,5.3,4,4.5,4.7,1.8,1000,85,1.3,2.4
Norstat,2 Dec 2013,14.1,32.8,28.2,5.4,3.7,4.8,5.2,1.5,NA,NA,1,3.3
TNS Gallup,30 Nov 2013,12.9,31.5,27.8,6.4,4.5,5,6.9,1.2,952,83.8,1.3,2.6
InFact,27 Nov 2013,14.9,33.4,26.4,6.1,4.1,4.7,4.7,1.4,2073,NA,1.2,3.1
Norstat,25 Nov 2013,15.2,31.7,28,5.3,3.4,5.3,5.7,1,976,77.2,1.3,3.2
Ipsos MMI,21 Nov 2013,13.5,30.8,30.1,5.2,4.4,4.8,6,1,937,NA,0.9,3.1
Sentio,18 Nov 2013,14.3,34.5,27,6.2,3.5,4.3,4.8,1.1,1000,80.2,1.3,3
Respons Analyse,13 Nov 2013,15.1,35.1,26.2,4.6,3.8,5.3,4.5,1.5,1003,NA,1.1,2.8
Opinion Perduco,11 Nov 2013,14.3,31.6,27.9,6,3.2,5.6,6.1,0.6,979,83,1.5,3.3
Norstat,7 Nov 2013,15.3,31.4,27.1,5,4.3,5.3,5,1.9,NA,NA,0.9,3.8
Norfakta,6 Nov 2013,15.3,30.8,29.5,5.1,4.5,4.8,4.8,1.3,1000,85,1.1,2.8
TNS Gallup,1 Nov 2013,12.4,31,28.1,6.2,5.3,4.9,5.8,1.2,960,86.3,1.4,3.8
Norstat,28 Oct 2013,15.1,32.9,26.9,4.9,4,4.9,5.5,0.7,974,78.3,1.1,3.9
Ipsos MMI,24 Oct 2013,14.9,32,28.6,5.4,4.2,4.4,5.5,0.8,955,NA,1.7,2.3
InFact,23 Oct 2013,14.2,33.7,26.2,5.5,4.5,4.6,5,1.4,2051,NA,1.4,3.4
Sentio,22 Oct 2013,13.7,29.7,30.6,5.6,3.6,5,5.7,2.3,1000,81.2,0.9,2.8
Respons Analyse,16 Oct 2013,14.8,31.7,28.1,5.8,4,5.1,5.8,1,1000,NA,1,2.9
Opinion Perduco,14 Oct 2013,13.8,31.7,27.1,6.5,4.1,4.9,5.7,0.8,982,84,1.5,4.1
Norstat,7 Oct 2013,17,30.5,25.7,4.7,4.2,4.7,6.4,1.1,984,77.4,1.3,4.3
TNS Gallup,4 Oct 2013,13.3,33.4,27.3,5.6,4.4,4.1,6.1,1.5,969,85.1,1.3,2.9
Norfakta,2 Oct 2013,15,32.7,28.4,5.1,3.7,4.8,4.9,1.4,1000,NA,1.3,2.7
Norstat,30 Sep 2013,15.8,32.5,26.5,6.6,3.5,5.2,4.3,0.7,973,NA,1,3.9
Ipsos MMI,26 Sep 2013,14.5,30,27.9,6.5,3.8,5.1,5.6,1.1,954,NA,2.2,3.6
Opinion Perduco,25 Sep 2013,16.9,31.6,26.3,5,4.6,4.9,5.1,0.5,966,85,1.1,4
Sentio,16 Sep 2013,14.3,31.5,27.6,5.4,4.6,5.3,5.8,1.6,1000,82.9,1.2,2.8
Kantar TNS,11 Sep 2021,12.3,24.6,19,3.8,8.7,12.7,4.5,3.6,2088,NA,5.7,5.1
Opinion Perduco,10 Sep 2021,11.9,26.9,18.9,3.3,7.7,14.8,4.5,2.5,NA,NA,4.6,4.8
Kantar TNS,10 Sep 2021,11.3,24.5,19.4,4.2,9.1,13.2,4.4,3.3,2388,83.6,5.9,4.9
Kantar TNS,9 Sep 2021,10.9,23.9,19.1,4.9,9.2,12.7,4.8,3.3,2387,81.4,6.7,4.7
Norfakta,8 Sep 2021,11.8,24,19.1,3.6,8.2,14.8,3.8,3.5,1003,84,5.4,5.9
Ipsos MMI,8 Sep 2021,11.8,22.9,17,4.2,11.8,12.2,6.1,3.7,NA,NA,6,4.3
Norstat,8 Sep 2021,11.9,24.6,18.8,3.9,9,11.6,5.8,4.9,NA,NA,4.6,4.9
Respons Analyse,8 Sep 2021,12.4,26.6,18,4.5,9.4,11.1,3.9,3.9,1000,NA,6,4.2
Kantar TNS,8 Sep 2021,11.2,23.7,19.1,4.5,9.3,13.4,4.6,3.5,2582,NA,6.4,4.7
Norstat,8 Sep 2021,12,24.7,20.4,4.2,8.9,11.9,4.9,3.1,11500,NA,4.9,4.9
Kantar TNS,7 Sep 2021,11.1,23.8,18.6,4.3,8.9,13.8,4.8,3.5,2184,NA,6.2,5
Kantar TNS,6 Sep 2021,10.9,23.3,19.4,4.1,9.5,14,4.7,3.8,1686,NA,5.6,4.7
Norstat,6 Sep 2021,12.4,23.9,18.5,3.4,8.6,14.3,3.6,4.7,969,NA,5.2,5.4
Kantar TNS,3 Sep 2021,10,23.4,20.5,3.6,9.4,14,4.6,4.9,1388,NA,5.4,4.3
Kantar TNS,2 Sep 2021,9,23.2,21.2,4.3,9.5,12.4,4.8,5.4,1480,NA,5.1,5
Respons Analyse,1 Sep 2021,11.5,23.2,20.1,3.6,10.4,12.6,5.5,3.6,1000,81,4.6,4.9
Kantar TNS,31 Aug 2021,10.7,23.4,21.5,4.1,9.7,11,4.8,4.9,1200,NA,4.9,5
Norstat,29 Aug 2021,11.3,23.1,19.6,4.7,10.6,12.2,4.5,3.9,NA,NA,5,4.8
Norstat,28 Aug 2021,11.5,23.7,19,3.7,10,12.6,4.9,3.4,962,NA,5.4,5.8
Kantar TNS,27 Aug 2021,11.8,22.6,19.2,3.8,10.2,11.5,4.4,4.3,996,NA,7.2,5
Kantar TNS,25 Aug 2021,10.7,22.4,20.5,3.7,9.9,11.2,4.8,5.2,NA,NA,6.3,5.3
Sentio,21 Aug 2021,9.8,23.9,19.1,3.9,8.8,13.2,3.8,4.9,1000,NA,5.4,7.2
Norstat,22 Aug 2021,10.5,26.8,18.9,3.6,9.5,12.8,3.8,4.2,NA,NA,4.7,5.3
Kantar TNS,20 Aug 2021,9.3,22.7,19.7,3.4,9.5,13,4.4,7,992,81.7,5.9,5.1
Respons Analyse,18 Aug 2021,11.6,24.9,20.3,4.2,9.5,11.3,5,2.7,1001,NA,4.7,5.8
Norstat,13 Aug 2021,8.6,22.1,21.9,2.9,7.6,17.1,4.1,5.8,948,NA,3.2,6.7
Kantar TNS,13 Aug 2021,7.7,22.8,21.2,5.1,9.3,13.7,3.4,5.6,983,NA,5.1,6.3
Norstat,11 Aug 2021,10.9,25.5,21.1,3.1,6.9,16.2,3.3,3.9,11400,NA,4.9,4.3
Norstat,11 Aug 2021,10.1,24,19.1,3.2,8.6,16.1,4.3,4.1,1000,79,4.6,5.9
Respons Analyse,11 Aug 2021,11.4,24.8,18.9,3.3,9.4,15.3,4,3.5,1000,NA,4.3,5.1
Opinion Perduco,8 Aug 2021,9.3,22.6,21.2,4,8.8,19.2,3.8,3.8,964,76,3.8,3.5
Kantar TNS,6 Aug 2021,9.3,23.5,18.2,3.8,8.6,16.4,3.2,5,977,NA,7.5,4.5
Norstat,28 Jul 2021,11.6,26.9,19.5,3,8,15,3.6,2.8,1000,74,5.5,4.1
Norfakta,7 Jul 2021,10.3,23.8,20.2,3.1,8.8,16.9,4,3,1000,77,6,3.9
Kantar TNS,2 Jul 2021,10.6,22.4,19.7,3.8,7.3,19.1,2.8,4.1,982,NA,5.4,4.9
Ipsos MMI,30 Jun 2021,7.2,23.9,20.7,2.7,6.6,19.3,3.4,5.7,1000,NA,5.5,5
Norstat,23 Jun 2021,9.4,27,21.1,3.5,8.8,15,2.5,3.5,1000,75,4.9,4.2
Norstat,20 Jun 2021,9.6,24.9,22.1,2.7,8.4,17.5,2.6,3.5,930,NA,5.8,2.8
Respons Analyse,14 Jun 2021,10.5,23.6,21.4,3.3,8.2,18.2,2.8,3.7,1000,NA,4.5,3.7
Sentio,13 Jun 2021,10.1,23.9,21.9,3.3,7,18.7,2.8,2.4,1000,NA,4.8,5
Norstat,11 Jun 2021,10.2,24.1,23,3.6,7.8,17.7,2.7,3.2,11400,NA,4.2,3.7
Opinion Perduco,7 Jun 2021,10.3,24.3,22.8,3.7,6.1,18.7,2.3,2.5,964,74,4.7,4.7
Norfakta,4 Jun 2021,10.9,23.5,22.3,2.9,8.1,17.6,2.9,2.3,NA,NA,5.6,4
Norstat,31 May 2021,10.7,24.7,21.2,3,7.3,17,3.1,3,953,NA,5.9,4.2
Kantar TNS,31 May 2021,9.8,24.5,18.2,3.4,8.5,17.5,4.1,2.7,1179,NA,6.5,4.5
Ipsos MMI,26 May 2021,10.1,25.7,21.1,3.3,7.6,16.4,2.6,4.5,1000,74,4,4.7
Norstat,25 May 2021,9.9,25,23.7,3.6,7.5,16.2,2.7,4,967,NA,4.9,2.6
Norstat,24 May 2021,10.9,24.5,22.8,2.9,7.8,16.2,3.2,2.6,999,NA,3.9,5.3
Sentio,16 May 2021,12,25.3,22.1,3.8,7.3,14.6,3.4,1.7,1000,NA,4.6,5.1
Opinion Perduco,13 May 2021,8.7,25.6,22,4.1,9.3,16.3,3.3,1.4,NA,NA,4.4,5
Respons Analyse,10 May 2021,10.8,21.5,22,4.1,8,18.3,3.6,3.5,1001,NA,4,4.2
Norfakta,5 May 2021,10,24.4,23.9,3.9,8,14.8,3.9,3.1,1000,NA,4.2,3.8
Norstat,3 May 2021,11.3,23.1,21.1,4.2,8.8,17.5,3.1,2.4,958,NA,4.4,4
Kantar TNS,30 Apr 2021,8.6,21.1,24.3,4.5,8.1,18.4,4.1,4.1,976,NA,4.6,2.1
Ipsos MMI,28 Apr 2021,9.5,23.5,20.4,4,8.5,17.5,3.7,4.5,1000,73,4.5,3.9
Norstat,24 Apr 2021,10,25.6,21.8,3.8,7.4,17.8,3.1,3.2,963,NA,3.7,3.6
Norstat,20 Apr 2021,11.1,23.3,24.7,3.4,7,17.1,2.9,3,11413,NA,3.7,3.9
Sentio,19 Apr 2021,10,24.8,24.1,3.1,7.3,17.1,2.9,2.1,1000,NA,4.1,4.4
Opinion Perduco,14 Apr 2021,9.5,23.1,21.7,3.1,7.7,19,3.3,3,NA,NA,4,5.7
Respons Analyse,12 Apr 2021,8.3,25.4,26.6,3.2,7.7,14,3.2,2.4,1000,75,4.8,4.4
Norfakta,7 Apr 2021,10.5,22.5,24.2,2.4,9.8,18.8,1.9,1.7,1000,74,4,4.1
Kantar TNS,7 Apr 2021,10.2,20.6,24.2,4.1,8.4,18.7,2.3,2.7,1002,NA,4,4.3
Norstat,28 Mar 2021,10.2,23.3,25.2,3.2,6.9,16.6,4,1.8,968,NA,3.8,4.9
Ipsos MMI,24 Mar 2021,11.5,24.3,20.9,2.9,7.4,16.7,2.9,5.1,1000,77,4.9,3.4
Norstat,21 Mar 2021,9.9,20.5,23.8,4.1,7.5,20.5,2.4,4.1,961,NA,4.1,3.3
Sentio,14 Mar 2021,12,23.5,22.7,2.4,7.8,18.6,2.9,2.7,1000,NA,4.1,3.3
Respons Analyse,10 Mar 2021,7.8,22.2,27.8,2.5,7.7,18.6,3.3,1.8,1001,NA,4.7,3.6
Opinion Perduco,8 Mar 2021,9.2,22.7,22.8,2.9,7.8,20.7,2.2,2.6,966,72,4.9,4.1
Norfakta,3 Mar 2021,10,24.3,23.9,2.7,7.5,17.7,3.9,2.9,1000,NA,3.8,3.5
Norstat,28 Feb 2021,9.7,21,24.6,3.9,7.4,22.2,2.8,1.6,957,NA,2.8,3.9
Kantar TNS,26 Feb 2021,7.2,18.2,25.6,3.3,8.6,19.2,2.9,4.2,981,NA,6.8,4
Ipsos MMI,24 Feb 2021,12.9,20.3,23.1,3.3,7.8,17.7,4.6,3.9,1000,75.5,2.7,3.7
Norstat,21 Feb 2021,8.3,20.6,27.6,3.6,6.1,18.6,2.3,3,961,NA,4.8,5.2
Sentio,14 Feb 2021,7.5,21,26.9,3.3,8.6,18.4,2.7,3,1000,NA,3.8,4.7
Opinion Perduco,8 Feb 2021,8.1,24.6,25.1,3.2,7.4,19.1,3.2,2.5,964,NA,2.9,4
Norfakta,3 Feb 2021,6.4,21.3,27.3,2.7,7.5,19.7,4,2.3,1000,NA,3.8,5
Respons Analyse,2 Feb 2021,8.7,22.8,26.3,3.4,7.3,18.8,1.9,2.8,1000,NA,4.2,3.8
Norstat,31 Jan 2021,8.3,20.7,22.8,3.5,8.3,21.9,2.4,3.3,945,74.7,3.9,4.8
Kantar TNS,29 Jan 2021,7.7,20,25.3,2.8,5.9,19.9,4.2,4.1,974,76.2,5.2,5
Ipsos MMI,27 Jan 2021,9.5,20.4,25.4,2.9,7.7,21.4,2.5,3.1,1000,73.4,5.3,1.8
Norstat,24 Jan 2021,10,24.2,25.6,2.7,7.6,19.6,1.6,1.9,954,NA,3.8,3
Sentio,16 Jan 2021,8.4,21.3,23,2.9,7.8,19.6,2.6,4.6,1000,NA,3.3,6.4
InFact,13 Jan 2021,8.6,18.4,24.1,4.7,8.7,20.5,2.1,3.1,3245,NA,4,5.8
Opinion Perduco,13 Jan 2021,9.8,19,26.9,3.4,8,20.1,2.7,2.3,NA,NA,4.4,3.4
Kantar TNS,8 Jan 2021,7.4,22.4,24.2,3.3,7.6,21.7,2.3,2.2,976,NA,5.3,3.4
Norfakta,6 Jan 2021,11.1,17.5,24.3,3.4,8.2,22.6,2.7,2.6,1001,78,3.1,4.5
Respons Analyse,6 Jan 2021,9.3,20.5,26.5,3.4,7.7,19.2,3.4,2.8,1000,NA,3.4,3.8
Norstat,2 Jan 2021,11.3,20.1,22.6,3.7,8.9,21.3,2.5,2,962,NA,3.7,3.9
Ipsos MMI,16 Dec 2020,12.9,21.1,18.9,3.8,7.5,22.3,3.5,2.4,1000,73.2,3.7,3.9
Norstat,13 Dec 2020,12.1,21.4,21.8,3.8,8,21.3,3.1,1.4,952,NA,3.3,3.8
Opinion Perduco,7 Dec 2020,10.9,21.8,22.9,3.4,6.9,22.2,2.4,1.3,962,72,3.8,4.5
Norfakta,2 Dec 2020,12.4,21.1,23,2.6,7.1,20.1,2.9,2.4,1000,81,4.1,4.3
Kantar TNS,30 Nov 2020,8.8,20.4,20.2,3.3,8.1,22.1,4,2.8,984,81,6.4,4
Respons Analyse,30 Nov 2020,10.9,20.3,22.9,3.8,8.1,20.5,4.1,1.2,1000,NA,3.7,4.5
Sentio,29 Nov 2020,8.8,22.4,26.5,3.4,7,18.4,2.9,2.6,1000,NA,4,4
Ipsos MMI,18 Nov 2020,11.9,21.5,20.4,3.4,7.4,18.6,4.6,3.8,1000,70.2,3.1,5.3
Norstat,15 Nov 2020,12.6,20.9,21.9,2.9,7.4,19.3,3,3.7,952,NA,4,4.2
Opinion Perduco,9 Nov 2020,10.9,20.4,24.6,4.2,8.1,17.8,3.4,1.5,969,NA,4.2,5
Norfakta,4 Nov 2020,11.2,23.4,24.7,3.4,6.7,17.7,2.5,2.3,1000,NA,4.1,4
Sentio,3 Nov 2020,13.4,21.9,25,4.2,7.6,16.4,3,1.7,1000,NA,3.4,3.5
Respons Analyse,31 Oct 2020,13.9,22,21.6,3.5,5.7,18.9,3.9,1.5,1000,NA,4.1,4.9
Kantar TNS,30 Oct 2020,11.5,20.5,22.1,2.8,7.8,19.8,4.1,2.5,986,79.2,4.9,4
Norstat,25 Oct 2020,12.3,23.5,25.2,3.3,7.9,14.9,3.3,2.2,942,75,3.3,4.3
Ipsos MMI,21 Oct 2020,12.7,19.5,22.3,3.7,6.3,17.8,2.6,5,1000,72.6,5.4,4.7
Norstat,18 Oct 2020,13.2,23.5,24.3,3.4,6,16.6,3,2.1,962,NA,4.1,3.7
Sentio,12 Oct 2020,13.5,20.8,23.6,3.5,6.6,19.8,3.3,1.4,1000,NA,3.3,4.2
Norfakta,7 Oct 2020,13.1,21,22.9,3.4,6.6,17,3.9,2,1001,77,4.4,5.6
Opinion Perduco,4 Oct 2020,12.5,22,27.4,2.9,7.3,14.2,4.2,1.8,955,NA,4.6,3.1
Kantar TNS,2 Oct 2020,12.8,18.4,24,5.1,7.2,16.2,4.3,1.1,974,73.2,6.1,4.7
Respons Analyse,30 Sep 2020,11.6,22.7,26.5,3.1,8.1,14,3.6,1.5,1001,NA,4.3,4.6
Norstat,27 Sep 2020,14.4,21.7,24.1,3,7.1,13.1,3.6,2.9,956,72.8,5.2,4.9
Ipsos MMI,25 Sep 2020,13.9,22.4,22.7,4.6,8.4,15.2,3.6,2.4,713,NA,3.6,3.5
Norstat,20 Sep 2020,13.3,22.6,25.3,4.1,7.8,14.3,3.2,1.8,948,NA,3.4,4.2
Sentio,14 Sep 2020,14.7,21.8,24.8,3.5,7.2,14.6,2.6,2.4,1000,NA,4,4.3
Opinion Perduco,7 Sep 2020,10.3,19.9,27,3.9,6.9,16,2.5,1.7,975,NA,4.4,7.5
Norfakta,2 Sep 2020,12.8,24.7,25.6,4.1,8.1,13.4,2.9,1.6,1000,78,3.3,3.5
Kantar TNS,1 Sep 2020,11.4,24.7,19.6,3.9,9.6,13.6,3.2,2.8,1182,79.6,5.5,5.7
Respons Analyse,31 Aug 2020,11.5,24.3,24.8,3.3,6.8,14.7,4,2.2,1000,NA,3.9,4.5
Norstat,31 Aug 2020,11.4,24,28.3,2.8,8.1,12.2,3.4,1.8,944,NA,3.8,4.1
Norstat,23 Aug 2020,9.7,24,26.8,3.7,7.9,14,3.2,1.7,952,NA,4.2,4.9
Ipsos MMI,19 Aug 2020,11.7,24.8,24.3,3.5,7.1,13.9,3.1,1.4,1000,71.5,4.4,5.8
Sentio,16 Aug 2020,12.8,23.1,28.7,2.6,8,12.6,2.1,2,1000,NA,4.1,3.9
Respons Analyse,11 Aug 2020,10.4,25.5,23,3.9,7.6,14.4,3.6,2.6,1001,NA,3.8,5.2
Norstat,10 Aug 2020,13,24.2,24.7,4.1,6.8,13.8,2.8,2.2,950,NA,3.8,4.7
Kantar TNS,7 Aug 2020,9.4,25.4,25,4.5,7.5,15,2.3,1.6,980,76.7,4.6,5.2
Norfakta,5 Aug 2020,12.5,26.6,23.5,3.6,7.2,13.2,2.5,0.7,1001,NA,4.1,6.1
InFact,4 Aug 2020,9.3,21.8,25.1,5.2,7.3,14.1,3.7,2.3,1024,NA,5.8,5.4
Opinion Perduco,3 Aug 2020,9.8,24.6,27.7,3.3,6.1,15.1,3.1,1.4,967,72,4.3,4.6
Norfakta,8 Jul 2020,10.5,27.3,23.9,3.8,6.9,13.7,3.5,1.2,1000,NA,4.2,4.9
Kantar TNS,30 Jun 2020,10.6,20.8,27.7,3.9,8.1,12.7,2.9,2.3,985,78.6,5.8,5.2
Ipsos MMI,24 Jun 2020,11,25,25.2,3.2,8.2,13.3,3.1,2.1,1000,NA,3,5.9
Norstat,21 Jun 2020,11.5,24.9,24.8,4.3,6.8,13,2.7,2.4,1000,NA,4.9,4.8
Sentio,13 Jun 2020,11.3,24.2,24.2,2.5,6.9,14,4.4,2,1000,NA,5.1,5.4
Opinion Perduco,8 Jun 2020,10.4,25.2,24.4,3.9,7.2,14.6,3.5,0.8,969,72,4.3,5.6
Respons Analyse,4 Jun 2020,12.4,23.5,24.2,3.7,6.8,14.5,3.1,1.8,1002,NA,4.7,5.3
Norfakta,3 Jun 2020,12.3,23.5,24.1,4.5,7.2,14.6,3,2,1002,NA,4.9,3.9
Norstat,1 Jun 2020,12,23.4,25.8,3.4,6.9,14.6,2.4,1.1,949,72.9,4.8,5.6
Kantar TNS,29 May 2020,11.9,23.5,27.3,3.5,7.3,13.8,1.6,1.7,982,78.6,4.7,4.8
Ipsos MMI,28 May 2020,10,25.5,25.4,2.6,7.6,13,3.6,2.3,905,77.6,3.8,6.2
Norstat,25 May 2020,12.1,25.8,26.2,3.2,5.5,15,2,0.6,957,NA,4.6,5
Sentio,16 May 2020,11,25.5,26,4,7.1,13.5,3.3,2,1000,NA,3.3,4.4
Opinion Perduco,10 May 2020,9.6,26.7,28.3,3.6,6.6,12,2.7,1.3,970,NA,3.7,5.6
Norfakta,6 May 2020,9.1,25.1,26.9,4.1,8,13.5,3.3,1.3,1000,81,4.3,4.4
Respons Analyse,5 May 2020,9.4,27,26.5,3.6,6.2,14.7,3,1.1,1000,NA,3.5,5
Norstat,4 May 2020,10.1,24.7,26.5,3.2,6.6,15.3,3.1,1.8,957,74.4,3.3,5.2
Kantar TNS,29 Apr 2020,8,26.8,28,3,5.6,14.6,3.4,1.4,988,72.9,5.3,3.9
Norstat,26 Apr 2020,11.4,24.6,26.8,3.2,6.6,15.6,3.3,0.9,955,NA,3.7,3.9
Ipsos MMI,22 Apr 2020,9.7,24.5,25.3,4.1,8.5,14.2,3.1,1.5,1000,72.4,4.9,4.2
Sentio,20 Apr 2020,12,24.5,26.7,3.7,6.5,14,3.3,1.4,1000,NA,3.2,4.9
Opinion Perduco,5 Apr 2020,11.6,25.7,27.3,3,5.9,13.8,2.9,1.4,1000,NA,3.7,4.7
Norfakta,1 Apr 2020,11.1,23.3,25.9,4.1,9.1,14.7,3.3,1,1000,NA,2.5,5
Respons Analyse,1 Apr 2020,12.4,26.7,25.2,3.2,7.3,13.5,2.8,1.2,1000,NA,3.5,4.2
Kantar TNS,31 Mar 2020,12.3,24.8,24.6,4.1,7,14.8,2.3,1.6,980,74.1,3.8,4.6
Norstat,29 Mar 2020,12,25.7,24.9,2.8,7.2,15.3,3.6,1.1,953,75.7,3.7,3.7
Norstat,23 Mar 2020,12.7,26.7,23.3,3.2,7.6,14.6,2.2,2.1,952,NA,4.1,3.8
Ipsos MMI,20 Mar 2020,11.4,24.9,20.8,3.7,9,17.4,2.6,1.1,1000,64.9,4.7,4.4
Sentio,16 Mar 2020,13,24.3,18.8,3.4,7.1,17.5,3.4,2.6,1000,NA,2.7,7.3
Opinion Perduco,9 Mar 2020,13.5,24,18.8,3.1,6.9,18.3,3.5,1.2,970,NA,3.9,6.7
Norfakta,4 Mar 2020,12,25.8,20.6,2.9,7,15.9,2.5,1.1,1000,78,5.1,7
Respons Analyse,2 Mar 2020,14.6,24.9,17.9,3.5,7.2,16.7,3.3,1.4,1000,NA,5.4,5.1
Norstat,2 Mar 2020,13.2,23.7,19.9,4.1,8.4,16.4,2.7,2.1,949,72.7,4.6,4.9
Kantar TNS,28 Feb 2020,13.7,21.5,19.8,3,8.5,17.6,3.7,2.6,961,78.4,4.1,5.6
Norstat,23 Feb 2020,14.3,24,18.9,3.5,6.5,15.7,4.4,1.7,NA,NA,4.7,6.3
Ipsos MMI,19 Feb 2020,14.2,25.8,18.8,3.6,7.1,14.8,3.5,3.3,1000,72.6,3.5,5.4
Sentio,17 Feb 2020,14.6,23.6,19.7,3.9,7.2,14.1,3.8,2.3,NA,NA,3.9,6.8
Opinion Perduco,10 Feb 2020,15.1,25.1,19.4,3.5,6.5,15.2,4.2,1.2,969,NA,5.3,4.6
Norfakta,5 Feb 2020,14.9,22.2,19.4,4.5,7.6,15.9,4.4,1.5,1000,NA,4.2,5.2
Respons Analyse,3 Feb 2020,15.3,24.9,19.9,4.2,6.7,13.9,2.7,2.3,1002,NA,4.6,5.5
Norstat,2 Feb 2020,16,23.2,18.3,4.4,6.1,17.3,3.3,2,952,NA,5,4.3
Kantar TNS,31 Jan 2020,15.7,24.2,17.8,4.3,7.7,15,4,1.1,990,80.3,4.3,5.9
Sentio,27 Jan 2020,17.5,25.6,16.2,3.9,7.7,12.5,2,2.6,1007,NA,6.9,4.9
Norstat,27 Jan 2020,14.7,26.8,21,4,7.6,12.8,3,1.5,NA,NA,3.7,4.9
Ipsos MMI,22 Jan 2020,15.7,25.9,19.7,2.8,5.9,16.4,3.7,2.3,1000,75.2,4.1,3.5
Kantar TNS,21 Jan 2020,14.6,25.3,20.4,5.2,6.5,14.5,2.2,2.6,800,80,5.1,3.5
Respons Analyse,21 Jan 2020,14.2,25.2,20.9,3.2,7,14.8,3.1,2.6,1182,NA,3.8,5.2
Sentio,18 Jan 2020,10.8,25.4,20.6,3,7.9,16.8,4.1,1.4,1000,NA,4.5,5.4
Opinion Perduco,15 Jan 2020,11.8,25.5,18.7,2.5,7.4,20.9,2.7,2,962,NA,4.4,4.3
Kantar TNS,10 Jan 2020,8.7,23.5,22.4,3.2,8.8,17.9,2.2,2.2,986,80.8,4.7,6.5
Norfakta,8 Jan 2020,10.9,26.7,21.3,3.2,6.2,16.6,2.4,2.6,1000,78,4.8,5.3
Respons Analyse,6 Jan 2020,11.4,24,22.4,4.2,6.6,15.8,2.5,1.9,1001,NA,5.1,6.1
Norstat,5 Jan 2020,10.3,26.1,22.4,3.6,7.2,15.7,2.3,2.8,960,NA,3.6,6
Ipsos MMI,18 Dec 2019,11.3,23.4,22.1,3,8.5,15.8,2.8,2.2,NA,NA,5.9,5
Norstat,15 Dec 2019,11.8,25.5,20.9,2.6,7.1,18.5,2.9,1.6,1000,NA,4.6,4.6
Opinion Perduco,8 Dec 2019,10.7,22.9,20.6,2.6,7.5,20.2,1.9,2,966,NA,5.7,5.9
Norfakta,4 Dec 2019,10.1,21.3,22.6,4,7.7,19.2,3.9,2.3,1000,81,3.9,5
Respons Analyse,2 Dec 2019,10.3,23,22,3.9,6.2,17.4,3.5,2.5,1000,NA,5.3,5.9
Sentio,2 Dec 2019,11.1,24.2,20.8,3.5,8.3,15.6,2.4,1.8,1000,NA,5.6,6.9
Kantar TNS,29 Nov 2019,9.8,21.9,19.1,4.1,7.9,17.6,4.4,4.2,974,81.5,5,6.1
Norstat,25 Nov 2019,12.5,22.9,19.7,2.8,6.5,18.1,3.5,3.2,966,77.5,4.5,6.4
Ipsos MMI,20 Nov 2019,9.7,22,20.9,3.5,8.3,19.2,2.6,3.5,NA,NA,5,5.3
Norstat,18 Nov 2019,9,22.9,20.8,2.9,8.1,20,2,3.1,NA,NA,4.2,6.9
Opinion Perduco,11 Nov 2019,8.9,21.7,20.6,3.8,8.4,20.9,3,1.8,964,NA,4.4,6.5
Norfakta,6 Nov 2019,8.4,22.3,22.9,3.4,7.1,19.2,4.3,2.1,1000,79,4.2,6.1
Respons Analyse,4 Nov 2019,11.4,23,21.3,3.9,6.5,16.5,3.2,2.3,1003,NA,6,5.9
Sentio,2 Nov 2019,9.2,22.6,20.8,3.1,7.7,20,3.9,2.6,1000,NA,3.9,6.3
Kantar TNS,1 Nov 2019,9.2,22.6,21.1,2.9,5.6,19.5,3.4,2.2,982,81.9,6.6,6.9
Norstat,28 Oct 2019,8.4,23.7,21.8,3.9,7.4,17.5,3.3,2,957,73.5,6,6.1
Ipsos MMI,23 Oct 2019,10.3,22.6,21.1,2.7,6.4,17.6,3.6,2.5,764,NA,6.1,7
Norstat,21 Oct 2019,11.7,21.6,20.1,3.6,7.7,18.1,3.3,2.8,929,NA,4.9,6.2
Sentio,14 Oct 2019,9,24.9,20.9,3.6,6.4,17.6,4.1,2.7,1000,NA,3.2,7.7
Opinion Perduco,7 Oct 2019,9,22.2,22.8,3.4,8.2,18.7,3.7,1.9,951,NA,4.6,5.5
Norfakta,2 Oct 2019,10.5,23.5,21.4,3.3,7,17.2,3.8,3.3,1000,81,4,6
Kantar TNS,4 Oct 2019,9,23.3,20.2,3.9,8.9,15.6,2.6,3.2,980,84.6,6.1,7.2
Norstat,30 Sep 2019,8.6,24.1,19.7,3.7,6.6,18.6,3.4,4,NA,NA,3.6,7.8
Respons Analyse,25 Sep 2019,11.9,26.3,20.6,4.2,6.7,14.8,3,2.3,1000,NA,3.3,6.9
Ipsos MMI,25 Sep 2019,11.7,22,21.3,3.4,8.4,17.3,2.6,2.8,939,NA,4.1,6.4
Norstat,19 Sep 2019,11.2,20.8,21.1,3.7,9.1,15.8,2.9,2.4,712,NA,4.4,8.6
Sentio,16 Sep 2019,12.4,22.6,21.1,3.4,6.9,16.8,3,3.6,1000,NA,4,6.1
Norfakta,4 Sep 2019,11,23.8,22.1,3.3,7.4,17.1,2.4,3.1,1003,NA,3.3,6.5
Norstat,2 Sep 2019,11.6,24.8,21.2,3.9,6.1,16.1,3.4,4.1,751,79,4.5,5.4
Norstat,26 Aug 2019,11.7,22.2,22.8,4.4,6.3,16,3.1,2.8,943,NA,5,5.7
Ipsos MMI,21 Aug 2019,11.1,23.4,20.9,2.7,7.9,16.1,3,3.8,719,NA,4.4,6.7
Sentio,18 Aug 2019,8.9,27.3,20.9,3.5,6.5,14.4,3.7,4.5,1000,NA,4.8,5.4
Respons Analyse,14 Aug 2019,10.6,24,21.9,4.5,6.3,15.4,2.5,3.1,1000,75,4.7,7
Norstat,12 Aug 2019,10.9,24.6,22.8,3.2,5.9,14.2,2.7,4.1,953,76.4,6.4,5.3
Kantar TNS,9 Aug 2019,9.1,23.5,22.8,3.8,8.4,15.3,2,3.5,973,76.5,5.2,6.4
Norfakta,7 Aug 2019,9,24.4,24.2,3.9,7.5,15.9,2.8,3.7,1000,82,5,3.7
Opinion Perduco,5 Aug 2019,10.1,22.2,22.1,3.2,8.8,14.6,3.1,3.8,960,69,5.2,7
Norfakta,3 Jul 2019,8.8,24.4,21.2,4.3,7.6,15.1,2.9,6,1001,75,4.2,5.5
Kantar TNS,28 Jun 2019,7.5,25.5,22,3.4,7.8,13.3,5,4.9,978,79.8,5.7,4.9
Ipsos MMI,26 Jun 2019,10.7,27.8,20.5,2.3,6.9,14.4,2.3,6,723,NA,5.1,3.9
Norstat,24 Jun 2019,9,26,23,4.2,7,14.3,2.5,2.9,950,NA,5.4,5.7
Sentio,17 Jun 2019,10.5,25.2,22.7,2.7,6.8,15.2,2.5,4.1,1000,NA,4.5,5.8
Opinion Perduco,10 Jun 2019,11.4,23,19.1,2.6,6.4,16.9,2.8,4.2,956,74,7.1,6.5
Respons Analyse,6 Jun 2019,10.7,26,23.1,3.6,6.8,13.3,3.5,2.9,1002,78,5.2,4.9
Norfakta,5 Jun 2019,10.2,25.2,24.3,3.2,6,15.8,1.5,2.4,1000,NA,5.9,5.7
Norstat,3 Jun 2019,11.4,24.4,21,3.5,6.8,14.9,2.7,4,951,NA,5,6.3
Ipsos MMI,29 May 2019,12.1,26.9,20.7,2.3,6.3,15.2,2,4.8,739,NA,5.1,4.6
Norstat,27 May 2019,12.5,23.7,22.9,3.7,6.5,13.3,3.4,5,940,NA,4.8,4.3
Sentio,18 May 2019,11.9,23.1,22.6,3.6,6.1,15.8,2.3,2.9,1000,NA,6.6,5.1
Opinion Perduco,13 May 2019,13.1,27.2,21.2,2.7,8.3,14.1,2.1,2.4,951,NA,5.1,4
Norfakta,8 May 2019,11.9,25.1,24.4,3.2,7.4,14.4,3,2.7,1003,NA,4.9,3
Norstat,6 May 2019,12.6,26.5,20.2,3.5,6.2,15,3.7,3.3,1000,NA,5,3.9
Kantar TNS,3 May 2019,11.6,26,21,3.9,7.2,14.7,4.1,2.3,987,79.3,5.4,3.9
Norstat,2 May 2019,11.2,27.6,20.4,3.3,7.5,15.7,2.3,2.3,NA,NA,5.1,4.8
Respons Analyse,2 May 2019,13,28.2,21.6,4.1,8.4,12.5,1.9,2,1000,NA,3.9,4.4
Ipsos MMI,25 Apr 2019,10.1,28.1,23.8,3.9,6.8,14.4,2.2,3.2,942,NA,4.5,3
Sentio,16 Apr 2019,10,27.5,23.2,3.4,7,15.4,2.4,2.4,NA,NA,4.6,4.1
Opinion Perduco,8 Apr 2019,10.6,27.5,21.5,2.6,8.2,16.7,2.3,2.5,954,NA,4.5,3.7
Respons Analyse,4 Apr 2019,10.1,25.6,22.4,3,7.6,15.6,4.3,2.8,1001,NA,4.7,3.9
Norfakta,3 Apr 2019,11.2,26.1,22.5,3.8,8.4,15.2,3,2.5,1032,NA,4.3,3
Norstat,1 Apr 2019,11.9,24,22.3,4.2,7,16.9,2.9,2.4,628,NA,3.7,4.7
Kantar TNS,29 Mar 2019,10.4,24.3,21.6,3.7,7.5,16.9,3.4,2.2,982,80.6,5.1,5
Norstat,27 Mar 2019,12.1,26.6,24.6,2.4,6.8,14.3,1.8,2.2,NA,NA,4.9,4.3
Ipsos MMI,20 Mar 2019,11.7,28.8,21.3,2.5,7,14.4,2,3.1,942,NA,5.6,3.6
Sentio,18 Mar 2019,10.6,27.7,24.7,3,7.3,14.5,2.3,1.4,1000,NA,5.4,3.2
Opinion Perduco,11 Mar 2019,10.6,25.1,26.1,4.8,7.1,12.7,2,0.8,957,NA,4.9,6
Norfakta,6 Mar 2019,10.7,27,24.6,3.3,8.1,14,2.3,1.8,1002,74,4.5,3.7
Respons Analyse,4 Mar 2019,12.6,24.3,24.3,3.8,7.6,14.6,2.8,1.7,1000,NA,5,3.3
Norstat,4 Mar 2019,12.1,26.5,24.3,4,8,12.4,1.9,1.5,653,NA,4.8,4.4
Kantar TNS,1 Mar 2019,10.2,27.4,24.8,3.7,8,12.8,2.2,2.7,972,73.7,4.8,3.6
Norstat,25 Feb 2019,12.5,26.9,22.3,3.2,6.6,16,1.8,1.5,NA,NA,6.2,3
Ipsos MMI,20 Feb 2019,10,26.9,25.1,2.5,7,13,2.3,2.8,932,NA,6.6,3.8
Sentio,19 Feb 2019,10.8,27.4,21.1,3.4,8,15.6,2.3,2.4,1000,NA,5.1,3.9
Opinion Perduco,11 Feb 2019,11.8,28.2,22.1,3.2,8,13.9,2.3,0.6,942,73,7.6,2.3
Norfakta,6 Feb 2019,10.9,29.3,22.9,4.1,7.2,12.7,3.3,2.3,1005,78,4,3.3
Respons Analyse,4 Feb 2019,10.5,29.7,22.9,3.8,7.8,12.2,3.9,1.8,1001,72,3.6,3.8
Norstat,4 Feb 2019,12,29.2,22.9,3.4,7.8,11.8,2.6,2.2,937,70,4.8,3.2
Kantar TNS,2 Feb 2019,11.7,26.5,23.6,4.1,8.8,10.4,2.5,2.5,986,82.7,6.2,3.6
Norstat,28 Jan 2019,13.5,29.1,22.5,3.5,7.3,11.2,2.7,2.1,691,NA,4.4,3.7
Ipsos MMI,23 Jan 2019,13,29.8,22.8,2.7,8,10.9,2.2,3.2,935,NA,4.2,3.2
Sentio,21 Jan 2019,13.2,26.3,23.6,3.5,6.9,13.4,4.3,1.8,1000,65.2,3.1,3.8
Opinion Perduco,14 Jan 2019,10.8,28.5,22.9,3.7,7.9,12.6,2.4,2.5,957,72,5.5,3.2
Kantar TNS,10 Jan 2019,12,27.9,24.2,3,7.2,12.2,3.6,2,980,77.4,4.6,2.8
Norfakta,9 Jan 2019,12,27.7,24.7,3.8,7.4,12.5,3.3,1.9,1000,NA,3.9,2.8
Respons Analyse,7 Jan 2019,11.5,29.7,26,3.8,6.7,10.5,4.4,1.5,1001,NA,3.1,2.8
Norstat,7 Jan 2019,12.2,27.3,27,3.7,7.4,12.1,3.1,1.6,925,76.5,3.3,2.4
Ipsos MMI,19 Dec 2018,12.8,28.5,24.7,3.8,8.1,10.4,3,2.3,944,NA,2.7,3.7
Norstat,17 Dec 2018,12.4,26.8,26.5,3.5,6.9,11.2,3.4,1.8,927,NA,4.1,3.4
Opinion Perduco,10 Dec 2018,14.6,27.1,22.9,3.4,5.8,11.9,4.4,1.1,946,73,5.1,3.6
Norfakta,5 Dec 2018,12,28.4,25.9,3.8,7.4,11.6,3,2.3,1000,76,3.1,2.5
Respons Analyse,4 Dec 2018,13.5,26,25.7,4.1,8.8,10.5,3.4,1.7,1000,NA,3.9,2.4
Sentio,4 Dec 2018,12,30,24.3,3.5,5.5,12.2,4.3,1.1,1000,70.8,4.8,2.4
Kantar TNS,3 Dec 2018,13.9,27.4,24.7,3,6.3,11.9,3.6,0.8,968,74.6,4.8,2.8
Norstat,25 Nov 2018,13.1,29.7,24.7,3.2,7,11.4,2.8,2,933,NA,3.3,2.8
Ipsos MMI,21 Nov 2018,12.8,31.2,23.1,3.3,6.1,11.7,3.6,2.1,917,NA,3.6,2.5
Norstat,19 Nov 2018,13.2,29,24.6,4.3,6.6,12,3.2,1.7,937,NA,3.3,2.9
Opinion Perduco,12 Nov 2018,10.8,28.3,26.2,3.8,6,11.9,3.7,1.1,950,74,4.9,3.3
Respons Analyse,7 Nov 2018,12.8,28.4,26.5,4.2,6,10.3,4.1,0.9,1000,NA,3.9,2.9
Norfakta,5 Nov 2018,13.2,29.1,26.1,4,5,11.7,3.8,0.9,1005,80,3.9,2.2
Sentio,5 Nov 2018,13.7,25,26.9,4.7,7.5,10,4.5,1,1000,68.9,4.4,2.4
Kantar TNS,30 Oct 2018,13.8,27.6,26.8,3,7.2,9,2.3,2.6,990,79.2,4.8,2.8
Norstat,28 Oct 2018,14.1,27.2,24.3,3.9,6.7,12.1,3.7,1.3,693,NA,3.5,3.2
Ipsos MMI,24 Oct 2018,10.4,26,26.3,4.4,7.7,12.4,5.1,1.5,947,NA,4,2.2
Norstat,22 Oct 2018,13.6,28.7,25.4,3.6,7.2,10.3,3.7,1.7,941,NA,3.9,2
Sentio,18 Oct 2018,12.7,28.8,25.7,4.5,6.6,10.5,2.8,2.5,1000,70.3,3.6,2.4
InFact,10 Oct 2018,14.7,24.4,26.1,4.8,5.7,11.2,3.8,2.5,1009,NA,4.1,2.7
Opinion Perduco,10 Oct 2018,13,26.6,25,5,5.9,12.7,2.6,0.9,944,72,5.1,3.2
Norfakta,3 Oct 2018,13.3,28.2,26,4.1,6.6,11.2,2.4,2.1,1001,NA,4,2.2
Respons Analyse,3 Oct 2018,14.4,27.7,25.5,4.7,6.7,9.8,3.9,1.6,1000,NA,3,2.7
Norstat,29 Sep 2018,14,26.9,24.7,3.7,7.1,11.2,3.5,1.4,924,NA,3.3,4.2
Kantar TNS,28 Sep 2018,12.7,26.7,26.7,3.8,7.6,10.4,4.1,1.4,973,80.9,4,2.4
Ipsos MMI,26 Sep 2018,14.9,28.7,25.7,3,6.1,10.1,2.3,2.3,932,NA,4.6,2.3
Norstat,24 Sep 2018,15.7,26.6,24.3,3,6.2,12,3.4,1.4,932,NA,5,2.3
Sentio,17 Sep 2018,11.8,28,27.4,3.9,6.3,9.1,3,1.8,1000,70.7,4.8,3.8
Respons Analyse,10 Sep 2018,14.1,25.5,26,3.9,6.3,10.4,3.8,1.8,1002,NA,4.7,3.5
Opinion Perduco,10 Sep 2018,13.1,27.7,26.4,2.9,7.1,10.6,3.4,2.3,944,72,3.5,3
Kantar TNS,6 Sep 2018,10.4,24.9,29,3.7,6.5,11.6,3.5,2.6,979,73.5,5.5,2.4
Norfakta,5 Sep 2018,17.6,24.6,24.1,4,7,11.1,4.2,0.7,1000,78,4.6,2.1
Norstat,2 Sep 2018,13.9,26.2,26.6,3.5,6,11.2,3.3,2.3,721,NA,4.4,2.8
Norstat,26 Aug 2018,12.9,24.4,27.4,3.6,6.9,12.5,3,1.4,928,NA,4.2,3.6
Ipsos MMI,25 Aug 2018,13,28.5,24.8,3.3,6,11.5,3.9,2.1,943,NA,3.7,3.2
Respons Analyse,20 Aug 2018,14.6,25.9,25.6,3.9,7.7,10.3,5.2,0.5,1001,NA,4.1,2.2
Sentio,20 Aug 2018,13.3,25.9,26.6,4.2,6.4,10.7,3.6,1.4,1000,67.8,4.4,3.4
Norstat,12 Aug 2018,12.7,23.8,27.5,4,6.1,11.8,3.5,1.8,932,70.9,5.3,3.4
Norfakta,8 Aug 2018,12.9,27.8,24.6,4.8,5.8,12.3,5.1,0.7,1003,NA,3.7,2.4
Kantar TNS,7 Aug 2018,10.1,24.4,26.1,5.3,8,13.6,3.6,1.1,982,75.4,5.3,2.5
Opinion Perduco,6 Aug 2018,12.6,28.2,23.6,4.2,6.6,11.2,2.4,1.2,953,72,5.8,4.1
Norfakta,4 Jul 2018,14.8,23.7,26.3,5,7.5,9.7,3.4,2,1001,76,3.9,3.7
Ipsos MMI,27 Jun 2018,13.5,22.2,27.9,4.7,7.1,11.4,3.9,3.1,941,NA,3.8,2.4
Norstat,25 Jun 2018,13.6,21.5,27.8,4.2,7.5,10.7,5.1,2.2,941,NA,4.9,2.5
Sentio,16 Jun 2018,14,25.2,27.1,4.1,7.3,10.2,3.2,1.8,1000,70.4,5.3,2.1
Opinion Perduco,11 Jun 2018,13,24,27.1,3.8,6.5,10.7,4.1,1.8,954,73,4.8,4.2
Norfakta,6 Jun 2018,12.5,24.1,29.4,3,6,11.3,4.5,1.4,1002,79,4.4,3.4
Respons Analyse,4 Jun 2018,15.1,22,26.4,4.1,7.6,11,3.7,2.4,1000,NA,4.8,2.9
Norstat,4 Jun 2018,13.1,23.4,27.6,3.8,7.5,11,4.1,1.7,930,NA,4.5,3.4
Kantar TNS,1 Jun 2018,12.4,23.4,24.5,5.3,8.5,11.3,4.5,1.3,977,76.2,5.6,3.2
Ipsos MMI,30 May 2018,13.5,22.9,27,3.8,7.7,11.1,5.9,1.9,939,NA,3.2,3
Norstat,28 May 2018,13.9,23.6,26.4,4.2,7.2,11.8,4.1,2.3,929,NA,4,2.7
Sentio,22 May 2018,14,23.5,28.4,3.8,8,10.6,3.2,2.3,1000,72.3,3.4,2.9
Opinion Perduco,14 May 2018,15,22.8,26.5,5.5,7.1,10.5,3.8,1.2,945,73,4.4,3.3
Norfakta,9 May 2018,15.4,24.7,26.7,3.9,6.9,10.5,3.9,1.8,1000,81,3.2,3
Respons Analyse,7 May 2018,16.1,25.5,26.2,3.7,7.3,9.5,3.5,1.5,1002,NA,3.5,3.2
Norstat,7 May 2018,15.9,26,25.5,3,6.5,11,3.8,1.6,703,NA,3.5,3.2
Kantar TNS,2 May 2018,14.7,23.8,28.1,4.7,7.6,10.3,4.1,0.7,982,78.9,3.8,2.3
Norstat,30 Apr 2018,15.3,24,26.4,3.7,6.8,10.9,3.7,2.4,933,NA,4,2.9
Ipsos MMI,25 Apr 2018,16,23.2,24.9,4.4,6,11.9,4,1.8,941,NA,4.7,3
Sentio,23 Apr 2018,15.7,23.8,25.2,4.9,7.3,11.9,3.6,1.7,1000,68.3,2.8,3
Opinion Perduco,16 Apr 2018,13.5,24,27,4,7.7,11.5,4.1,1.4,945,75,4.9,1.9
Respons Analyse,9 Apr 2018,16.2,23.4,25.8,4.5,6.2,10.9,4.1,1.8,1001,NA,3.9,3.1
Norstat,9 Apr 2018,15.8,25.2,25.1,3.7,7.5,10.7,3.7,1.9,925,NA,3.8,2.5
Kantar TNS,6 Apr 2018,16.2,24.1,26.4,3.7,8.7,9,2.8,1,971,79.5,5.4,2.9
Norfakta,4 Apr 2018,17.4,23.2,26.5,4.1,7.4,10.6,3.6,0.1,1000,NA,4.3,3
Norstat,24 Mar 2018,15.4,24.3,25.3,4.8,6.6,11,4.3,1.9,955,NA,4,2.3
Ipsos MMI,21 Mar 2018,20.8,23.7,23.9,3.8,6.6,10.2,3.2,2.2,935,NA,3.3,2.4
Kantar TNS,20 Mar 2018,20.6,23.6,26,4.4,5.6,10.3,5,0.9,600,83,1.7,2.1
Sentio,19 Mar 2018,15.8,23.3,26.6,4.1,7.1,11.9,3.5,1.1,1000,71,4,2.6
Respons Analyse,16 Mar 2018,15.9,25.1,26.9,3.2,6.4,10.8,4.4,1.7,1002,NA,2.5,3.1
Opinion Perduco,12 Mar 2018,14.5,23.3,27.3,3.6,6.9,11,4.6,1.1,951,72,4.5,3.2
Norfakta,7 Mar 2018,12.7,22.5,28.4,3.9,6.9,12.8,3.8,1.8,1001,79,3.3,3.9
Respons Analyse,5 Mar 2018,13.1,23.4,28,4.4,7.2,11.6,4.7,1.4,1003,NA,3.1,3.1
Norstat,5 Mar 2018,15,23.3,27.4,3.2,7,12.3,4.3,1.5,930,NA,3.2,2.8
Kantar TNS,3 Mar 2018,10.9,23.4,29.3,4.5,6.6,12.1,4.9,1,980,82.9,3.8,3.6
Norstat,25 Feb 2018,12.9,24.5,28.8,4.5,6,10.8,3.5,2.5,933,NA,3.1,3.3
Ipsos MMI,21 Feb 2018,13.6,25.4,27.3,3.5,7.5,9.7,4.4,2.3,950,NA,3.3,3
Sentio,19 Feb 2018,15,23.3,28.7,5.1,6.1,10.4,4.1,0.9,1000,74.3,3.2,3.2
Opinion Perduco,12 Feb 2018,15.9,21.4,29.2,3.6,7.3,10,3.9,0.8,944,74,4,4
Respons Analyse,7 Feb 2018,13.6,24,27.9,3.6,7.2,10.9,4.5,1.4,1002,NA,3.3,3.6
Norstat,5 Feb 2018,13.1,22.4,28.9,3.9,8.6,11.2,3.8,1.5,943,NA,2.9,3.7
Kantar TNS,5 Feb 2018,12,23.6,29.1,3.8,6.3,11.2,5.8,1.1,985,80.7,3.6,3.4
Norfakta,31 Jan 2018,13.4,23.9,27.9,4.3,7.7,11,4.2,1.5,1003,77,2.6,3.5
Norstat,28 Jan 2018,12.8,22.7,29.9,4.3,7.4,11,4,2.3,936,NA,2.8,2.7
Ipsos MMI,24 Jan 2018,12.5,25.4,26.2,3.7,7.6,12.1,4.6,1.9,893,NA,3,3
Sentio,21 Jan 2018,13.4,22.7,30.5,4.5,7.6,10.1,3,2,1000,70.2,3.1,3.2
Opinion Perduco,15 Jan 2018,14.5,20.8,30.1,4.6,7.3,10.8,4.5,1,968,72,3,3
Respons Analyse,12 Jan 2018,13.2,23.2,29.4,4.4,7.5,11.3,4.1,1.2,1000,NA,2.9,2.8
Respons Analyse,10 Jan 2018,15.5,23.1,27.1,4.1,7.7,10.7,4.1,2.3,1000,81,2.7,2.7
Kantar TNS,9 Jan 2018,14.8,19.4,30.5,4.5,8.6,10.9,4.3,1.5,968,80.6,3,2.6
Norstat,8 Jan 2018,14.9,20.1,28.7,4.6,8.3,12.2,3.6,2,977,NA,2.9,2.7
Norfakta,3 Jan 2018,14.5,24.2,29.1,3.3,5.7,10.3,4.7,1.4,1000,NA,3.1,3.8
Ipsos MMI,20 Dec 2017,13.7,26.3,26.5,4.3,8,10.1,4.8,1.9,929,NA,1.9,2.6
Norstat,18 Dec 2017,13.9,26,26.5,3.6,8.4,10.6,3.4,1.2,949,NA,2.9,3.6
Sentio,11 Dec 2017,14.9,25.9,26.5,4.6,6,10.6,3.5,1.7,1000,76.8,2.6,3.7
Kantar TNS,8 Dec 2017,14.8,26,26.6,4.1,6.9,9.7,4.3,1.3,974,79.6,2.8,3.5
Norfakta,6 Dec 2017,13.6,26.7,27.5,3.7,7,10.2,4.7,1.2,1000,83,2.1,3.3
Opinion Perduco,4 Dec 2017,14.9,26.6,25.8,3.9,6,11.5,3.4,0.9,960,76,2.5,4.4
Norstat,27 Nov 2017,14.7,25.8,26.8,4.6,7.1,11.2,3.9,1.2,939,NA,1.7,2.9
Ipsos MMI,22 Nov 2017,15.9,27.9,25,3.8,5.4,8.6,4.8,1.9,918,NA,2.8,3.9
Norstat,20 Nov 2017,16.1,27.1,26.1,4,7,9.3,3.8,0.8,955,NA,2.9,2.9
Sentio,13 Nov 2017,13.2,25.6,28.2,4,6.7,10.9,3.9,1.7,1000,79.2,3,2.8
Kantar TNS,10 Nov 2017,12.7,25.3,26.9,3.1,7.4,11.5,5.9,1.4,972,85.4,3.9,1.9
Norfakta,8 Nov 2017,14.6,26.6,27,3.2,7.3,10.5,3.7,1.9,1003,85,3.3,1.9
Opinion Perduco,6 Nov 2017,14.9,25.1,25.7,4,7.3,11.2,4.3,0.9,956,79,2.8,3.8
Norstat,31 Oct 2017,14.5,26,25.9,4.2,7.5,11.7,3.7,1.5,937,NA,2.4,2.7
Ipsos MMI,25 Oct 2017,13.5,27.4,25.8,3.7,5.9,10.9,3.8,2.7,947,NA,3.4,2.9
Norstat,23 Oct 2017,13.7,26.5,25.6,4.1,6.5,10.7,4.9,1.6,942,NA,3.2,3.2
Sentio,16 Oct 2017,14.6,25.2,25.2,3.2,7.3,10.2,4.6,1.8,1000,79.9,3.1,4.9
Opinion Perduco,9 Oct 2017,14.9,25.8,26.7,4.1,6,10.6,4.1,0.8,958,80,2.2,4.8
Kantar TNS,6 Oct 2017,13.1,25.4,29.2,3.2,6.4,9.3,4.8,1.6,975,NA,3.7,3.4
Norfakta,4 Oct 2017,13.4,25.8,27.6,4.4,6.5,11.4,3.4,2.1,1000,85,1.8,3.6
Norstat,1 Oct 2017,14.3,26.4,25.6,3.9,7.5,10.6,4.2,1.9,941,NA,2.5,3
Ipsos MMI,27 Sep 2017,14.4,26.1,24.4,3.9,7.4,10.2,5.4,2.3,935,NA,2.7,3.3
Norstat,25 Sep 2017,15,24.9,25.1,3.2,7.3,11.3,4.7,1.9,936,NA,3.7,2.8
Sentio,18 Sep 2017,14.7,26.2,26.8,3.9,6.4,11.4,3.9,0.9,1000,80.1,2.4,3.3
