institute,date,ovp,spo,fpo,greens,bzo,matin,lif,fritz,kpo,retto,dc,others,sko,stronach,neos,pirates,pilz,g_lt,sample_size,jetzt
NEWS-Market,2006-09-27,38,35,10,11,3,3,NA,NA,NA,NA,NA,NA,NA,NA,NA,NA,NA,NA,NA,NA
Profil-OGM,2006-09-23,37,35,10,11,3,3,NA,NA,NA,NA,NA,NA,NA,NA,NA,NA,NA,NA,NA,NA
ÖSTERREICH-Gallup,2006-09-22,38,35,10,10,3,4,NA,NA,NA,NA,NA,NA,NA,NA,NA,NA,NA,NA,NA,NA
NEWS-Market,2006-09-20,39,34,9,11,3,3,NA,NA,NA,NA,NA,NA,NA,NA,NA,NA,NA,NA,NA,NA
ÖSTERREICH-Gallup,2006-09-19,38,35,10,11,3,3,NA,NA,NA,NA,NA,NA,NA,NA,NA,NA,NA,NA,NA,NA
Profil-OGM,2006-09-16,38,35,10,10,3,3,NA,NA,NA,NA,NA,NA,NA,NA,NA,NA,NA,NA,NA,NA
ÖSTERREICH-Gallup,2006-09-12,39,35,8,10,3,4,NA,NA,NA,NA,NA,NA,NA,NA,NA,NA,NA,NA,NA,NA
IGF,2006-09-11,39,34,8,11,3,4,NA,NA,NA,NA,NA,NA,NA,NA,NA,NA,NA,NA,NA,NA
ÖSTERREICH-Gallup,2006-09-09,38,35,7,12,3,4,NA,NA,NA,NA,NA,NA,NA,NA,NA,NA,NA,NA,NA,NA
Profil-OGM,2006-09-09,38,35,9,10,2,5,NA,NA,NA,NA,NA,NA,NA,NA,NA,NA,NA,NA,NA,NA
NEWS/Market,2006-09-07,38,34,8,11,3,5,NA,NA,NA,NA,NA,NA,NA,NA,NA,NA,NA,NA,NA,NA
Kurier/Integral,2006-09-03,37,35,8,11,4,5,NA,NA,NA,NA,NA,NA,NA,NA,NA,NA,NA,NA,NA,NA
ÖSTERREICH-Gallup,2006-08-31,37,35,7,11,4,4,NA,NA,NA,NA,NA,NA,NA,NA,NA,NA,NA,NA,NA,NA
NEWS-Market,2006-08-30,39,35,7,11,3,4,NA,NA,NA,NA,NA,NA,NA,NA,NA,NA,NA,NA,NA,NA
Profil-OGM,2006-08-26,39,35,7,11,3,4,NA,NA,NA,NA,NA,NA,NA,NA,NA,NA,NA,NA,NA,NA
NEWS/Market,2006-08-23,38,36,7,10,4,4,NA,NA,NA,NA,NA,NA,NA,NA,NA,NA,NA,NA,NA,NA
NEWS/Market,2006-08-16,40,34,7,11,3,4,NA,NA,NA,NA,NA,NA,NA,NA,NA,NA,NA,NA,NA,NA
NEWS/Market,2006-08-02,39,35,6,11,3,5,NA,NA,NA,NA,NA,NA,NA,NA,NA,NA,NA,NA,NA,NA
Kurier/Integral,2006-07-16,39,35,8,12,4,NA,NA,NA,NA,NA,NA,NA,NA,NA,NA,NA,NA,NA,NA,NA
Profil/OGM,2006-07-15,40,36,8,12,3,NA,NA,NA,NA,NA,NA,NA,NA,NA,NA,NA,NA,NA,NA,NA
NEWS/Market,2006-07-12,41,36,5,11,3,3,NA,NA,NA,NA,NA,NA,NA,NA,NA,NA,NA,NA,NA,NA
OGM,2008-06-21,33,33,16,14,4,NA,NA,NA,NA,NA,NA,NA,NA,NA,NA,NA,NA,NA,NA,NA
market,2008-07-02,33,27,21,14,3,NA,NA,NA,NA,NA,NA,2,NA,NA,NA,NA,NA,NA,NA,NA
Fessel-GfK,2008-07-08,35,28,20,14,3,NA,NA,NA,NA,NA,NA,NA,NA,NA,NA,NA,NA,NA,NA,NA
market,2008-07-09,33,26,22,14,4,NA,NA,NA,NA,NA,NA,1,NA,NA,NA,NA,NA,NA,NA,NA
Gallup,2008-07-10,32,27,19,16,4,NA,NA,NA,NA,NA,NA,2,NA,NA,NA,NA,NA,NA,NA,NA
Gallup,2008-07-10,23,21,18,14,5,4,2,7,2,NA,NA,2,2,NA,NA,NA,NA,NA,NA,NA
Integral,2008-07-12,31,28,16,14,4,NA,NA,5,NA,NA,NA,2,NA,NA,NA,NA,NA,NA,NA,NA
OGM,2008-07-13,33,30,18,14,3,NA,NA,NA,NA,NA,NA,2,NA,NA,NA,NA,NA,NA,NA,NA
Gallup,2008-07-17,26,24,19,16,5,NA,2,6,NA,NA,NA,NA,NA,NA,NA,NA,NA,NA,NA,NA
Humaninstitut,2008-07-17,28,25,19,11,2,NA,NA,NA,NA,NA,NA,15,NA,NA,NA,NA,NA,NA,NA,NA
IMAS,2008-07-19,29,24,20,15,4,NA,NA,5,NA,NA,NA,3,NA,NA,NA,NA,NA,NA,NA,NA
Gallup,2008-07-25,30,27,19,16,5,NA,NA,NA,NA,NA,NA,NA,NA,NA,NA,NA,NA,NA,NA,NA
Gallup,2008-07-25,29,25,15,14,7,NA,4,6,NA,NA,NA,NA,NA,NA,NA,NA,NA,NA,NA,NA
OGM,2008-07-29,30,25,17,13,4,NA,4,5,NA,NA,NA,2,NA,NA,NA,NA,NA,NA,NA,NA
IMAS,2008-07-29,29,25,18,15,6,NA,NA,NA,NA,NA,NA,NA,NA,NA,NA,NA,NA,NA,NA,NA
Gallup,2008-07-31,26,23,17,15,7,NA,5,7,NA,NA,NA,NA,NA,NA,NA,NA,NA,NA,NA,NA
market,2008-08-07,29,26,20,14,3,NA,3,4,NA,NA,NA,NA,NA,NA,NA,NA,NA,NA,NA,NA
Gallup,2008-08-08,26,26,19,14,6,NA,3,6,NA,NA,NA,NA,NA,NA,NA,NA,NA,NA,NA,NA
Gallup,2008-08-14,28,27,17,15,5,NA,3,5,NA,NA,NA,NA,NA,NA,NA,NA,NA,NA,NA,NA
OGM,2008-08-16,31,26,17,13,4,NA,4,4,NA,NA,NA,NA,NA,NA,NA,NA,NA,NA,NA,NA
market,2008-08-20,27,26,20,14,5,NA,3,4,NA,NA,NA,1,NA,NA,NA,NA,NA,NA,NA,NA
Gallup,2008-08-24,26,25,18,15,6,NA,4,4,NA,NA,NA,2,NA,NA,NA,NA,NA,NA,NA,NA
market,2008-08-27,26,28,20,13,4,NA,3,3,NA,NA,NA,3,NA,NA,NA,NA,NA,NA,NA,NA
Gallup,2008-08-28,26,27,19,12,5,NA,4,4,NA,NA,NA,3,NA,NA,NA,NA,NA,NA,NA,NA
IFES,2008-08-29,26,26,15,16,5,NA,NA,4,NA,NA,NA,8,NA,NA,NA,NA,NA,NA,NA,NA
OGM,2008-08-31,28,27,18,12,6,NA,4,3,NA,NA,NA,2,NA,NA,NA,NA,NA,NA,NA,NA
market,2008-09-03,25,28,20,12,5,NA,3,3,1,1,NA,2,NA,NA,NA,NA,NA,NA,NA,NA
Gallup,2008-09-04,27,28,17,12,6,NA,4,3,NA,NA,NA,3,NA,NA,NA,NA,NA,NA,NA,NA
Humaninstitut,2008-09-04,19,32,19,12,10,NA,4,4,NA,NA,NA,NA,NA,NA,NA,NA,NA,NA,NA,NA
OGM,2008-09-06,27,29,17,12,7,NA,4,2,NA,NA,NA,2,NA,NA,NA,NA,NA,NA,NA,NA
GMK,2008-09-08,27,30,18,11,6,NA,3,4,NA,NA,NA,NA,NA,NA,NA,NA,NA,NA,NA,NA
market,2008-09-10,27,29,18,11,7,NA,3,2,NA,NA,NA,3,NA,NA,NA,NA,NA,NA,NA,NA
Fessel-GfK,2008-09-11,28.5,25.8,12.7,17,6.7,NA,2.1,1.2,3.3,NA,1.5,1.2,NA,NA,NA,NA,NA,NA,NA,NA
Gallup,2008-09-12,27,28,16,12,6,NA,4,3,NA,NA,NA,4,NA,NA,NA,NA,NA,NA,NA,NA
IFES,2008-09-12,27,27,17,13,5,NA,4,3,NA,NA,NA,4,NA,NA,NA,NA,NA,NA,NA,NA
OGM,2008-09-13,26,28,18,12,8,NA,4,2,NA,NA,NA,2,NA,NA,NA,NA,NA,NA,NA,NA
Integral,2008-09-16,28,28,18,12,7,NA,4,2,NA,NA,NA,2,NA,NA,NA,NA,NA,NA,NA,NA
market,2008-09-16,26,29,20,11,6,NA,3,2,NA,NA,NA,3,NA,NA,NA,NA,NA,NA,NA,NA
Gallup,2008-09-18,26,28,17,12,8,NA,4,3,NA,NA,NA,2,NA,NA,NA,NA,NA,NA,NA,NA
OGM,2008-09-20,26,29,18,11,8,NA,4,2,NA,NA,NA,2,NA,NA,NA,NA,NA,NA,NA,NA
market,2008-09-23,27,29,19,10,8,NA,3,2,NA,NA,NA,2,NA,NA,NA,NA,NA,NA,NA,NA
IFES,2008-09-26,27,27,16,12,7,NA,5,2,NA,NA,NA,4,NA,NA,NA,NA,NA,NA,NA,NA
Gallup,2008-09-26,27,29,17,12,8,NA,3,2,NA,NA,NA,2,NA,NA,NA,NA,NA,NA,NA,NA
Gallup/Neos.eu,2013-09-23,23,27,21,14,3,NA,NA,NA,1,NA,NA,NA,NA,6,4,1,NA,NA,NA,NA
OGM/Kurier,2013-09-21,22,27,21,14,4,NA,NA,NA,1,NA,NA,NA,NA,6,4,1,NA,NA,NA,NA
Market/Der Standard,2013-09-20,23,26,19,15,4,NA,NA,NA,1,NA,NA,1,NA,7,3,1,NA,NA,NA,NA
Gallup/Österreich,2013-09-20,23,27,20,14,2.5,NA,NA,NA,1,NA,NA,1,NA,7,3.5,1,NA,NA,NA,NA
Karmasin/Heute,2013-09-20,23,27,21,14,2,NA,NA,NA,1.5,NA,NA,NA,NA,7,3,1.5,NA,NA,NA,NA
Hajek/ATV,2013-09-19,23,27,20,15,3,NA,NA,NA,1,NA,NA,1,NA,7,3,1,NA,NA,NA,NA
Meinunungsraum/Neos.eu,2013-09-19,24,28,19,15,2,NA,NA,NA,NA,NA,NA,1,NA,7,4,NA,NA,NA,NA,NA
Market/Standard,2013-09-15,22,26,20,15,3,NA,NA,NA,1,NA,NA,1,NA,9,2,1,NA,NA,NA,NA
Spectra/Oberösterreichische Nachrichten,2013-09-14,23,26,20,13,4,NA,NA,NA,NA,NA,NA,3.5,NA,9,1.5,NA,NA,NA,NA,NA
Karmasin/Profil,2013-09-14,25,28,20,15,2,NA,NA,NA,NA,NA,NA,1,NA,6,3,NA,NA,NA,NA,NA
Gallup/Österreich,2013-09-13,25,28,20,15,1,NA,NA,NA,NA,NA,NA,NA,NA,7,3,1,NA,NA,NA,NA
Gallup/Österreich,2013-09-06,24,28,19,15,2,NA,NA,NA,1,NA,NA,NA,NA,8,2,1,NA,NA,NA,NA
OGM/Kurier,2013-08-31,24,27,20,15,3,NA,NA,NA,NA,NA,NA,1,NA,7,2,1,NA,NA,NA,NA
Karmasin/Profil,2013-08-31,24,28,20,15,2,NA,NA,NA,NA,NA,NA,3,NA,7,1,NA,NA,NA,NA,NA
Market/Standard,2013-08-30,22,26,19,16,3,NA,NA,NA,1,NA,NA,1,NA,9,2,1,NA,NA,NA,NA
Gallup/Österreich,2013-08-30,23,28,19,15,2,NA,NA,NA,1,NA,NA,NA,NA,9,2,1,NA,NA,NA,NA
Meinungsraum/NEWS,2013-08-29,24,27,19,14,2,NA,NA,NA,NA,NA,NA,1,NA,8,3,2,NA,NA,NA,NA
Spectra/Vorarlberger Nachrichten,2013-08-24,25,27,19,14,3,NA,NA,NA,NA,NA,NA,5,NA,7,NA,NA,NA,NA,NA,NA
Gallup/Österreich,2013-08-23,24,28,18,15,2,NA,NA,NA,1,NA,NA,NA,NA,9,2,1,NA,NA,NA,NA
Karmasin/Heute,2013-08-23,25,28,20,15,1,NA,NA,NA,1,NA,NA,NA,NA,7,2,1,NA,NA,NA,NA
Market/Standard,2013-08-15,24,26,18,15,3,NA,NA,NA,1,NA,NA,1,NA,9,2,1,NA,NA,NA,NA
IMAS/Kronen Zeitung,2013-08-10,25,27,20,13,3,NA,NA,NA,NA,NA,NA,3,NA,9,NA,NA,NA,NA,NA,NA
Karmasin/Profil,2013-08-10,25,28,18,16,3,NA,NA,NA,NA,NA,NA,3,NA,7,NA,NA,NA,NA,NA,NA
Gallup/Österreich,2013-08-09,25,28,17,16,2,NA,NA,NA,1,NA,NA,NA,NA,8,2,1,NA,NA,NA,NA
Meinungsraum/Neos.eu,2013-08-08,24,26,20,13,2,NA,NA,NA,1,NA,NA,NA,NA,9,3,2,NA,NA,NA,NA
Unique Research/profil,2016-12-31,19,28,34,11,NA,NA,NA,NA,NA,NA,NA,1,NA,NA,7,NA,NA,NA,NA,NA
Gallup/Österreich,2016-12-12,19,27,34,12,NA,NA,NA,NA,NA,NA,NA,2,NA,NA,6,NA,NA,NA,NA,NA
Gallup/Österreich,2016-11-19,19,26,35,12,NA,NA,NA,NA,NA,NA,NA,2,NA,NA,6,NA,NA,NA,NA,NA
Unique Research/profil,2016-10-15,18,28,34,12,NA,NA,NA,NA,NA,NA,NA,1,NA,NA,6,NA,NA,NA,NA,NA
Gallup/Österreich,2016-10-08,19,27,34,12,NA,NA,NA,NA,NA,NA,NA,2,NA,NA,6,NA,NA,NA,NA,NA
Gallup/Österreich,2016-09-24,19,27,34,11,NA,NA,NA,NA,NA,NA,NA,2,NA,NA,7,NA,NA,NA,NA,NA
Gallup/Österreich,2016-09-09,20,26,34,11,NA,NA,NA,NA,NA,NA,NA,2,NA,NA,7,NA,NA,NA,NA,NA
Unique Research/profil,2016-09-09,19,26,35,12,NA,NA,NA,NA,NA,NA,NA,2,NA,NA,6,NA,NA,NA,NA,NA
Hajek/ATV,2016-09-02,21,26,34,12,NA,NA,NA,NA,NA,NA,NA,1,NA,NA,6,NA,NA,NA,NA,NA
OGM/Kurier,2016-08-28,21,26,33,12,NA,NA,NA,NA,NA,NA,NA,2,NA,NA,6,NA,NA,NA,NA,NA
Gallup/Österreich,2016-08-28,20,25,35,11,NA,NA,NA,NA,NA,NA,NA,2,NA,NA,7,NA,NA,NA,NA,NA
Gallup/Österreich,2016-07-31,19,25,35,12,NA,NA,NA,NA,NA,NA,NA,2,NA,NA,7,NA,NA,NA,NA,NA
Unique Research/profil,2016-07-18,20,24,35,14,NA,NA,NA,NA,NA,NA,NA,1,NA,NA,6,NA,NA,NA,NA,NA
Gallup/Österreich,2016-07-10,19,25,34,12,NA,NA,NA,NA,NA,NA,NA,2,NA,NA,8,NA,NA,NA,NA,NA
Hajek/ATV,2016-05-21,18,26,34,13,NA,NA,NA,NA,NA,NA,NA,1,NA,NA,8,NA,NA,NA,NA,NA
Gallup/Österreich,2016-05-20,22,23,33,13,NA,NA,NA,NA,NA,NA,NA,3,NA,NA,6,NA,NA,NA,NA,NA
Gallup/Österreich,2016-05-12,22,21,34,13,NA,NA,NA,NA,NA,NA,NA,3,NA,NA,7,NA,NA,NA,NA,NA
Gallup/Österreich,2016-04-28,22,21,34,14,NA,NA,NA,NA,NA,NA,NA,3,NA,NA,6,NA,NA,NA,NA,NA
OGM/OÖN,2016-04-09,23,23,31,14,NA,NA,NA,NA,NA,NA,NA,3,NA,NA,6,NA,NA,NA,NA,NA
Hajek/ATV,2016-04-09,22,22,32,15,NA,NA,NA,NA,NA,NA,NA,2,NA,NA,7,NA,NA,NA,NA,NA
Unique Research/Heute,2016-04-08,23,23,32,14,NA,NA,NA,NA,NA,NA,NA,1,NA,NA,7,NA,NA,NA,NA,NA
Gallup/Österreich,2016-04-06,24,23,33,12,NA,NA,NA,NA,NA,NA,NA,3,NA,NA,5,NA,NA,NA,NA,NA
Unique Research/profil,2016-03-19,24,22,32,14,NA,NA,NA,NA,NA,NA,NA,2,NA,NA,6,NA,NA,NA,NA,NA
Gallup/Österreich,2016-03-11,23,23,33,12,NA,NA,NA,NA,NA,NA,NA,3,NA,NA,6,NA,NA,NA,NA,NA
Market/Der Standard,2016-03-07,22,23,32,14,NA,NA,NA,NA,NA,NA,NA,4,NA,NA,5,NA,NA,NA,NA,NA
Unique Research/profil,2016-02-20,24,23,32,12,NA,NA,NA,NA,NA,NA,NA,1,NA,NA,8,NA,NA,NA,NA,NA
Gallup/Österreich,2016-01-31,23,22,33,11,NA,NA,NA,NA,NA,NA,NA,4,NA,NA,7,NA,NA,NA,NA,NA
Unique Research/Heute,2016-01-24,24,22,31,13,NA,NA,NA,NA,NA,NA,NA,2,NA,NA,8,NA,NA,NA,NA,NA
Unique Research/profil,2016-01-23,24,23,30,14,NA,NA,NA,NA,NA,NA,NA,1,NA,NA,8,NA,NA,NA,NA,NA
Gallup/Österreich,2016-01-16,22,22,34,11,NA,NA,NA,NA,NA,NA,NA,4,NA,NA,7,NA,NA,NA,NA,NA
IMAS/Kronen Zeitung,2015-12-20,25,26,27,13,NA,NA,NA,NA,NA,NA,NA,1,NA,NA,5,NA,NA,NA,NA,NA
Unique Research/profil,2015-12-19,24,22,31,13,NA,NA,NA,NA,NA,NA,NA,2,NA,NA,8,NA,NA,NA,NA,NA
Gallup/Österreich,2015-12-17,21,23,33,12,NA,NA,NA,NA,NA,NA,NA,3,NA,NA,8,NA,NA,NA,NA,NA
Unique Research/profil,2015-11-21,20,22,32,13,NA,NA,NA,NA,NA,NA,NA,4,NA,NA,9,NA,NA,NA,NA,NA
Gallup/Österreich,2015-11-19,21,24,33,12,NA,NA,NA,NA,NA,NA,NA,3,NA,NA,7,NA,NA,NA,NA,NA
Gallup/Österreich,2015-11-05,21,24,32,13,NA,NA,NA,NA,NA,NA,NA,3,NA,NA,7,NA,NA,NA,NA,NA
Unique Research/profil,2015-10-31,19,24,32,15,NA,NA,NA,NA,NA,NA,NA,3,NA,NA,7,NA,NA,NA,NA,NA
IMAS/Kronen Zeitung,2015-10-22,24,25,32,12,NA,NA,NA,NA,NA,NA,NA,2,NA,NA,5,NA,NA,NA,NA,NA
Gallup,2015-10-16,20,23,33,14,NA,NA,NA,NA,NA,NA,NA,3,NA,NA,7,NA,NA,NA,NA,NA
Unique Research,2015-09-19,21,23,33,14,NA,NA,NA,NA,NA,NA,NA,3,NA,NA,6,NA,NA,NA,NA,NA
Gallup,2015-09-18,21,25,32,12,NA,NA,NA,NA,NA,NA,NA,4,NA,NA,6,NA,NA,NA,NA,NA
Gallup,2015-09-04,22,25,30,13,NA,NA,NA,NA,NA,NA,NA,4,NA,NA,6,NA,NA,NA,NA,NA
IMAS/Kronen Zeitung,2015-08-23,26,26,26,13,NA,NA,NA,NA,NA,NA,NA,4,NA,NA,5,NA,NA,NA,NA,NA
Unique Research/profil,2015-08-22,23,22,31,13,NA,NA,NA,NA,NA,NA,NA,4,NA,NA,7,NA,NA,NA,NA,NA
Gallup/Österreich,2015-08-21,23,24,29,13,NA,NA,NA,NA,NA,NA,NA,3,NA,NA,8,NA,NA,NA,NA,NA
Market/Der Standard,2015-08-19,22,23,29,16,NA,NA,NA,NA,NA,NA,NA,4,NA,NA,6,NA,NA,NA,NA,NA
Gallup/Österreich,2015-07-31,23,23,29,14,NA,NA,NA,NA,NA,NA,NA,4,NA,NA,7,NA,NA,NA,NA,NA
Unique Research/profil,2015-07-25,23,24,30,13,NA,NA,NA,NA,NA,NA,NA,2,NA,NA,8,NA,NA,NA,NA,NA
Gallup/Österreich,2015-07-17,22,23,29,15,NA,NA,NA,NA,NA,NA,NA,4,NA,NA,7,NA,NA,NA,NA,NA
IMAS/Kronen Zeitung,2015-07-12,26,26,27,13,NA,NA,NA,NA,NA,NA,NA,4,NA,NA,4,NA,NA,NA,NA,NA
Gallup/Österreich,2015-07-03,24,23,28,15,NA,NA,NA,NA,NA,NA,NA,4,NA,NA,6,NA,NA,NA,NA,NA
Unique Research/Heute,2015-06-26,23,24,29,15,NA,NA,NA,NA,NA,NA,NA,3,NA,NA,6,NA,NA,NA,NA,NA
IFES/Kurier,2015-06-23,23,24,27,16,NA,NA,NA,NA,NA,NA,NA,5,NA,NA,4,NA,NA,NA,NA,NA
Unique Research/profil,2015-06-20,24,23,28,15,NA,NA,NA,NA,NA,NA,NA,3,NA,NA,7,NA,NA,NA,NA,NA
Gallup/Österreich,2015-06-19,24,24,28,15,NA,NA,NA,NA,NA,NA,NA,4,NA,NA,5,NA,NA,NA,NA,NA
IMAS/Kronen Zeitung,2015-06-15,26,26,26,14,NA,NA,NA,NA,NA,NA,NA,1,NA,NA,4,NA,NA,NA,NA,NA
Hajek/ATV,2015-06-10,25,23,28,15,NA,NA,NA,NA,NA,NA,NA,3,NA,NA,6,NA,NA,NA,NA,NA
Market/Der Standard,2015-06-06,23,23,28,15,NA,NA,NA,NA,NA,NA,NA,5,NA,NA,6,NA,NA,NA,NA,NA
Gallup/Österreich,2015-06-04,24,25,28,13,NA,NA,NA,NA,NA,NA,NA,4,NA,NA,6,NA,NA,NA,NA,NA
Gallup/Österreich,2015-05-30,25,26,27,13,NA,NA,NA,NA,NA,NA,NA,4,NA,NA,5,NA,NA,NA,NA,NA
Unique Research/profil,2015-05-21,25,26,27,13,NA,NA,NA,NA,NA,NA,NA,3,NA,NA,6,NA,NA,NA,NA,NA
Gallup/Österreich,2015-05-14,25,25,26,14,NA,NA,NA,NA,NA,NA,NA,4,NA,NA,6,NA,NA,NA,NA,NA
Gallup/Österreich,2015-05-10,25,26,26,13,NA,NA,NA,NA,NA,NA,NA,4,NA,NA,6,NA,NA,NA,NA,NA
Unique Research/profil,2015-04-25,24,27,26,14,NA,NA,NA,NA,NA,NA,NA,3,NA,NA,6,NA,NA,NA,NA,NA
Gallup/Österreich,2015-04-18,27,28,25,13,NA,NA,NA,NA,NA,NA,NA,2,NA,NA,5,NA,NA,NA,NA,NA
Gallup/Österreich,2015-04-17,26,26,26,12,NA,NA,NA,NA,NA,NA,NA,4,NA,NA,6,NA,NA,NA,NA,NA
Gallup/Österreich,2015-04-10,26,26,25,13,NA,NA,NA,NA,NA,NA,NA,4,NA,NA,6,NA,NA,NA,NA,NA
Gallup/Österreich,2015-04-01,26,26,25,12,NA,NA,NA,NA,NA,NA,NA,4,NA,NA,7,NA,NA,NA,NA,NA
Market/Der Standard,2015-03-29,24,23,26,15,NA,NA,NA,NA,NA,NA,NA,3,NA,NA,6,NA,NA,NA,NA,NA
Unique Research/Heute,2015-03-27,27,26,24,12,NA,NA,NA,NA,NA,NA,NA,4,NA,NA,7,NA,NA,NA,NA,NA
Unique Research/profil,2015-03-21,26,25,24,13,NA,NA,NA,NA,NA,NA,NA,4,NA,NA,8,NA,NA,NA,NA,NA
Gallup/Österreich,2015-03-20,25,26,26,13,NA,NA,NA,NA,NA,NA,NA,4,NA,NA,6,NA,NA,NA,NA,NA
Gallup,2015-03-13,24,25,27,13,NA,NA,NA,NA,NA,NA,NA,4,NA,NA,7,NA,NA,NA,NA,NA
Hajek/ATV,2015-03-12,27,24,26,12,NA,NA,NA,NA,NA,NA,NA,4,NA,NA,7,NA,NA,NA,NA,NA
AKonsult/Mein Bezirk,2015-03-10,25,25,27,13,NA,NA,NA,NA,NA,NA,NA,4,NA,NA,6,NA,NA,NA,NA,NA
Marked/Der Standard,2015-03-08,23,22,27,16,NA,NA,NA,NA,NA,NA,NA,5,NA,NA,7,NA,NA,NA,NA,NA
Gallup/Österreich,2015-02-27,24,25,26,13,NA,NA,NA,NA,NA,NA,NA,4,NA,NA,8,NA,NA,NA,NA,NA
IMAS/Kronen Zeitung,2015-02-22,26,27,25,14,NA,NA,NA,NA,NA,NA,NA,3,NA,NA,5,NA,NA,NA,NA,NA
Unique Research/profil,2015-02-21,26,26,26,12,NA,NA,NA,NA,NA,NA,NA,3,NA,NA,8,NA,NA,NA,NA,NA
meinungsraum.at/NEWS,2015-02-13,25,26,26,13,NA,NA,NA,NA,NA,NA,NA,3,NA,NA,7,NA,NA,NA,NA,NA
meinungsraum.at/NEWS,2015-02-12,24,25,27,12,NA,NA,NA,NA,NA,NA,NA,5,NA,NA,7,NA,NA,NA,NA,NA
Gallup/Österreich,2015-02-06,24,22,26,15,NA,NA,NA,NA,NA,NA,NA,5,NA,NA,8,NA,NA,NA,NA,NA
Gallup/Österreich,2015-01-31,25,25,26,13,NA,NA,NA,NA,NA,NA,NA,4,NA,NA,7,NA,NA,NA,NA,NA
Unique Research/profil,2015-01-24,26,26,28,12,NA,NA,NA,NA,NA,NA,NA,1,NA,NA,7,NA,NA,NA,NA,NA
Gallup/Österreich,2015-01-22,25,25,26,13,NA,NA,NA,NA,NA,NA,NA,4,NA,NA,7,NA,NA,NA,NA,NA
Gallup/Österreich,2015-01-09,26,24,27,13,NA,NA,NA,NA,NA,NA,NA,4,NA,NA,6,NA,NA,NA,NA,NA
Market/Der Standard,2015-01-01,23,23,26,15,NA,NA,NA,NA,NA,NA,NA,5,NA,NA,8,NA,NA,NA,NA,NA
OGM/Kurier,2015-01-01,26,25,26,14,NA,NA,NA,NA,NA,NA,NA,2,NA,NA,7,NA,NA,NA,NA,NA
AKonsult/Mein Bezirk,2014-12-29,26,24,26,14,NA,NA,NA,NA,NA,NA,NA,2,NA,NA,8,NA,NA,NA,NA,NA
IMAS/Kronen Zeitung,2014-12-20,26,26,25,14,NA,NA,NA,NA,NA,NA,NA,5,NA,NA,4,NA,NA,NA,NA,NA
Unique Research/profil,2014-12-20,28,25,25,12,NA,NA,NA,NA,NA,NA,NA,2,NA,NA,8,NA,NA,NA,NA,NA
Gallup/Österreich,2014-12-18,27,23,26,13,NA,NA,NA,NA,NA,NA,NA,4,NA,NA,7,NA,NA,NA,NA,NA
Gallup/Österreich,2014-12-05,26,24,25,14,NA,NA,NA,NA,NA,NA,NA,4,NA,NA,7,NA,NA,NA,NA,NA
Unique Research/heute,2014-12-05,28,25,25,12,NA,NA,NA,NA,NA,NA,NA,2,NA,NA,8,NA,NA,NA,NA,NA
Gallup/Österreich,2014-11-27,25,25,25,14,NA,NA,NA,NA,NA,NA,NA,4,NA,NA,7,NA,NA,NA,NA,NA
Hajek/ATV,2014-11-27,28,24,26,12,NA,NA,NA,NA,NA,NA,NA,3,NA,NA,7,NA,NA,NA,NA,NA
meinungsraum.at/NEWS,2014-11-27,24,23,27,15,NA,NA,NA,NA,NA,NA,NA,4,NA,NA,7,NA,NA,NA,NA,NA
OGM/Kurier,2014-11-23,23,22,25,16,NA,NA,NA,NA,NA,NA,NA,5,NA,NA,9,NA,NA,NA,NA,NA
OGM/Kurier,2014-11-22,27,25,25,14,NA,NA,NA,NA,NA,NA,NA,2,NA,NA,7,NA,NA,NA,NA,NA
Unique Research/profil,2014-11-15,27,27,26,12,NA,NA,NA,NA,NA,NA,NA,1,NA,NA,7,NA,NA,NA,NA,NA
Gallup/Österreich,2014-11-14,25,25,24,14,NA,NA,NA,NA,NA,NA,NA,5,NA,NA,7,NA,NA,NA,NA,NA
Gallup/Österreich,2014-10-31,25,25,26,14,NA,NA,NA,NA,NA,NA,NA,4,NA,NA,6,NA,NA,NA,NA,NA
Gallup/Österreich,2014-10-31,25,25,26,14,NA,NA,NA,NA,NA,NA,NA,4,NA,NA,6,NA,NA,NA,NA,NA
Gallup/Österreich,2014-10-23,24,25,25,14,NA,NA,NA,NA,NA,NA,NA,4,NA,NA,8,NA,NA,NA,NA,NA
meinungsraum.at/NEWS,2014-10-23,25,25,26,12,NA,NA,NA,NA,NA,NA,NA,3,NA,NA,9,NA,NA,NA,NA,NA
IMAS/Kronen Zeitung,2014-10-19,24,25,24,13,NA,NA,NA,NA,NA,NA,NA,6,NA,NA,8,NA,NA,NA,NA,NA
Unique Research/profil,2014-10-18,25,25,26,12,NA,NA,NA,NA,NA,NA,NA,3,NA,NA,9,NA,NA,NA,NA,NA
Gallup/Österreich,2014-10-10,24,25,26,14,NA,NA,NA,NA,NA,NA,NA,3,NA,NA,8,NA,NA,NA,NA,NA
Market/Der Standard,2014-10-10,21,22,26,16,NA,NA,NA,NA,NA,NA,NA,5,NA,NA,10,NA,NA,NA,NA,NA
Gallup/Österreich,2014-10-02,24,25,26,15,NA,NA,NA,NA,NA,NA,NA,2,NA,NA,8,NA,NA,NA,NA,NA
Hajek/ATV,2014-09-25,24,24,26,13,NA,NA,NA,NA,NA,NA,NA,4,NA,NA,9,NA,NA,NA,NA,NA
AKonsult/Mein Bezirk,2014-09-19,24,25,26,14,NA,NA,NA,NA,NA,NA,NA,2,NA,NA,9,NA,NA,NA,NA,NA
Gallup/Österreich,2014-09-18,23,25,26,15,NA,NA,NA,NA,NA,NA,NA,3,NA,NA,8,NA,NA,NA,NA,NA
Gallup/Österreich,2014-09-13,21,25,27,15,NA,NA,NA,NA,NA,NA,NA,3,NA,NA,9,NA,NA,NA,NA,NA
Unique Research/profil,2014-09-13,25,25,26,12,NA,NA,NA,NA,NA,NA,NA,3,NA,NA,9,NA,NA,NA,NA,NA
Unique Research/heute,2014-09-04,24,25,26,11,NA,NA,NA,NA,NA,NA,NA,4,NA,NA,10,NA,NA,NA,NA,NA
Gallup/Österreich,2014-09-04,20,25,28,15,NA,NA,NA,NA,NA,NA,NA,3,NA,NA,9,NA,NA,NA,NA,NA
Gallup/Österreich,2014-08-30,19,25,28,15,NA,NA,NA,NA,NA,NA,NA,3,NA,NA,10,NA,NA,NA,NA,NA
Market/Der Standard,2014-08-26,19,23,28,14,NA,NA,NA,NA,NA,NA,NA,6,NA,NA,10,NA,NA,NA,NA,NA
Gallup/Österreich,2014-08-22,19,25,27,14,NA,NA,NA,NA,NA,NA,NA,4,NA,NA,11,NA,NA,NA,NA,NA
IMAS/Kronen Zeitung,2014-08-09,22,26,24,14,NA,NA,NA,NA,NA,NA,NA,6,NA,NA,8,NA,NA,NA,NA,NA
Gallup/Österreich,2014-08-09,19,25,28,14,NA,NA,NA,NA,NA,NA,NA,4,NA,NA,10,NA,NA,NA,NA,NA
Unique Research/profil,2014-08-09,19,25,29,13,NA,NA,NA,NA,NA,NA,NA,4,NA,NA,10,NA,NA,NA,NA,NA
Gallup/Österreich,2014-08-02,19,24,28,14,NA,NA,NA,NA,NA,NA,NA,5,NA,NA,10,NA,NA,NA,NA,NA
Gallup/Österreich,2014-07-18,20,25,27,15,NA,NA,NA,NA,NA,NA,NA,3,NA,NA,10,NA,NA,NA,NA,NA
Market/Der Standard,2014-07-13,18,22,27,15,NA,NA,NA,NA,NA,NA,NA,7,NA,NA,11,NA,NA,NA,NA,NA
Unique Research/profil,2014-07-12,21,24,28,12,NA,NA,NA,NA,NA,NA,NA,4,NA,NA,11,NA,NA,NA,NA,NA
Gallup/Österreich,2014-07-05,20,26,27,14,NA,NA,NA,NA,NA,NA,NA,4,NA,NA,9,NA,NA,NA,NA,NA
meinungsraum.at/NEWS,2014-06-26,19,23,28,14,NA,NA,NA,NA,NA,NA,NA,6,NA,NA,10,NA,NA,NA,NA,NA
OGM/Kurier,2014-06-21,22,26,25,13,NA,NA,NA,NA,NA,NA,NA,4,NA,NA,10,NA,NA,NA,NA,NA
Gallup/Österreich,2014-06-18,21,25,27,14,NA,NA,NA,NA,NA,NA,NA,4,NA,NA,9,NA,NA,NA,NA,NA
Unique Research/profil,2014-06-14,21,25,28,13,NA,NA,NA,NA,NA,NA,NA,3,NA,NA,10,NA,NA,NA,NA,NA
IMAS/Kronen Zeitung,2014-06-13,23,27,24,13,NA,NA,NA,NA,NA,NA,NA,5,NA,NA,8,NA,NA,NA,NA,NA
Market,2014-06-10,19,22,27,15,NA,NA,NA,NA,NA,NA,NA,6,NA,NA,11,NA,NA,NA,NA,NA
Hajek/ATV,2014-06-08,20,25,27,11,NA,NA,NA,NA,NA,NA,NA,4,NA,NA,13,NA,NA,NA,NA,NA
Unique Research/Heute,2014-06-06,22,24,26,13,NA,NA,NA,NA,NA,NA,NA,4,NA,NA,11,NA,NA,NA,NA,NA
Gallup/Österreich,2014-05-28,21,25,26,14,NA,NA,NA,NA,NA,NA,NA,3,NA,NA,11,NA,NA,NA,NA,NA
Gallup/Österreich,2014-05-10,20,24,25,13,NA,NA,NA,NA,NA,NA,NA,5,NA,NA,13,NA,NA,NA,NA,NA
Gallup/Österreich,2014-05-01,20,24,24,13,NA,NA,NA,NA,NA,NA,NA,5,NA,NA,14,NA,NA,NA,NA,NA
Market/Der Standard,2014-04-21,19,22,27,12,NA,NA,NA,NA,NA,NA,NA,7,NA,NA,13,NA,NA,NA,NA,NA
IMAS/Kronen Zeitung,2014-04-16,22,26,23,13,NA,NA,NA,NA,NA,NA,NA,4,NA,NA,12,NA,NA,NA,NA,NA
Gallup/Östtereich,2014-04-12,20,24,23,14,NA,NA,NA,NA,NA,NA,NA,5,NA,NA,14,NA,NA,NA,NA,NA
OGM/Kurier,2014-04-06,21,26,24,12,NA,NA,NA,NA,NA,NA,NA,4,NA,NA,13,NA,NA,NA,NA,NA
Gallup/Östtereich,2014-03-30,19,24,24,14,NA,NA,NA,NA,NA,NA,NA,5,NA,NA,14,NA,NA,NA,NA,NA
Gallup/Östtereich,2014-03-23,20,22,24,14,NA,NA,NA,NA,NA,NA,NA,6,NA,NA,14,NA,NA,NA,NA,NA
meinungsraum.at/NEWS,2014-03-20,18,24,27,12,NA,NA,NA,NA,NA,NA,NA,5,NA,NA,14,NA,NA,NA,NA,NA
IMAS/Kronen Zeitung,2014-03-15,21,24,26,11,NA,NA,NA,NA,NA,NA,NA,8,NA,NA,10,NA,NA,NA,NA,NA
Hajek/ATV,2014-03-13,20,24,27,12,NA,NA,NA,NA,NA,NA,NA,4,NA,NA,13,NA,NA,NA,NA,NA
Market/Der Standard,2014-03-11,19,22,27,13,NA,NA,NA,NA,NA,NA,NA,6,NA,NA,13,NA,NA,NA,NA,NA
Gallup/Österreich,2014-03-07,20,23,24,14,NA,NA,NA,NA,NA,NA,NA,6,NA,NA,13,NA,NA,NA,NA,NA
Gallup/Österreich,2014-02-14,19,22,24,14,NA,NA,NA,NA,NA,NA,NA,7,NA,NA,14,NA,NA,NA,NA,NA
Gallup/Österreich,2014-01-30,19,23,25,14,NA,NA,NA,NA,NA,NA,NA,4,NA,NA,15,NA,NA,NA,NA,NA
Market/Der Standard,2014-01-19,20,23,26,12,NA,NA,NA,NA,NA,NA,NA,8,NA,NA,11,NA,NA,NA,NA,NA
IMAS/Kronen Zeitung,2014-01-18,23,25,25,13,NA,NA,NA,NA,NA,NA,NA,7,NA,NA,7,NA,NA,NA,NA,NA
Gallup/Österreich,2014-01-17,20,24,25,14,NA,NA,NA,NA,NA,NA,NA,5,NA,NA,12,NA,NA,NA,NA,NA
meinungsraum.at/NEWS,2014-01-15,19,26,26,12,NA,NA,NA,NA,NA,NA,NA,5,NA,NA,12,NA,NA,NA,NA,NA
Gallup/Österreich,2014-01-12,21,24,24,14,NA,NA,NA,NA,NA,NA,NA,5,NA,NA,12,NA,NA,NA,NA,NA
Market/Der Standard,2013-12-22,20,24,26,12,NA,NA,NA,NA,NA,NA,NA,7,NA,NA,11,NA,NA,NA,NA,NA
Gallup/Österreich,2013-12-21,20,24,24,15,NA,NA,NA,NA,NA,NA,NA,6,NA,NA,11,NA,NA,NA,NA,NA
Gallup/Österreich,2013-12-14,21,24,24,15,NA,NA,NA,NA,NA,NA,NA,6,NA,NA,10,NA,NA,NA,NA,NA
Hajek/ATV,2013-12-12,20,23,26,14,NA,NA,NA,NA,NA,NA,NA,6,NA,NA,11,NA,NA,NA,NA,NA
Market/Der Standard,2013-12-06,21,23,25,13,NA,NA,NA,NA,NA,NA,NA,8,NA,NA,10,NA,NA,NA,NA,NA
Market/Der Standard,2013-12-06,21,23,25,13,NA,NA,NA,NA,NA,NA,NA,8,NA,NA,10,NA,NA,NA,NA,NA
Gallup/Österreich,2013-11-29,22,25,23,15,NA,NA,NA,NA,NA,NA,NA,5,NA,NA,10,NA,NA,NA,NA,NA
Market/trend,2013-11-24,22,23,25,13,NA,NA,NA,NA,NA,NA,NA,8,NA,NA,9,NA,NA,NA,NA,NA
Karmasin/profil,2013-11-23,23,26,23,14,NA,NA,NA,NA,NA,NA,NA,5,NA,NA,9,NA,NA,NA,NA,NA
Gallup/Österreich,2013-11-16,23,26,23,14,NA,NA,NA,NA,NA,NA,NA,5,NA,NA,9,NA,NA,NA,NA,NA
Karmasin/Heute,2013-11-08,23,27,22,12,NA,NA,NA,NA,NA,NA,NA,7,NA,NA,9,NA,NA,NA,NA,NA
Market/Der Standard,2013-10-27,23,25,24,12,NA,NA,NA,NA,NA,NA,NA,8,NA,NA,8,NA,NA,NA,NA,NA
Karmasin/profil,2013-10-26,23,26,23,12,NA,NA,NA,NA,NA,NA,NA,8,NA,NA,8,NA,NA,NA,NA,NA
Gallup/Österreich,2013-10-25,24,27,22,13,NA,NA,NA,NA,NA,NA,NA,6,NA,NA,8,NA,NA,NA,NA,NA
Market/Der Standard,2013-10-20,23,25,25,12,NA,NA,NA,NA,NA,NA,NA,8,NA,NA,7,NA,NA,NA,NA,NA
Gallup/Österreich,2013-10-17,23,28,22,13,NA,NA,NA,NA,NA,NA,NA,6,NA,NA,8,NA,NA,NA,NA,NA
Gallup/Österreich,2013-10-03,23,28,21,13,NA,NA,NA,NA,NA,NA,NA,8,NA,NA,7,NA,NA,NA,NA,NA
Research Affairs/Österreich,2017-10-09,33,23,27,5,NA,NA,NA,NA,NA,NA,NA,2,NA,NA,6,NA,5,NA,NA,NA
OGM/Kurier,2017-10-05,33,27,25,4,NA,NA,NA,NA,NA,NA,NA,2,NA,NA,5,NA,4,NA,NA,NA
Research Affairs/Österreich,2017-10-04,34,22,27,5,NA,NA,NA,NA,NA,NA,NA,2,NA,NA,6,NA,4,NA,NA,NA
Market/Standard,2017-10-03,33,23,25,5,NA,NA,NA,NA,NA,NA,NA,3,NA,NA,5,NA,6,NA,NA,NA
Unique Research/Heute & ATV,2017-09-28,34,27,25,4,NA,NA,NA,NA,NA,NA,NA,1,NA,NA,4,NA,4,1,NA,NA
Research Affairs/Österreich,2017-09-27,33,24,26,5,NA,NA,NA,NA,NA,NA,NA,2,NA,NA,6,NA,4,NA,NA,NA
Spectra/OÖN,2017-09-26,33,22,27,6,NA,NA,NA,NA,NA,NA,NA,3,NA,NA,4,NA,5,NA,NA,NA
Matzka/NEWS,2017-09-22,32,26,25,4,NA,NA,NA,NA,NA,NA,NA,3,NA,NA,5,NA,5,NA,NA,NA
Unique Research/profil,2017-09-22,33,24,24,5,NA,NA,NA,NA,NA,NA,NA,2,NA,NA,5,NA,5,2,NA,NA
OGM/Kurier,2017-09-21,33,26,25,5,NA,NA,NA,NA,NA,NA,NA,2,NA,NA,5,NA,4,NA,NA,NA
Research Affairs/Österreich,2017-09-21,33,24,25,6,NA,NA,NA,NA,NA,NA,NA,2,NA,NA,6,NA,4,NA,NA,NA
Research Affairs/Österreich,2017-09-14,33,24,25,5,NA,NA,NA,NA,NA,NA,NA,2,NA,NA,5,NA,5,1,NA,NA
IMAS/Kronen Zeitung,2017-09-11,34,23,24,8,NA,NA,NA,NA,NA,NA,NA,3,NA,NA,4,NA,4,NA,NA,NA
OGM/Kurier,2017-09-09,33,25,25,5,NA,NA,NA,NA,NA,NA,NA,2,NA,NA,5,NA,5,NA,NA,NA
Market/Standard,2017-09-06,33,26,24,4,NA,NA,NA,NA,NA,NA,NA,3,NA,NA,5,NA,5,NA,NA,NA
Research Affairs/Österreich,2017-09-06,33,24,24,6,NA,NA,NA,NA,NA,NA,NA,2,NA,NA,5,NA,5,1,NA,NA
Research Affairs/Österreich,2017-08-31,33,23,24,7,NA,NA,NA,NA,NA,NA,NA,2,NA,NA,5,NA,5,1,NA,NA
Unique Research/Heute,2017-08-30,33,24,23,6,NA,NA,NA,NA,NA,NA,NA,2,NA,NA,5,NA,5,2,NA,NA
Unique Research/profil,2017-08-25,33,25,23,4,NA,NA,NA,NA,NA,NA,NA,3,NA,NA,6,NA,6,NA,NA,NA
Research Affairs/Österreich,2017-08-23,33,22,23,7,NA,NA,NA,NA,NA,NA,NA,2,NA,NA,5,NA,6,2,NA,NA
Hajek/ATV,2017-08-16,32,27,24,5,NA,NA,NA,NA,NA,NA,NA,2,NA,NA,6,NA,4,NA,NA,NA
Research Affairs/Österreich,2017-08-15,34,22,24,7,NA,NA,NA,NA,NA,NA,NA,1,NA,NA,5,NA,5,2,NA,NA
GfK/Kurier,2017-08-08,32,25,22,6,NA,NA,NA,NA,NA,NA,NA,4,NA,NA,5,NA,6,NA,NA,NA
Akonsult/Bezirksblätter,2017-08-04,32,25,25,6,NA,NA,NA,NA,NA,NA,NA,0,NA,NA,5,NA,7,NA,NA,NA
Market/Der Standard,2017-08-03,33,25,24,7,NA,NA,NA,NA,NA,NA,NA,2,NA,NA,5,NA,4,NA,NA,NA
Research Affairs/Österreich,2017-08-02,34,23,23,7,NA,NA,NA,NA,NA,NA,NA,2,NA,NA,5,NA,4,2,NA,NA
Unique Research/profil,2017-07-27,33,26,22,7,NA,NA,NA,NA,NA,NA,NA,1,NA,NA,6,NA,5,NA,NA,NA
OGM/Kurier,2017-07-21,32,26,26,7,NA,NA,NA,NA,NA,NA,NA,2,NA,NA,5,NA,2,NA,NA,NA
Research Affairs/Österreich,2017-07-20,33,24,24,8,NA,NA,NA,NA,NA,NA,NA,5,NA,NA,6,NA,NA,NA,NA,NA
Research Affairs/Österreich,2017-07-20,33,24,23,6,NA,NA,NA,NA,NA,NA,NA,3,NA,NA,5,NA,4,2,NA,NA
Research Affairs/Österreich,2017-07-18,32,25,26,5,NA,NA,NA,NA,NA,NA,NA,0,NA,NA,6,NA,6,NA,NA,NA
IMAS,2017-07-14,35,25,24,11,NA,NA,NA,NA,NA,NA,NA,2,NA,NA,3,NA,NA,NA,NA,NA
GfK/Kurier,2017-07-12,32,25,22,7.5,NA,NA,NA,NA,NA,NA,NA,2,NA,NA,5,NA,6.5,NA,NA,NA
Matzka/NEWS,2017-07-12,32,26,27,6,NA,NA,NA,NA,NA,NA,NA,4,NA,NA,5,NA,NA,NA,NA,NA
Research Affairs/Österreich,2017-07-06,34,24,25,8,NA,NA,NA,NA,NA,NA,NA,4,NA,NA,5,NA,NA,NA,NA,NA
Research Affairs/Österreich,2017-07-06,34,23,25,6,NA,NA,NA,NA,NA,NA,NA,3,NA,NA,4,NA,5,NA,NA,NA
IFES (for SPÖ),2017-07-04,34,31,22,8,NA,NA,NA,NA,NA,NA,NA,2,NA,NA,4,NA,NA,NA,NA,NA
Research Affairs/Österreich,2017-06-29,33,23,25,9,NA,NA,NA,NA,NA,NA,NA,4,NA,NA,6,NA,NA,NA,NA,NA
Spectra/OÖN,2017-06-29,30,23,27,9,NA,NA,NA,NA,NA,NA,NA,6,NA,NA,5,NA,NA,NA,NA,NA
Unique Research/profil,2017-06-23,32,28,25,8,NA,NA,NA,NA,NA,NA,NA,2,NA,NA,5,NA,NA,NA,NA,NA
Market/Der Standard,2017-06-21,33,26,24,9,NA,NA,NA,NA,NA,NA,NA,4,NA,NA,4,NA,NA,NA,NA,NA
Research Affairs/Österreich,2017-06-15,33,22,26,10,NA,NA,NA,NA,NA,NA,NA,4,NA,NA,5,NA,NA,NA,NA,NA
Hajek/ATV,2017-06-08,34,26,24,9,NA,NA,NA,NA,NA,NA,NA,2,NA,NA,5,NA,NA,NA,NA,NA
Research Affairs/Österreich,2017-06-02,34,21,26,10,NA,NA,NA,NA,NA,NA,NA,3,NA,NA,6,NA,NA,NA,NA,NA
meinungsraum.at (for NEOS),2017-05-31,31,28,24,9,NA,NA,NA,NA,NA,NA,NA,2,NA,NA,6,NA,NA,NA,NA,NA
Market/Der Standard,2017-05-23,32,27,25,9,NA,NA,NA,NA,NA,NA,NA,2,NA,NA,5,NA,NA,NA,NA,NA
Unique Research/profil,2017-05-19,33,27,26,8,NA,NA,NA,NA,NA,NA,NA,1,NA,NA,5,NA,NA,NA,NA,NA
OGM/Kurier,2017-05-18,31,28,26,9,NA,NA,NA,NA,NA,NA,NA,2,NA,NA,4,NA,NA,NA,NA,NA
Unique Research/Heute,2017-05-18,33,26,26,8,NA,NA,NA,NA,NA,NA,NA,2,NA,NA,5,NA,NA,NA,NA,NA
Research Affairs/Österreich,2017-05-18,35,20,26,9,NA,NA,NA,NA,NA,NA,NA,3,NA,NA,7,NA,NA,NA,NA,NA
meinungsraum.at/ORF,2017-05-17,26,22,21,5,NA,NA,NA,NA,NA,NA,NA,2,NA,NA,5,NA,NA,NA,NA,NA
IFES (for SPÖ),2017-05-14,28,28,26,12,NA,NA,NA,NA,NA,NA,NA,1,NA,NA,5,NA,NA,NA,NA,NA
Research Affairs/Österreich,2017-05-12,35,21,25,9,NA,NA,NA,NA,NA,NA,NA,3,NA,NA,7,NA,NA,NA,NA,NA
Market/Der Standard,2017-05-08,21,28,29,11,NA,NA,NA,NA,NA,NA,NA,4,NA,NA,7,NA,NA,NA,NA,NA
Research Affairs/Österreich,2017-04-28,22,29,32,8,NA,NA,NA,NA,NA,NA,NA,3,NA,NA,6,NA,NA,NA,NA,NA
Unique Research/profil,2017-04-27,23,28,32,9,NA,NA,NA,NA,NA,NA,NA,2,NA,NA,6,NA,NA,NA,NA,NA
Spectra/OÖN,2017-04-22,21,28,30,12,NA,NA,NA,NA,NA,NA,NA,5,NA,NA,4,NA,NA,NA,NA,NA
Research Affairs/Österreich,2017-04-13,21,30,32,9,NA,NA,NA,NA,NA,NA,NA,3,NA,NA,5,NA,NA,NA,NA,NA
Research Affairs/Österreich,2017-04-01,20,28,33,11,NA,NA,NA,NA,NA,NA,NA,3,NA,NA,5,NA,NA,NA,NA,NA
Market/Der Standard,2017-03-19,20,29,30,12,NA,NA,NA,NA,NA,NA,NA,3,NA,NA,6,NA,NA,NA,NA,NA
Unique Research/profil,2017-03-18,22,29,31,12,NA,NA,NA,NA,NA,NA,NA,1,NA,NA,5,NA,NA,NA,NA,NA
Research Affairs/Österreich,2017-03-17,19,29,33,12,NA,NA,NA,NA,NA,NA,NA,1,NA,NA,6,NA,NA,NA,NA,NA
Research Affairs/Österreich,2017-03-03,19,29,33,11,NA,NA,NA,NA,NA,NA,NA,2,NA,NA,6,NA,NA,NA,NA,NA
Unique Research/profil,2017-02-18,20,29,31,11,NA,NA,NA,NA,NA,NA,NA,3,NA,NA,6,NA,NA,NA,NA,NA
Research Affairs/Österreich,2017-02-16,19,28,34,11,NA,NA,NA,NA,NA,NA,NA,2,NA,NA,6,NA,NA,NA,NA,NA
Research Affairs/Österreich,2017-02-04,20,29,33,10,NA,NA,NA,NA,NA,NA,NA,2,NA,NA,6,NA,NA,NA,NA,NA
Research Affairs/Österreich,2017-01-07,18,27,34,12,NA,NA,NA,NA,NA,NA,NA,2,NA,NA,7,NA,NA,NA,NA,NA
OGM,2019-09-23,34,22,20,12,NA,NA,NA,NA,NA,NA,NA,2,NA,NA,8,NA,NA,NA,1006,2
Research Affairs,2019-09-22,34,23,21,11,NA,NA,NA,NA,NA,NA,NA,1,NA,NA,8,NA,NA,NA,1000,2
Peter Hajek,2019-09-20,34,22,20,13,NA,NA,NA,NA,NA,NA,NA,1,NA,NA,8,NA,NA,NA,3021,2
Market,2019-09-18,35,23,20,11,NA,NA,NA,NA,NA,NA,NA,1,NA,NA,8,NA,NA,NA,806,2
Research Affairs,2019-09-18,34,23,20,12,NA,NA,NA,NA,NA,NA,NA,1,NA,NA,8,NA,NA,NA,1000,2
Karmasin,2019-09-17,34,22,20,13,NA,NA,NA,NA,NA,NA,NA,1,NA,NA,9,NA,NA,NA,3000,1
OGM,2019-09-13,35,22,20,11,NA,NA,NA,NA,NA,NA,NA,2,NA,NA,8,NA,NA,NA,2167,2
Unique Research,2019-09-13,33,22,20,13,NA,NA,NA,NA,NA,NA,NA,2,NA,NA,8,NA,NA,NA,2402,2
Research Affairs,2019-09-11,35,22,19,11,NA,NA,NA,NA,NA,NA,NA,3,NA,NA,9,NA,NA,NA,511,1
Karmasin,2019-09-10,35,22,19,12,NA,NA,NA,NA,NA,NA,NA,1,NA,NA,9,NA,NA,NA,3000,2
Market (Weekend),2019-09-08,34,22,21,10,NA,NA,NA,NA,NA,NA,NA,1,NA,NA,10,NA,NA,NA,803,2
Market,2019-09-04,34,22,21,11,NA,NA,NA,NA,NA,NA,NA,1,NA,NA,9,NA,NA,NA,800,2
Research Affairs,2019-09-04,36,22,20,11,NA,NA,NA,NA,NA,NA,NA,2,NA,NA,8,NA,NA,NA,504,1
Karmasin,2019-09-03,35,21,20,12,NA,NA,NA,NA,NA,NA,NA,2,NA,NA,9,NA,NA,NA,3000,1
Research Affairs,2019-08-28,36,22,20,11,NA,NA,NA,NA,NA,NA,NA,2,NA,NA,8,NA,NA,NA,504,1
Unique Research,2019-08-22,36,20,20,12,NA,NA,NA,NA,NA,NA,NA,2,NA,NA,9,NA,NA,NA,800,1
Research Affairs,2019-08-21,35,21,19,11,NA,NA,NA,NA,NA,NA,NA,4,NA,NA,8,NA,NA,NA,505,2
Research Affairs,2019-08-14,35,21,19,11,NA,NA,NA,NA,NA,NA,NA,3,NA,NA,9,NA,NA,NA,506,2
OGM,2019-08-12,35,23,20,11,NA,NA,NA,NA,NA,NA,NA,1.5,NA,NA,8,NA,NA,NA,812,1.5
Kowarcz Marktforschung,2019-08-09,31,20,22,13,NA,NA,NA,NA,NA,NA,NA,3,NA,NA,9,NA,NA,NA,1600,2
Research Affairs,2019-08-07,36,22,20,10,NA,NA,NA,NA,NA,NA,NA,2,NA,NA,8,NA,NA,NA,505,2
Market,2019-08-05,35,22,20,10,NA,NA,NA,NA,NA,NA,NA,2,NA,NA,10,NA,NA,NA,800,1
Research Affairs,2019-07-31,36,22,20,11,NA,NA,NA,NA,NA,NA,NA,2,NA,NA,8,NA,NA,NA,502,1
Research Affairs,2019-07-24,36,22,20,12,NA,NA,NA,NA,NA,NA,NA,2,NA,NA,7,NA,NA,NA,504,1
Research Affairs,2019-07-17,37,22,19,12,NA,NA,NA,NA,NA,NA,NA,2,NA,NA,7,NA,NA,NA,1002,1
Unique Research,2019-07-12,37,20,21,11,NA,NA,NA,NA,NA,NA,NA,1,NA,NA,9,NA,NA,NA,800,1
Research Affairs,2019-07-10,37,22,18,12,NA,NA,NA,NA,NA,NA,NA,2,NA,NA,8,NA,NA,NA,501,1
IFES (for SPÖ),2019-07-10,37,23,19,11,NA,NA,NA,NA,NA,NA,NA,1,NA,NA,8,NA,NA,NA,1200,1
Market,2019-07-09,36,21,20,11,NA,NA,NA,NA,NA,NA,NA,1,NA,NA,10,NA,NA,NA,807,1
Research Affairs,2019-07-04,37,22,18,11,NA,NA,NA,NA,NA,NA,NA,2,NA,NA,8,NA,NA,NA,1002,2
Peter Hajek,2019-06-28,38,20,20,11,NA,NA,NA,NA,NA,NA,NA,1,NA,NA,9,NA,NA,NA,800,1
Research Affairs,2019-06-20,38,23,17,10,NA,NA,NA,NA,NA,NA,NA,2,NA,NA,8,NA,NA,NA,1003,2
SORA,2019-06-10,38,21,18,12,NA,NA,NA,NA,NA,NA,NA,2,NA,NA,8,NA,NA,NA,1089,1
Market,2019-06-06,38,22,19,10,NA,NA,NA,NA,NA,NA,NA,1,NA,NA,9,NA,NA,NA,809,1
Unique Research,2019-06-05,37,20,21,10,NA,NA,NA,NA,NA,NA,NA,1,NA,NA,10,NA,NA,NA,800,1
Research Affairs,2019-06-04,38,23,17,9,NA,NA,NA,NA,NA,NA,NA,3,NA,NA,9,NA,NA,NA,1000,1
Research Affairs,2019-05-31,38,23,17,8,NA,NA,NA,NA,NA,NA,NA,3,NA,NA,10,NA,NA,NA,500,1
Unique Research,2019-05-31,38,21,19,10,NA,NA,NA,NA,NA,NA,NA,1,NA,NA,10,NA,NA,NA,954,1
OGM,2019-05-29,36,22,21,10,NA,NA,NA,NA,NA,NA,NA,1.5,NA,NA,8,NA,NA,NA,805,1.5
Research Affairs,2019-05-20,38,26,18,5,NA,NA,NA,NA,NA,NA,NA,2,NA,NA,9,NA,NA,NA,500,2
Research Affairs,2019-05-15,34,25,23,5,NA,NA,NA,NA,NA,NA,NA,3,NA,NA,8,NA,NA,NA,1000,2
GfK/Demox Research,2019-05-02,34,27,22,6,NA,NA,NA,NA,NA,NA,NA,1,NA,NA,8,NA,NA,NA,1500,2
Research Affairs,2019-05-01,34,25,22,5,NA,NA,NA,NA,NA,NA,NA,3,NA,NA,9,NA,NA,NA,1002,2
Research Affairs,2019-04-17,34,24,23,5,NA,NA,NA,NA,NA,NA,NA,3,NA,NA,9,NA,NA,NA,1007,2
Market,2019-04-15,34,28,22,5,NA,NA,NA,NA,NA,NA,NA,2,NA,NA,7,NA,NA,NA,803,2
Unique Research,2019-04-12,34,28,22,5,NA,NA,NA,NA,NA,NA,NA,2,NA,NA,7,NA,NA,NA,800,2
GfK/Demox Research,2019-04-11,33,27,24,6,NA,NA,NA,NA,NA,NA,NA,1,NA,NA,7,NA,NA,NA,1500,2
Research Affairs,2019-04-03,34,24,23,5,NA,NA,NA,NA,NA,NA,NA,3,NA,NA,8,NA,NA,NA,1001,3
Research Affairs,2019-03-20,34,24,25,5,NA,NA,NA,NA,NA,NA,NA,2,NA,NA,7,NA,NA,NA,1002,3
Unique Research,2019-03-15,34,25,24,5,NA,NA,NA,NA,NA,NA,NA,2,NA,NA,8,NA,NA,NA,800,2
Unique Research,2019-03-07,33,27,24,6,NA,NA,NA,NA,NA,NA,NA,1,NA,NA,7,NA,NA,NA,800,2
Research Affairs,2019-03-06,34,24,24,6,NA,NA,NA,NA,NA,NA,NA,2,NA,NA,7,NA,NA,NA,1001,3
Peter Hajek,2019-02-28,34,27,23,6,NA,NA,NA,NA,NA,NA,NA,1,NA,NA,8,NA,NA,NA,800,1
Research Affairs,2019-02-20,34,25,24,6,NA,NA,NA,NA,NA,NA,NA,2,NA,NA,7,NA,NA,NA,1005,2
Unique Research,2019-02-15,32,26,25,6,NA,NA,NA,NA,NA,NA,NA,2,NA,NA,8,NA,NA,NA,800,1
GfK/Demox Research,2019-02-08,34,27,22,5,NA,NA,NA,NA,NA,NA,NA,2,NA,NA,8.5,NA,NA,NA,1000,1.5
Research Affairs,2019-02-06,34,25,23,5,NA,NA,NA,NA,NA,NA,NA,3,NA,NA,7,NA,NA,NA,1002,3
Research Affairs,2019-01-23,34,26,23,6,NA,NA,NA,NA,NA,NA,NA,2,NA,NA,7,NA,NA,NA,1002,2
OGM,2019-01-17,35,27,24,5,NA,NA,NA,NA,NA,NA,NA,0,NA,NA,7,NA,NA,NA,803,2
Unique Research,2019-01-11,35,27,21,6,NA,NA,NA,NA,NA,NA,NA,1,NA,NA,8,NA,NA,NA,800,2
Research Affairs,2019-01-09,34,26,24,5,NA,NA,NA,NA,NA,NA,NA,2,NA,NA,7,NA,NA,NA,1002,2
Unique Research,2018-12-14,35,26,22,6,NA,NA,NA,NA,NA,NA,NA,1,NA,NA,8,NA,NA,NA,800,2
Market,2018-12-12,34,27,24,5,NA,NA,NA,NA,NA,NA,NA,1,NA,NA,7,NA,NA,NA,804,2
Research Affairs,2018-12-12,34,25,24,5,NA,NA,NA,NA,NA,NA,NA,2,NA,NA,8,NA,NA,NA,1001,2
Peter Hajek,2018-12-11,35,26,22,5,NA,NA,NA,NA,NA,NA,NA,0,NA,NA,9,NA,NA,NA,800,3
GfK/Demox Research,2018-12-09,34,26,23.5,5.5,NA,NA,NA,NA,NA,NA,NA,2,NA,NA,7.5,NA,NA,NA,2000,1.5
Unique Research,2018-12-06,33,26,22,6,NA,NA,NA,NA,NA,NA,NA,1,NA,NA,9,NA,NA,NA,800,3
Research Affairs,2018-11-28,34,25,24,6,NA,NA,NA,NA,NA,NA,NA,2,NA,NA,7,NA,NA,NA,1001,2
Unique Research,2018-11-16,35,24,24,5,NA,NA,NA,NA,NA,NA,NA,1,NA,NA,9,NA,NA,NA,800,2
Market,2018-11-15,33,26,25,5,NA,NA,NA,NA,NA,NA,NA,1,NA,NA,8,NA,NA,NA,803,2
Research Affairs,2018-11-14,34,25,24,5,NA,NA,NA,NA,NA,NA,NA,3,NA,NA,6,NA,NA,NA,1001,3
Peter Hajek,2018-10-31,33,25,25,6,NA,NA,NA,NA,NA,NA,NA,2,NA,NA,7,NA,NA,NA,1000,2
Research Affairs,2018-10-30,34,25,25,4,NA,NA,NA,NA,NA,NA,NA,3,NA,NA,7,NA,NA,NA,1004,2
Spectra,2018-10-29,33,25,26,4,NA,NA,NA,NA,NA,NA,NA,1,NA,NA,6,NA,NA,NA,708,5
Research Affairs,2018-10-17,34,26,24,4,NA,NA,NA,NA,NA,NA,NA,3,NA,NA,7,NA,NA,NA,1001,2
Unique Research,2018-10-12,34,26,25,5,NA,NA,NA,NA,NA,NA,NA,1,NA,NA,7,NA,NA,NA,800,2
OGM,2018-10-11,34,26,26,4,NA,NA,NA,NA,NA,NA,NA,2,NA,NA,6,NA,NA,NA,802,2
Research Affairs,2018-10-03,34,27,23,4,NA,NA,NA,NA,NA,NA,NA,3,NA,NA,7,NA,NA,NA,1003,2
Market,2018-09-27,33,28,23,5,NA,NA,NA,NA,NA,NA,NA,1,NA,NA,8,NA,NA,NA,804,2
Research Affairs,2018-09-20,34,24,24,4,NA,NA,NA,NA,NA,NA,NA,4,NA,NA,8,NA,NA,NA,506,2
Spectra,2018-09-17,32,25,27,4,NA,NA,NA,NA,NA,NA,NA,1,NA,NA,7,NA,NA,NA,793,4
Unique Research,2018-09-13,34,28,25,4,NA,NA,NA,NA,NA,NA,NA,1,NA,NA,7,NA,NA,NA,800,1
Unique Research,2018-09-06,33,29,23,5,NA,NA,NA,NA,NA,NA,NA,1,NA,NA,7,NA,NA,NA,800,2
Research Affairs,2018-09-05,33,27,23,3,NA,NA,NA,NA,NA,NA,NA,4,NA,NA,7,NA,NA,NA,1002,3
Peter Hajek,2018-08-29,34,28,23,4,NA,NA,NA,NA,NA,NA,NA,1,NA,NA,7,NA,NA,NA,700,3
Market,2018-08-23,33,28,23,6,NA,NA,NA,NA,NA,NA,NA,1,NA,NA,7,NA,NA,NA,800,2
Research Affairs,2018-08-22,33,26,23,3,NA,NA,NA,NA,NA,NA,NA,4,NA,NA,8,NA,NA,NA,1001,3
Spectra,2018-08-22,32,26,26,4,NA,NA,NA,NA,NA,NA,NA,1,NA,NA,6,NA,NA,NA,715,5
Unique Research,2018-08-10,34,29,23,4,NA,NA,NA,NA,NA,NA,NA,3,NA,NA,5,NA,NA,NA,800,2
Research Affairs,2018-08-08,33,27,24,3,NA,NA,NA,NA,NA,NA,NA,4,NA,NA,7,NA,NA,NA,1002,2
Research Affairs,2018-07-25,33,27,24,4,NA,NA,NA,NA,NA,NA,NA,4,NA,NA,6,NA,NA,NA,1001,2
Spectra,2018-07-23,33,26,24,5,NA,NA,NA,NA,NA,NA,NA,2,NA,NA,6,NA,NA,NA,717,4
Unique Research,2018-07-13,34,29,24,4,NA,NA,NA,NA,NA,NA,NA,2,NA,NA,5,NA,NA,NA,800,2
Research Affairs,2018-07-11,33,26,24,5,NA,NA,NA,NA,NA,NA,NA,3,NA,NA,7,NA,NA,NA,1008,2
Spectra,2018-06-29,34,26,28,3,NA,NA,NA,NA,NA,NA,NA,1,NA,NA,4,NA,NA,NA,709,4
OGM,2018-06-28,33,28,25,5,NA,NA,NA,NA,NA,NA,NA,1,NA,NA,6,NA,NA,NA,806,2
Research Affairs,2018-06-27,33,26,25,5,NA,NA,NA,NA,NA,NA,NA,3,NA,NA,6,NA,NA,NA,1004,2
Unique Research,2018-06-21,33,27,25,4,NA,NA,NA,NA,NA,NA,NA,1,NA,NA,7,NA,NA,NA,800,3
Market,2018-06-15,34,26,25,5,NA,NA,NA,NA,NA,NA,NA,1,NA,NA,7,NA,NA,NA,800,2
Research Affairs,2018-06-13,33,26,25,5,NA,NA,NA,NA,NA,NA,NA,4,NA,NA,5,NA,NA,NA,1004,2
Peter Hajek,2018-06-11,34,26,25,4,NA,NA,NA,NA,NA,NA,NA,2,NA,NA,8,NA,NA,NA,700,1
Unique Research,2018-06-06,33,27,25,4,NA,NA,NA,NA,NA,NA,NA,2,NA,NA,8,NA,NA,NA,800,1
Spectra,2018-06-05,33,27,28,3,NA,NA,NA,NA,NA,NA,NA,1,NA,NA,4,NA,NA,NA,732,4
Research Affairs,2018-05-30,32,26,24,5,NA,NA,NA,NA,NA,NA,NA,5,NA,NA,5,NA,NA,NA,1003,3
Unique Research,2018-05-25,32,25,25,6,NA,NA,NA,NA,NA,NA,NA,1,NA,NA,7,NA,NA,NA,800,4
Research Affairs,2018-05-16,32,27,23,5,NA,NA,NA,NA,NA,NA,NA,4,NA,NA,6,NA,NA,NA,1008,3
IMAS,2018-05-09,33,28,26,5,NA,NA,NA,NA,NA,NA,NA,2,NA,NA,5,NA,NA,NA,1007,2
Research Affairs,2018-05-02,32,28,24,4,NA,NA,NA,NA,NA,NA,NA,3,NA,NA,7,NA,NA,NA,1005,2
Spectra,2018-04-30,34,28,27,1,NA,NA,NA,NA,NA,NA,NA,1,NA,NA,5,NA,NA,NA,738,4
Peter Hajek,2018-04-25,33,26,26,4,NA,NA,NA,NA,NA,NA,NA,1,NA,NA,8,NA,NA,NA,700,2
Research Affairs,2018-04-18,32,27,24,5,NA,NA,NA,NA,NA,NA,NA,3,NA,NA,7,NA,NA,NA,1004,2
Unique Research,2018-04-13,33,27,24,6,NA,NA,NA,NA,NA,NA,NA,2,NA,NA,6,NA,NA,NA,500,2
Research Affairs,2018-04-04,32,28,23,4,NA,NA,NA,NA,NA,NA,NA,3,NA,NA,7,NA,NA,NA,1008,3
Market,2018-03-29,32,28,25,4,NA,NA,NA,NA,NA,NA,NA,1,NA,NA,8,NA,NA,NA,811,2
Spectra,2018-03-26,31,27,29,2,NA,NA,NA,NA,NA,NA,NA,1,NA,NA,4,NA,NA,NA,717,6
Unique Research,2018-03-22,32,30,23,4,NA,NA,NA,NA,NA,NA,NA,1,NA,NA,8,NA,NA,NA,800,2
OGM,2018-03-21,32,28,24,5,NA,NA,NA,NA,NA,NA,NA,1,NA,NA,7,NA,NA,NA,519,3
Research Affairs,2018-03-21,32,28,22,5,NA,NA,NA,NA,NA,NA,NA,4,NA,NA,6,NA,NA,NA,1008,3
IMAS,2018-03-18,32,28,25,3,NA,NA,NA,NA,NA,NA,NA,3,NA,NA,7,NA,NA,NA,2073,2
Unique Research,2018-03-15,31,28,25,6,NA,NA,NA,NA,NA,NA,NA,0,NA,NA,7,NA,NA,NA,500,3
Market,2018-03-08,33,29,24,3,NA,NA,NA,NA,NA,NA,NA,1,NA,NA,8,NA,NA,NA,807,2
Research Affairs,2018-03-07,32,27,24,4,NA,NA,NA,NA,NA,NA,NA,4,NA,NA,6,NA,NA,NA,1048,3
Research Affairs,2018-02-21,31,26,24,5,NA,NA,NA,NA,NA,NA,NA,4,NA,NA,7,NA,NA,NA,1010,3
Peter Hajek,2018-02-20,34,25,25,5,NA,NA,NA,NA,NA,NA,NA,2,NA,NA,7,NA,NA,NA,726,2
Spectra,2018-02-19,33,28,26,2,NA,NA,NA,NA,NA,NA,NA,0,NA,NA,5,NA,NA,NA,709,6
Unique Research,2018-02-16,33,26,26,5,NA,NA,NA,NA,NA,NA,NA,1,NA,NA,7,NA,NA,NA,500,2
Research Affairs,2018-02-08,31,26,25,5,NA,NA,NA,NA,NA,NA,NA,4,NA,NA,6,NA,NA,NA,1001,3
Research Affairs,2018-01-24,31,27,26,4,NA,NA,NA,NA,NA,NA,NA,3,NA,NA,6,NA,NA,NA,997,3
Unique Research,2018-01-19,34,27,25,4,NA,NA,NA,NA,NA,NA,NA,1,NA,NA,6,NA,NA,NA,500,3
Research Affairs,2018-01-10,31,27,27,4,NA,NA,NA,NA,NA,NA,NA,3,NA,NA,6,NA,NA,NA,1020,2
Peter Hajek,2017-12-21,31,28,26,5,NA,NA,NA,NA,NA,NA,NA,2,NA,NA,6,NA,NA,NA,700,2
Market,2017-12-20,33,27,26,4,NA,NA,NA,NA,NA,NA,NA,2,NA,NA,6,NA,NA,NA,800,2
Research Affairs,2017-12-20,32,26,28,3,NA,NA,NA,NA,NA,NA,NA,3,NA,NA,6,NA,NA,NA,600,2
Unique Research,2017-12-15,31,27,26,3,NA,NA,NA,NA,NA,NA,NA,2,NA,NA,8,NA,NA,NA,500,3
Market,2017-12-06,32,26,26,5,NA,NA,NA,NA,NA,NA,NA,2,NA,NA,6,NA,NA,NA,814,3
Research Affairs,2017-12-06,32,27,28,3,NA,NA,NA,NA,NA,NA,NA,3,NA,NA,5,NA,NA,NA,600,2
Research Affairs,2017-11-23,32,27,27,4,NA,NA,NA,NA,NA,NA,NA,4,NA,NA,4,NA,NA,NA,600,2
Unique Research,2017-11-17,32,28,24,6,NA,NA,NA,NA,NA,NA,NA,2,NA,NA,6,NA,NA,NA,500,2
Research Affairs,2017-11-09,33,27,27,5,NA,NA,NA,NA,NA,NA,NA,2,NA,NA,4,NA,NA,NA,600,2
Market,2017-11-09,31,28,26,4,NA,NA,NA,NA,NA,NA,NA,2,NA,NA,5,NA,NA,NA,1030,4
Research Affairs,2017-10-20,33,28,27,3,NA,NA,NA,NA,NA,NA,NA,1,NA,NA,4,NA,NA,NA,600,4
Christina Matzka,2017-10-17,29.9,26.9,25.9,4.8,NA,NA,NA,NA,NA,NA,NA,1.6,NA,NA,5.9,NA,NA,NA,500,5
