date,alp,lib,nat,green,oth,alp_tpp,l_np_tpp,institute,mode,sample_size,l_np,onp
2010-08-19,36.2,43.4,NA,13.9,6.5,50.2,49.8,Newspoll,NA,NA,NA,NA
2010-08-15,38,41,NA,14,7,52,48,Newspoll,NA,NA,NA,NA
2010-08-08,38,42,NA,13,7,52,48,Newspoll,NA,NA,NA,NA
2010-08-01,37,44,NA,12,7,50,50,Newspoll,NA,NA,NA,NA
2010-07-25,40,42,NA,12,6,52,48,Newspoll,NA,NA,NA,NA
2010-07-18,42,34,4,12,8,55,45,Newspoll,NA,NA,NA,NA
2010-06-27,42,37,3,10,8,53,47,Newspoll,NA,NA,NA,NA
2010-06-20,35,36,4,15,10,52,48,Newspoll,NA,NA,NA,NA
2010-05-30,35,38,3,16,8,51,49,Newspoll,NA,NA,NA,NA
2010-05-16,37,40,3,12,8,50,50,Newspoll,NA,NA,NA,NA
2010-05-02,35,38,5,10,12,49,51,Newspoll,NA,NA,NA,NA
2010-04-18,43,37,3,10,7,54,46,Newspoll,NA,NA,NA,NA
2010-03-28,43,35,3,12,7,56,44,Newspoll,NA,NA,NA,NA
2010-03-14,39,37,4,11,9,52,48,Newspoll,NA,NA,NA,NA
2010-02-28,40,37,4,9,10,52,48,Newspoll,NA,NA,NA,NA
2010-02-14,39,36,4,12,9,53,47,Newspoll,NA,NA,NA,NA
2010-01-31,40,37,4,12,7,52,48,Newspoll,NA,NA,NA,NA
2010-01-17,40,34,4,12,10,54,46,Newspoll,NA,NA,NA,NA
2009-12-06,43,34,4,11,8,56,44,Newspoll,NA,NA,NA,NA
2009-11-29,43,30,5,12,10,57,43,Newspoll,NA,NA,NA,NA
2009-11-15,43,33,4,11,9,56,44,Newspoll,NA,NA,NA,NA
2009-11-01,41,36,5,10,8,52,48,Newspoll,NA,NA,NA,NA
2009-10-18,48,30,4,10,8,59,41,Newspoll,NA,NA,NA,NA
2009-10-01,46,31,4,10,9,58,42,Newspoll,NA,NA,NA,NA
2009-09-20,43,33,5,11,8,55,45,Newspoll,NA,NA,NA,NA
2009-09-06,44,35,4,10,7,55,45,Newspoll,NA,NA,NA,NA
2009-08-23,44,34,4,9,9,55,45,Newspoll,NA,NA,NA,NA
2009-08-09,45,33,4,10,8,57,43,Newspoll,NA,NA,NA,NA
2009-07-26,46,34,4,9,7,57,43,Newspoll,NA,NA,NA,NA
2009-07-12,43,34,5,11,7,55,45,Newspoll,NA,NA,NA,NA
2009-06-28,44,32,5,10,9,56,44,Newspoll,NA,NA,NA,NA
2009-06-14,41,36,4,11,8,53,47,Newspoll,NA,NA,NA,NA
2009-05-31,43,35,3,10,9,55,45,Newspoll,NA,NA,NA,NA
2009-05-17,46,34,3,9,8,56,44,Newspoll,NA,NA,NA,NA
2009-05-03,42,35,3,11,9,55,45,Newspoll,NA,NA,NA,NA
2009-04-19,47,33,4,9,7,58,42,Newspoll,NA,NA,NA,NA
2009-04-05,47,32,4,9,8,58,42,Newspoll,NA,NA,NA,NA
2009-03-22,45,32,5,8,10,56,44,Newspoll,NA,NA,NA,NA
2009-03-09,44,32,4,10,10,56,44,Newspoll,NA,NA,NA,NA
2009-02-22,47,33,3,9,8,58,42,Newspoll,NA,NA,NA,NA
2009-02-08,48,32,4,8,8,58,42,Newspoll,NA,NA,NA,NA
2009-01-18,43,35,4,10,8,54,46,Newspoll,NA,NA,NA,NA
2008-12-07,48,32,3,10,7,59,41,Newspoll,NA,NA,NA,NA
2008-11-23,42,33,5,11,9,55,45,Newspoll,NA,NA,NA,NA
2008-11-09,44,35,3,9,9,55,45,Newspoll,NA,NA,NA,NA
2008-10-26,44,36,3,9,8,54,46,Newspoll,NA,NA,NA,NA
2008-10-12,41,34,4,13,8,55,45,Newspoll,NA,NA,NA,NA
2008-09-21,42,34,4,10,10,55,45,Newspoll,NA,NA,NA,NA
2008-09-07,44,34,3,11,8,56,44,Newspoll,NA,NA,NA,NA
2008-08-24,45,34,4,8,9,56,44,Newspoll,NA,NA,NA,NA
2008-08-10,47,33,5,9,6,57,43,Newspoll,NA,NA,NA,NA
2008-07-27,47,33,4,10,6,57,43,Newspoll,NA,NA,NA,NA
2008-07-13,43,33,5,11,8,55,45,Newspoll,NA,NA,NA,NA
2008-06-29,44,34,5,10,7,55,45,Newspoll,NA,NA,NA,NA
2008-06-15,46,29,4,12,9,59,41,Newspoll,NA,NA,NA,NA
2008-06-01,46,33,4,10,7,57,43,Newspoll,NA,NA,NA,NA
2008-05-18,47,34,3,9,7,57,43,Newspoll,NA,NA,NA,NA
2008-05-04,47,33,4,9,7,57,43,Newspoll,NA,NA,NA,NA
2008-04-20,51,30,4,9,6,61,39,Newspoll,NA,NA,NA,NA
2008-04-06,48,32,3,10,7,59,41,Newspoll,NA,NA,NA,NA
2008-03-16,47,31,4,11,7,59,41,Newspoll,NA,NA,NA,NA
2008-03-02,51,28,3,10,8,63,37,Newspoll,NA,NA,NA,NA
2008-02-17,46,33,3,10,8,57,43,Newspoll,NA,NA,NA,NA
2008-01-20,46,32,3,12,7,58,42,Newspoll,NA,NA,NA,NA
2007-11-22,44,39,4,7,6,52,48,Newspoll,NA,NA,NA,NA
2010-08-08,43,33.5,3.5,15.5,2,57.5,42.5,Roy Morgan,NA,NA,NA,NA
2010-08-01,44,39,2,10,4,53,47,Roy Morgan,NA,NA,NA,NA
2010-07-25,43.5,35,2,11.5,6.5,55.5,44.5,Roy Morgan,NA,NA,NA,NA
2010-07-18,44.5,35,4.5,10.5,4,56,44,Roy Morgan,NA,NA,NA,NA
2013-09-06,31.5,NA,NA,9.5,14,44.5,54.5,Morgan ,NA,NA,45,NA
2013-09-05,33.7,NA,NA,10.2,12.7,47,53,ReachTEL,NA,NA,43.5,NA
2013-09-05,33,NA,NA,11,10,46,54,Nielsen,NA,NA,46,NA
2013-09-05,33,NA,NA,9,12,46,54,Newspoll,NA,NA,46,NA
2013-09-04,32.7,NA,NA,10,13.7,47,53,ReachTEL,NA,NA,43.6,NA
2013-09-04,35,NA,NA,9,11,47,53,Galaxy,NA,NA,45,NA
2013-09-04,35,NA,NA,10,12,48,52,Essential,NA,NA,43,NA
2013-09-03,35.3,NA,NA,9.7,10.7,48,52,ReachTEL,NA,NA,44.2,NA
2013-09-01,34,NA,NA,11,12,48,52,Morgan ,NA,NA,43,NA
2013-09-01,33,NA,NA,10,11,46,54,Newspoll,NA,NA,46,NA
2013-09-01,35,NA,NA,11,10,48,52,Essential,NA,NA,44,NA
2013-08-29,35,NA,NA,10,9,47,53,Galaxy,NA,NA,46,NA
2013-08-29,30.5,NA,NA,12,13.5,46,54,Morgan ,NA,NA,44,NA
2013-08-26,35.7,NA,NA,10.1,7.7,47,53,ReachTEL,NA,NA,46.5,NA
2013-08-25,38,NA,NA,11,9,50,50,Essential,NA,NA,43,NA
2013-08-25,37,NA,NA,9,7,47,53,Newspoll,NA,NA,47,NA
2013-08-25,34.5,NA,NA,11,9.5,47.5,52.5,Morgan ,NA,NA,45,NA
2013-08-22,35,NA,NA,10,7,47,53,Nielsen,NA,NA,47,NA
2013-08-18,34,NA,NA,9,10,46,54,Newspoll,NA,NA,47,NA
2013-08-18,36.5,NA,NA,9.5,9.5,48,52,Morgan ,NA,NA,44.5,NA
2013-08-18,38,NA,NA,10,11,50,50,AMR,NA,NA,41,NA
2013-08-18,40,NA,NA,8,8,50,50,Essential,NA,NA,44,NA
2013-08-15,36,NA,NA,10,9,48,52,Galaxy,NA,NA,45,NA
2013-08-13,31,NA,NA,9,8,43,57,Morgan ,NA,NA,52,NA
2013-08-12,39,NA,NA,8,10,49,51,Essential,NA,NA,43,NA
2013-08-11,35,NA,NA,11,8,48,52,Newspoll,NA,NA,46,NA
2013-08-11,36.5,NA,NA,10.5,9,48.5,51.5,Morgan ,NA,NA,44,NA
2013-08-10,36.9,NA,NA,8.9,7.4,47,53,ReachTEL,NA,NA,46.9,NA
2013-08-09,38,NA,NA,10,7,49,51,Galaxy,NA,NA,45,NA
2013-08-08,37,NA,NA,10,8,48,52,Nielsen,NA,NA,46,NA
2013-08-04,37.5,NA,NA,8.2,8.6,48,52,ReachTEL,NA,NA,45.7,NA
2013-08-04,38,NA,NA,9.5,9.5,49.5,50.5,Morgan ,NA,NA,43,NA
2013-08-04,37,NA,NA,9,10,48,52,Newspoll,NA,NA,44,NA
2013-08-04,38,NA,NA,9,10,49,51,Essential,NA,NA,43,NA
2013-07-28,38.5,NA,NA,10.5,9.5,50.5,49.5,Morgan ,NA,NA,41.5,NA
2013-07-28,39,NA,NA,9,8,49,51,Essential,NA,NA,44,NA
2013-07-25,40,NA,NA,9,7,50,50,Galaxy,NA,NA,44,NA
2013-07-22,39,NA,NA,7,9,49,51,Essential,NA,NA,45,NA
2013-07-21,41.5,NA,NA,9,8.5,52,48,Morgan ,NA,NA,41,NA
2013-07-21,37,NA,NA,10,8,48,52,Newspoll,NA,NA,45,NA
2013-07-18,39.3,NA,NA,8.3,7,49,51,ReachTEL,NA,NA,45.4,NA
2013-07-14,42,NA,NA,7,10,51.5,48.5,Morgan ,NA,NA,41,NA
2013-07-14,39,NA,NA,7,8,48,52,Essential,NA,NA,46,NA
2013-07-13,39,NA,NA,9,8,50,50,Nielsen,NA,NA,44,NA
2013-07-08,42,NA,NA,7,8,51,49,AMR,NA,NA,43,NA
2013-07-07,38,NA,NA,9,11,50,50,Newspoll,NA,NA,42,NA
2013-07-07,41.5,NA,NA,8.5,10.5,52.5,47.5,Morgan ,NA,NA,39.5,NA
2013-07-07,38,NA,NA,8,7,48,52,Essential,NA,NA,46,NA
2013-06-30,35,NA,NA,11,11,49,51,Newspoll,NA,NA,43,NA
2013-06-30,39.5,NA,NA,8.5,11.5,51,49,Morgan ,NA,NA,40.5,NA
2013-06-30,36,NA,NA,9,9,47,53,Essential,NA,NA,46,NA
2013-06-28,38,NA,NA,10,8,49,51,Galaxy,NA,NA,44,NA
2013-06-27,38.3,NA,NA,8.7,7.8,48,52,ReachTEL,NA,NA,45.1,NA
2013-06-23,29,NA,NA,9,14,43,57,Newspoll,NA,NA,48,NA
2013-06-23,30.5,NA,NA,9,13.5,43.5,56.5,Morgan ,NA,NA,47,NA
2013-06-23,34,NA,NA,8,11,45,55,Essential,NA,NA,47,NA
2013-06-16,33,NA,NA,9,13.5,45.5,54.5,Morgan ,NA,NA,44.5,NA
2013-06-16,35,NA,NA,8,9,46,54,Essential,NA,NA,47,NA
2013-06-15,29,NA,NA,11,12,43,57,Nielsen,NA,NA,47,NA
2013-06-13,32,NA,NA,11,10,45,55,Galaxy,NA,NA,47,NA
2013-06-10,31,NA,NA,9.5,13.5,44,56,Morgan ,NA,NA,46,NA
2013-06-10,36,NA,NA,8,9,46,54,Essential,NA,NA,47,NA
2013-06-02,30,NA,NA,9,12,42,58,Newspoll,NA,NA,49,NA
2013-06-02,31.5,NA,NA,9.5,13.5,44.5,55.5,Morgan ,NA,NA,45.5,NA
2013-06-02,35,NA,NA,8,9,45,55,Essential,NA,NA,48,NA
2013-05-26,33.5,NA,NA,9.5,11.5,45.5,54.5,Morgan ,NA,NA,45.5,NA
2013-05-26,34,NA,NA,8,10,45,55,Essential,NA,NA,48,NA
2013-05-19,31,NA,NA,9,14,44,56,Newspoll,NA,NA,46,NA
2013-05-19,32,NA,NA,10,12.5,45,55,Morgan ,NA,NA,45.5,NA
2013-05-19,35,NA,NA,8,9,45,55,Essential,NA,NA,48,NA
2013-05-18,32,NA,NA,11,13,46,54,Nielsen,NA,NA,44,NA
2013-05-16,34,NA,NA,10,10,46,54,Galaxy,NA,NA,46,NA
2013-05-12,32,NA,NA,9.5,12,44,56,Morgan ,NA,NA,46.5,NA
2013-05-12,34,NA,NA,9,10,45,55,Essential,NA,NA,48,NA
2013-05-05,31,NA,NA,10,12,44,56,Newspoll,NA,NA,47,NA
2013-05-05,32,NA,NA,8.5,13.5,44,56,Morgan ,NA,NA,46,NA
2013-05-05,33,NA,NA,9,10,44,56,Essential,NA,NA,48,NA
2013-05-02,29.3,NA,NA,10.2,11.9,42,58,ReachTEL,NA,NA,48.5,NA
2013-04-28,30.5,NA,NA,11,10.5,43.5,56.5,Morgan ,NA,NA,48,NA
2013-04-28,34,NA,NA,9,9,45,55,Essential,NA,NA,48,NA
2013-04-22,32.5,NA,NA,10.5,13,46,54,Morgan ,NA,NA,44,NA
2013-04-22,34,NA,NA,9,9,45,55,Essential,NA,NA,48,NA
2013-04-21,32,NA,NA,10,12,45,55,Newspoll,NA,NA,46,NA
2013-04-14,32,NA,NA,10.5,10,44,56,Morgan ,NA,NA,47.5,NA
2013-04-14,34,NA,NA,9,9,45,55,Essential,NA,NA,48,NA
2013-04-13,29,NA,NA,12,11,43,57,Nielsen,NA,NA,49,NA
2013-04-11,33,NA,NA,12,8,46,54,Galaxy,NA,NA,47,NA
2013-05-02,31.3,NA,NA,10.2,8.8,43,57,ReachTEL,NA,NA,49.8,NA
2013-04-07,32,NA,NA,11,9,45,55,Newspoll,NA,NA,48,NA
2013-04-07,31,NA,NA,10,12.5,44,56,Morgan ,NA,NA,46.5,NA
2013-04-07,32,NA,NA,9,9,44,56,Essential,NA,NA,49,NA
2013-04-01,30,NA,NA,11,10,42.5,57.5,Morgan ,NA,NA,49,NA
2013-04-01,31,NA,NA,11,9,44,56,Essential,NA,NA,49,NA
2013-03-24,30,NA,NA,10,10,42,58,Newspoll,NA,NA,50,NA
2013-03-24,33,NA,NA,11,9,46,54,Essential,NA,NA,47,NA
2013-03-23,32,NA,NA,12,9,45,55,Galaxy,NA,NA,47,NA
2013-03-24,30.5,NA,NA,10.5,12.5,44,56,Morgan ,NA,NA,46.5,NA
2013-03-25,33,NA,NA,9,9,44,56,AMR,NA,NA,49,NA
2013-03-17,35,NA,NA,9,8,46,54,Essential,NA,NA,47,NA
2013-03-17,33,NA,NA,11,10.5,46,54,Morgan ,NA,NA,46,NA
2013-03-16,31,NA,NA,10,12,44,56,Nielsen,NA,NA,47,NA
2013-03-10,34,NA,NA,9,9,45,55,Essential,NA,NA,48,NA
2013-03-10,31.5,NA,NA,11,10.5,44.5,55.5,Morgan ,NA,NA,47,NA
2013-03-10,34,NA,NA,11,11,48,52,Newspoll,NA,NA,44,NA
2013-03-07,32,NA,NA,11,9,45,55,Galaxy,NA,NA,48,NA
2013-03-03,32,NA,NA,10,8,44,56,Essential,NA,NA,49,NA
2013-03-03,33,NA,NA,10.5,11.5,46,54,Morgan ,NA,NA,45,NA
2013-02-24,32,NA,NA,10,8,44,56,Essential,NA,NA,49,NA
2013-02-24,33.5,NA,NA,10,12.5,46.5,53.5,Morgan ,NA,NA,44,NA
2013-02-24,31,NA,NA,11,11,45,55,Newspoll,NA,NA,47,NA
2013-02-17,35,NA,NA,10,8,46,54,Essential,NA,NA,47,NA
2013-02-16,30,NA,NA,11,12,44,56,Nielsen,NA,NA,47,NA
2013-02-10,34,NA,NA,9,9,45,55,Essential,NA,NA,48,NA
2013-02-10,33.5,NA,NA,9,12.5,45.5,54.5,Morgan ,NA,NA,45,NA
2013-02-04,34,NA,NA,10,8,46,54,Essential,NA,NA,48,NA
2013-02-03,38.5,NA,NA,8.5,10.5,48.5,51.5,Morgan ,NA,NA,42.5,NA
2013-02-03,32,NA,NA,9,11,44,56,Newspoll,NA,NA,48,NA
2013-02-03,35,NA,NA,10,7,46,54,Galaxy,NA,NA,48,NA
2013-01-28,35,NA,NA,10,7,46,54,Essential,NA,NA,48,NA
2013-01-27,36,NA,NA,12,13,49.5,50.5,Morgan ,NA,NA,39,NA
2013-01-20,36,NA,NA,9,8,46,54,Essential,NA,NA,48,NA
2013-01-13,36,NA,NA,8,8,46,54,Essential,NA,NA,48,NA
2013-01-13,38,NA,NA,9,9,49,51,Newspoll,NA,NA,44,NA
2013-01-13,36.5,NA,NA,10.5,11.5,49,51,Morgan ,NA,NA,41.5,NA
2012-12-16,36,NA,NA,8,8,45,55,Essential,NA,NA,48,NA
2012-12-16,40,NA,NA,12,10.5,53.5,46.5,Morgan ,NA,NA,37.5,NA
2012-12-15,35,NA,NA,10,12,48,52,Nielsen,NA,NA,43,NA
2012-12-09,36,NA,NA,8,8,46,54,Essential,NA,NA,48,NA
2012-12-09,32,NA,NA,11,11,46,54,Newspoll,NA,NA,46,NA
2012-12-02,37,NA,NA,9,7,47,53,Essential,NA,NA,47,NA
2012-12-02,36,NA,NA,10.5,13,49.5,50.5,Morgan ,NA,NA,40.5,NA
2012-11-30,34,NA,NA,11,7,46,54,Galaxy,NA,NA,48,NA
2012-11-29,36.5,NA,NA,8.5,10.5,47.5,52.5,Morgan ,NA,NA,44.5,NA
2012-11-25,36,NA,NA,11,10,49,51,Newspoll,NA,NA,43,NA
2012-11-25,36,NA,NA,10,8,47,53,Essential,NA,NA,47,NA
2012-11-18,36,NA,NA,10,9,47,53,Essential,NA,NA,46,NA
2012-11-18,36.5,NA,NA,11.5,13.5,49,51,Morgan ,NA,NA,38.5,NA
2012-11-17,34,NA,NA,12,10,47,53,Nielsen,NA,NA,45,NA
2012-11-11,36,NA,NA,10,11,49,51,Newspoll,NA,NA,43,NA
2012-11-11,37,NA,NA,9,8,48,52,Essential,NA,NA,45,NA
2012-11-06,37,NA,NA,9,8,47,53,Essential,NA,NA,46,NA
2012-11-04,35,NA,NA,11,7,47,53,Galaxy,NA,NA,47,NA
2012-11-04,35.5,NA,NA,10,11.5,48,52,Morgan ,NA,NA,43,NA
2012-10-28,36,NA,NA,10,13,50,50,Newspoll,NA,NA,41,NA
2012-10-28,36,NA,NA,9,7,46,54,Essential,NA,NA,48,NA
2012-10-21,37.5,NA,NA,12.5,11.5,42.5,57.5,Morgan ,NA,NA,38.5,NA
2012-10-21,36,NA,NA,9,7,47,53,Essential,NA,NA,47,NA
2012-10-20,34,NA,NA,11,12,48,52,Nielsen,NA,NA,43,NA
2012-10-14,36,NA,NA,9,8,47,53,Essential,NA,NA,47,NA
2012-10-07,33,NA,NA,10,12,46,54,Newspoll,NA,NA,45,NA
2012-10-07,37,NA,NA,9,7,47,53,Essential,NA,NA,47,NA
2012-10-07,37,NA,NA,10.5,9.5,49,51,Morgan ,NA,NA,43,NA
2012-09-30,36,NA,NA,9,7,47,53,Essential,NA,NA,47,NA
2012-09-23,37.5,NA,NA,10,11,50,50,Morgan ,NA,NA,41.5,NA
2012-09-23,35,NA,NA,9,9,45,55,Essential,NA,NA,48,NA
2012-09-20,39.5,NA,NA,8,5.5,47.5,52.5,Morgan ,NA,NA,47,NA
2012-09-16,36,NA,NA,12,11,50,50,Newspoll,NA,NA,41,NA
2012-09-16,34,NA,NA,9,9,45,55,Essential,NA,NA,48,NA
2012-09-16,35,NA,NA,12,12.5,49.5,50.5,Morgan ,NA,NA,40.5,NA
2012-09-15,34,NA,NA,10,11,47,53,Nielsen,NA,NA,45,NA
2012-09-02,34,NA,NA,9,9,45,55,Essential,NA,NA,48,NA
2012-09-02,33,NA,NA,8,13,45,55,Newspoll,NA,NA,46,NA
2012-09-02,34.5,NA,NA,11.5,12.5,48.5,51.5,Morgan ,NA,NA,41.5,NA
2012-08-26,32,NA,NA,10,9,44,56,Essential,NA,NA,49,NA
2012-08-25,32,NA,NA,11,13,46,54,Nielsen,NA,NA,45,NA
2012-08-19,32,NA,NA,10,9,43,57,Essential,NA,NA,49,NA
2012-08-19,35,NA,NA,11,9,47,53,Newspoll,NA,NA,45,NA
2012-08-19,34.5,NA,NA,10,11.5,47,53,Morgan ,NA,NA,44,NA
2012-08-12,32,NA,NA,10,8,44,56,Essential,NA,NA,49,NA
2012-08-05,33,NA,NA,10,12,46,54,Newspoll,NA,NA,45,NA
2012-08-05,33,NA,NA,10,8,44,56,Essential,NA,NA,49,NA
2012-08-05,32,NA,NA,11.5,13,46.5,53.5,Morgan ,NA,NA,43.5,NA
2012-07-29,33,NA,NA,10,8,45,55,Essential,NA,NA,49,NA
2012-07-28,30,NA,NA,12,11,44,56,Nielsen,NA,NA,47,NA
2012-07-22,28,NA,NA,11,15,44,56,Newspoll,NA,NA,46,NA
2012-07-22,33,NA,NA,10,9,44,56,Essential,NA,NA,49,NA
2012-07-22,31.5,NA,NA,12,13.5,46,54,Morgan ,NA,NA,43,NA
2012-07-15,31,NA,NA,10,9,43,57,Essential,NA,NA,49,NA
2012-07-08,31,NA,NA,11,10,44,56,Newspoll,NA,NA,48,NA
2012-07-08,31,NA,NA,11,9,44,56,Essential,NA,NA,49,NA
2012-07-08,29.5,NA,NA,14.5,13,46,54,Morgan ,NA,NA,43,NA
2012-07-01,32,NA,NA,10,9,44,56,Essential,NA,NA,49,NA
2012-06-24,30,NA,NA,12,12,45,55,Newspoll,NA,NA,46,NA
2012-06-24,33,NA,NA,10,8,44,56,Essential,NA,NA,49,NA
2012-06-24,29.5,NA,NA,14.5,13,46,54,Morgan ,NA,NA,43,NA
2012-06-17,33,NA,NA,10,8,44,56,Essential,NA,NA,49,NA
2012-06-17,31,NA,NA,12,8,44,56,Galaxy,NA,NA,49,NA
2012-06-11,32,NA,NA,10,9,44,56,Essential,NA,NA,49,NA
2012-06-10,33,NA,NA,12.5,12,48,52,Morgan ,NA,NA,42.5,NA
2012-06-10,31,NA,NA,14,11,46,54,Newspoll,NA,NA,44,NA
2012-06-03,32.5,NA,NA,10.5,12,44.5,55.5,Morgan ,NA,NA,45,NA
2012-06-02,26,NA,NA,14,12,43,57,Nielsen,NA,NA,48,NA
2012-06-03,33,NA,NA,10,7,44,56,Essential,NA,NA,50,NA
2012-05-27,27.5,NA,NA,13,10.5,42,58,Morgan ,NA,NA,49,NA
2012-05-27,33,NA,NA,10,7,43,57,Essential,NA,NA,50,NA
2012-05-27,32,NA,NA,12,10,46,54,Newspoll,NA,NA,46,NA
2012-05-20,33,NA,NA,10,8,44,56,Essential,NA,NA,49,NA
2012-05-20,32,NA,NA,10.5,12,45,55,Morgan ,NA,NA,45.5,NA
2012-05-13,30.5,NA,NA,12,11.5,44.5,55.5,Morgan ,NA,NA,46,NA
2012-05-13,30,NA,NA,12,13,45,55,Newspoll,NA,NA,45,NA
2012-05-13,30,NA,NA,11,9,43,57,Essential,NA,NA,50,NA
2012-05-10,28,NA,NA,12,12,42,58,Nielsen,NA,NA,49,NA
2012-05-10,29,NA,NA,10,10.5,42,58,Morgan ,NA,NA,50.5,NA
2012-05-06,29.5,NA,NA,12,13,44.5,55.5,Morgan ,NA,NA,45.5,NA
2012-05-06,29,NA,NA,11,9,42,58,Essential,NA,NA,50,NA
2012-04-29,27,NA,NA,11,11,41,59,Newspoll,NA,NA,51,NA
2012-04-29,30,NA,NA,13,8,44,56,Galaxy,NA,NA,49,NA
2012-04-29,31,NA,NA,11,9,43,57,Essential,NA,NA,50,NA
2012-04-22,30,NA,NA,12,10.5,44,56,Morgan ,NA,NA,47.5,NA
2012-04-22,31,NA,NA,11,9,44,56,Essential,NA,NA,49,NA
2012-04-19,30,NA,NA,11.5,11.5,44,56,Morgan ,NA,NA,47.5,NA
2012-04-15,29,NA,NA,12,11,44,56,Newspoll,NA,NA,48,NA
2012-04-15,31,NA,NA,11,9,44,56,Essential,NA,NA,48,NA
2012-04-15,31,NA,NA,12.5,10,45,55,Morgan ,NA,NA,46.5,NA
2012-04-09,31,NA,NA,11,9,43,57,Essential,NA,NA,50,NA
2012-04-01,32,NA,NA,13,10.5,46.5,53.5,Morgan ,NA,NA,45.5,NA
2012-04-01,33,NA,NA,11,8,45,55,Essential,NA,NA,48,NA
2012-03-31,27,NA,NA,13,12,43,57,Nielsen,NA,NA,47,NA
2012-03-25,34,NA,NA,10,9,46,54,Essential,NA,NA,47,NA
2012-03-25,36.5,NA,NA,12.5,6,48.5,51.5,Morgan ,NA,NA,45,NA
2012-03-25,28,NA,NA,11,14,43,57,Newspoll,NA,NA,47,NA
2012-03-18,32,NA,NA,11,9,46,54,Essential,NA,NA,48,NA
2012-03-18,37,NA,NA,10.5,7,48,52,Morgan ,NA,NA,45.5,NA
2012-03-11,31,NA,NA,12,14,47,53,Newspoll,NA,NA,43,NA
2012-03-11,31,NA,NA,10,9,43,57,Essential,NA,NA,49,NA
2012-03-04,39,NA,NA,10,7.5,50,50,Morgan ,NA,NA,43.5,NA
2012-03-04,32,NA,NA,10,9,44,56,Essential,NA,NA,49,NA
2012-02-26,37.5,NA,NA,11,9,50,50,Morgan ,NA,NA,42.5,NA
2012-02-26,35,NA,NA,11,9,47,53,Newspoll,NA,NA,45,NA
2012-02-26,32,NA,NA,11,8,44,56,Essential,NA,NA,49,NA
2012-02-24,34,NA,NA,12,7,46,54,Galaxy,NA,NA,47,NA
2012-02-23,34,NA,NA,12,11,47,53,Nielsen,NA,NA,44,NA
2012-02-19,33,NA,NA,11,9,45,55,Essential,NA,NA,48,NA
2012-02-19,37,NA,NA,14.5,7,51.5,48.5,Morgan ,NA,NA,41.5,NA
2012-02-12,32,NA,NA,11,11,45,55,Newspoll,NA,NA,46,NA
2012-02-10,34,NA,NA,10,9,46,54,Essential,NA,NA,47,NA
2012-02-08,37,NA,NA,14.5,7,44.5,55.5,Morgan ,NA,NA,41.5,NA
2012-02-05,38.5,NA,NA,9.5,6.5,48.5,51.5,Morgan ,NA,NA,45.5,NA
2012-02-05,33,NA,NA,11,9,46,54,Essential,NA,NA,47,NA
2012-02-04,33,NA,NA,13,9,47,53,Nielsen,NA,NA,45,NA
2012-01-29,39.5,NA,NA,9.5,6.5,51,49,Morgan ,NA,NA,41.5,NA
2012-01-29,30,NA,NA,12,13,46,54,Newspoll,NA,NA,45,NA
2012-01-29,34,NA,NA,10,8,46,54,Essential,NA,NA,47,NA
2012-01-28,34,NA,NA,12,6,46,54,Galaxy,NA,NA,48,NA
2012-01-22,35,NA,NA,10,7,46,54,Essential,NA,NA,48,NA
2012-01-22,38.5,NA,NA,12,7,51,49,Morgan ,NA,NA,42.5,NA
2012-01-18,35.5,NA,NA,9,9,46.5,53.5,Morgan ,NA,NA,46.5,NA
2012-01-15,35,NA,NA,9,8,46,54,Essential,NA,NA,48,NA
2012-01-08,37,NA,NA,10.5,7.5,48.5,51.5,Morgan ,NA,NA,45,NA
2011-12-18,35,NA,NA,9,8,46,54,Essential,NA,NA,47,NA
2011-12-18,36.5,NA,NA,13,7.5,50,50,Morgan ,NA,NA,43,NA
2011-12-11,34,NA,NA,10,9,45,55,Essential,NA,NA,48,NA
2011-12-10,29,NA,NA,11,11,43,57,Nielsen,NA,NA,49,NA
2011-12-04,31,NA,NA,13,12,46,54,Newspoll,NA,NA,44,NA
2011-12-04,34,NA,NA,10,9,46,54,Essential,NA,NA,47,NA
2011-12-04,36.5,NA,NA,13,7.5,47,53,Morgan ,NA,NA,43,NA
2011-11-27,34,NA,NA,11,8,46,54,Essential,NA,NA,47,NA
2011-11-20,36.5,NA,NA,12,6,48.5,51.5,Morgan ,NA,NA,45.5,NA
2011-11-20,30,NA,NA,10,12,43,57,Newspoll,NA,NA,48,NA
2011-11-20,34,NA,NA,10,7,45,55,Essential,NA,NA,48,NA
2011-11-13,35,NA,NA,10,8,46,54,Essential,NA,NA,47,NA
2011-11-13,34.5,NA,NA,11.5,7,46.5,53.5,Morgan ,NA,NA,47,NA
2011-11-12,30,NA,NA,14,12,45,55,Nielsen,NA,NA,45,NA
2011-11-06,32,NA,NA,12,12,47,53,Newspoll,NA,NA,44,NA
2011-11-06,35,NA,NA,9,9,46,54,Essential,NA,NA,46,NA
2011-11-03,34,NA,NA,12.5,8.5,47.5,52.5,Morgan ,NA,NA,45,NA
2011-10-30,34,NA,NA,10,9,45,55,Essential,NA,NA,47,NA
2011-10-30,34,NA,NA,13.5,6,47,53,Morgan ,NA,NA,46.5,NA
2011-10-26,31,NA,NA,12.5,9.6,45,55,Morgan ,NA,NA,47,NA
2011-10-23,35,NA,NA,10.5,5,45.5,54.5,Morgan ,NA,NA,49.5,NA
2011-10-23,29,NA,NA,15,11,46,54,Newspoll,NA,NA,45,NA
2011-10-23,32,NA,NA,11,8,45,55,Essential,NA,NA,48,NA
2011-10-16,36.5,NA,NA,10,9.5,48.5,51.5,Morgan ,NA,NA,44,NA
2011-10-16,29,NA,NA,12,8,42,58,Galaxy,NA,NA,51,NA
2011-10-16,33,NA,NA,11,8,45,55,Essential,NA,NA,48,NA
2011-10-15,30,NA,NA,12,10,43,57,Nielsen,NA,NA,48,NA
2011-10-09,38.5,NA,NA,11,7,50,50,Morgan ,NA,NA,43.5,NA
2011-10-09,29,NA,NA,12,10,43,57,Newspoll,NA,NA,49,NA
2011-10-09,33,NA,NA,10,9,45,55,Essential,NA,NA,48,NA
2011-10-02,33,NA,NA,11,9,45,55,Essential,NA,NA,48,NA
2011-10-02,35.5,NA,NA,10,8,46.5,53.5,Morgan ,NA,NA,46.5,NA
2011-09-25,32,NA,NA,12,8,44,56,Essential,NA,NA,49,NA
2011-09-18,26,NA,NA,13,13,42,58,Newspoll,NA,NA,48,NA
2011-09-18,32,NA,NA,10,9,44,56,Essential,NA,NA,49,NA
2011-09-18,35.5,NA,NA,10,8,44.5,55.5,Morgan ,NA,NA,46.5,NA
2011-09-11,32,NA,NA,10,10,44,56,Essential,NA,NA,49,NA
2011-09-10,27,NA,NA,13,12,42,58,Nielsen,NA,NA,48,NA
2011-09-04,27,NA,NA,12,11,41,59,Newspoll,NA,NA,50,NA
2011-09-04,30,NA,NA,11,10,43,57,Essential,NA,NA,49,NA
2011-09-04,32.5,NA,NA,12.5,8.5,45.5,54.5,Morgan ,NA,NA,46.5,NA
2011-08-28,32,NA,NA,10,8,44,56,Essential,NA,NA,49,NA
2011-08-21,27,NA,NA,14,12,43,57,Newspoll,NA,NA,47,NA
2011-08-21,32,NA,NA,10,8,44,56,Essential,NA,NA,50,NA
2011-08-21,32.5,NA,NA,11,7,44.5,55.5,Morgan ,NA,NA,49.5,NA
2011-08-14,31,NA,NA,10,9,43,57,Essential,NA,NA,50,NA
2011-08-13,28,NA,NA,12,11,42,58,Nielsen,NA,NA,48,NA
2011-08-10,29.5,NA,NA,12,9.5,45.5,54.5,Morgan ,NA,NA,49,NA
2011-08-07,30,NA,NA,10,10,43,57,Newspoll,NA,NA,50,NA
2011-08-07,31,NA,NA,10,9,43,57,Essential,NA,NA,50,NA
2011-08-07,34.5,NA,NA,12,6,46.5,53.5,Morgan ,NA,NA,47.5,NA
2011-08-03,31,NA,NA,13,8,44,56,Galaxy,NA,NA,48,NA
2011-07-31,31,NA,NA,11,9,44,56,Essential,NA,NA,49,NA
2011-07-24,29,NA,NA,13,11,44,56,Newspoll,NA,NA,47,NA
2011-07-24,32,NA,NA,11,9,45,55,Essential,NA,NA,48,NA
2011-07-24,34.5,NA,NA,12,6.5,47,53,Morgan ,NA,NA,47,NA
2011-07-17,31,NA,NA,11,9,44,56,Essential,NA,NA,49,NA
2011-07-16,26,NA,NA,11,15,39,61,Nielsen,NA,NA,51,NA
2011-07-14,27.5,NA,NA,10.5,9.5,40,60,Morgan ,NA,NA,52.5,NA
2011-07-10,33.5,NA,NA,11.5,7,45.5,54.5,Morgan ,NA,NA,48,NA
2011-07-10,27,NA,NA,12,12,42,58,Newspoll,NA,NA,49,NA
2011-07-10,30,NA,NA,11,9,43,57,Essential,NA,NA,50,NA
2011-07-03,32,NA,NA,11,9,44,56,Essential,NA,NA,49,NA
2011-07-02,31.5,NA,NA,11.5,8,43.5,56.5,Morgan ,NA,NA,49,NA
2011-06-26,30,NA,NA,11,13,45,55,Newspoll,NA,NA,46,NA
2011-06-26,32,NA,NA,11,9,45,55,Essential,NA,NA,48,NA
2011-06-19,35,NA,NA,11.5,7,46.5,53.5,Morgan ,NA,NA,46.5,NA
2011-06-19,32,NA,NA,12,9,45,55,Essential,NA,NA,47,NA
2011-06-16,27,NA,NA,12,12,41,59,Nielsen,NA,NA,49,NA
2011-06-13,34,NA,NA,12,8,46,54,Essential,NA,NA,46,NA
2011-06-12,31,NA,NA,11,12,45,55,Newspoll,NA,NA,46,NA
2011-06-05,33.5,NA,NA,12,8,46,54,Morgan ,NA,NA,46.5,NA
2011-06-05,34,NA,NA,12,8,47,53,Essential,NA,NA,46,NA
2011-06-02,30,NA,NA,9.5,10.5,42,58,Morgan ,NA,NA,50,NA
2011-05-29,34,NA,NA,12,8,46,54,Essential,NA,NA,47,NA
2011-05-29,34,NA,NA,14,8,48,52,Newspoll,NA,NA,44,NA
2011-05-29,36,NA,NA,12,6.5,48.5,51.5,Morgan ,NA,NA,45.5,NA
2011-05-22,34,NA,NA,12,8,47,53,Essential,NA,NA,46,NA
2011-05-15,36,NA,NA,13,6.5,48.5,51.5,Morgan ,NA,NA,44.5,NA
2011-05-15,33,NA,NA,10,11,46,54,Newspoll,NA,NA,46,NA
2011-05-15,36,NA,NA,11,7,48,52,Essential,NA,NA,46,NA
2011-05-14,31,NA,NA,10,13,44,56,Nielsen,NA,NA,47,NA
2011-05-08,34,NA,NA,11,7,45.5,54.5,Morgan ,NA,NA,48,NA
2011-05-08,35,NA,NA,10,8,46,54,Essential,NA,NA,47,NA
2011-05-04,34,NA,NA,11,9,46.5,53.5,Morgan ,NA,NA,46,NA
2011-05-01,33,NA,NA,12,11,47,53,Newspoll,NA,NA,44,NA
2011-05-01,35,NA,NA,9,9,46,54,Essential,NA,NA,47,NA
2011-05-01,37,NA,NA,10.5,6.5,48,52,Morgan ,NA,NA,46,NA
2011-04-26,35,NA,NA,10,8,46,54,Essential,NA,NA,47,NA
2011-04-17,35,NA,NA,11,8,46,54,Essential,NA,NA,47,NA
2011-04-17,35,NA,NA,11.5,7.5,47,53,Morgan ,NA,NA,46,NA
2011-04-16,31,NA,NA,12,11,44,56,Nielsen,NA,NA,47,NA
2011-04-10,35,NA,NA,11,8,47,53,Essential,NA,NA,46,NA
2011-04-03,36.5,NA,NA,9.5,6,46.5,53.5,Morgan ,NA,NA,48,NA
2011-04-03,32,NA,NA,12,12,45,55,Newspoll,NA,NA,45,NA
2011-04-03,36,NA,NA,10,8,47,53,Essential,NA,NA,46,NA
2011-03-27,35.5,NA,NA,11.5,6,47,53,Morgan ,NA,NA,47,NA
2011-03-27,37,NA,NA,10,7,48,52,Essential,NA,NA,46,NA
2011-03-24,34.5,NA,NA,10,8.5,46,54,Morgan ,NA,NA,47,NA
2011-03-20,39.5,NA,NA,12.5,8,52.5,47.5,Morgan ,NA,NA,40,NA
2011-03-20,36,NA,NA,12,12,51,49,Newspoll,NA,NA,40,NA
2011-03-20,36,NA,NA,10,8,47,53,Essential,NA,NA,46,NA
2011-03-17,35.5,NA,NA,12,10,49,51,Morgan ,NA,NA,42.5,NA
2011-03-13,38,NA,NA,11.5,6,49.5,50.5,Morgan ,NA,NA,44.5,NA
2011-03-13,35,NA,NA,10,8,46,54,Essential,NA,NA,47,NA
2011-03-12,33,NA,NA,12,10,46,54,Nielsen,NA,NA,45,NA
2011-03-10,31.5,NA,NA,10,11,44,56,Morgan ,NA,NA,47.5,NA
2011-03-06,37,NA,NA,9.5,7,48,52,Morgan ,NA,NA,46.5,NA
2011-03-06,30,NA,NA,15,10,46,54,Newspoll,NA,NA,45,NA
2011-03-06,36,NA,NA,10,7,47,53,Essential,NA,NA,47,NA
2011-02-27,41,NA,NA,11.5,6.5,53.5,46.5,Morgan ,NA,NA,41,NA
2011-02-27,37,NA,NA,10,7,48,52,Essential,NA,NA,45,NA
2011-02-23,36,NA,NA,9.5,9,47,53,Morgan ,NA,NA,45.5,NA
2011-02-20,36,NA,NA,13,10,50,50,Newspoll,NA,NA,41,NA
2011-02-20,39,NA,NA,11,7,49,51,Essential,NA,NA,43,NA
2011-02-20,39.5,NA,NA,11.5,6,51,49,Morgan ,NA,NA,43,NA
2011-02-13,40,NA,NA,10,6,50,50,Essential,NA,NA,44,NA
2011-02-12,32,NA,NA,12,9,46,54,Nielsen,NA,NA,46,NA
2011-02-06,32,NA,NA,14,10,48,52,Newspoll,NA,NA,44,NA
2011-02-06,38,NA,NA,10,7,49,51,Essential,NA,NA,46,NA
2011-02-06,39,NA,NA,12.5,5.5,51.5,48.5,Morgan ,NA,NA,43,NA
2011-02-03,35,NA,NA,12,10.5,49,51,Morgan ,NA,NA,42.5,NA
2011-01-30,37,NA,NA,11,7,49,51,Essential,NA,NA,45,NA
2011-01-23,37,NA,NA,11,7,49,51,Essential,NA,NA,45,NA
2011-01-23,40.5,NA,NA,11.5,6.5,52.5,47.5,Morgan ,NA,NA,41.5,NA
2011-01-16,38,NA,NA,10,6,48,52,Essential,NA,NA,46,NA
2011-01-09,38.5,NA,NA,13,4.5,50.5,49.5,Morgan ,NA,NA,44,NA
2010-12-19,38,NA,NA,10,7,48,52,Essential,NA,NA,46,NA
2010-12-12,38,NA,NA,13.5,5.5,50,50,Morgan ,NA,NA,43,NA
2010-12-12,31,NA,NA,13.5,9.5,45.5,54.5,Morgan ,NA,NA,46,NA
2010-12-12,38,NA,NA,10,7,48,52,Essential,NA,NA,46,NA
2010-12-05,40.5,NA,NA,13.5,5.5,53,47,Morgan ,NA,NA,40.5,NA
2010-12-05,34,NA,NA,14,11,50,50,Newspoll,NA,NA,41,NA
2010-12-05,38,NA,NA,11,6,49,51,Essential,NA,NA,45,NA
2010-11-28,38,NA,NA,11,7,49,51,Essential,NA,NA,44,NA
2010-11-28,40.5,NA,NA,12,5.5,52.5,47.5,Morgan ,NA,NA,42,NA
2010-11-21,36,NA,NA,14,11,52,48,Newspoll,NA,NA,39,NA
2010-11-21,38,NA,NA,10,8,49,51,Essential,NA,NA,45,NA
2010-11-20,35,NA,NA,13,8,49,51,Nielsen,NA,NA,43,NA
2010-11-14,39,NA,NA,10,7,49,51,Essential,NA,NA,45,NA
2010-11-14,41,NA,NA,12,7,54,46,Morgan ,NA,NA,40,NA
2010-11-07,34,NA,NA,13,10,48,52,Newspoll,NA,NA,43,NA
2010-11-07,39,NA,NA,8,7,49,51,Essential,NA,NA,46,NA
2010-10-31,41,NA,NA,8,7,50,50,Essential,NA,NA,44,NA
2010-10-31,43,NA,NA,10.5,6,54,46,Morgan ,NA,NA,40.5,NA
2010-10-24,33,NA,NA,14,10,48,52,Newspoll,NA,NA,43,NA
2010-10-24,41,NA,NA,8,7,50,50,Essential,NA,NA,44,NA
2010-10-23,34,NA,NA,14,8,49,51,Nielsen,NA,NA,43,NA
2010-10-17,40,NA,NA,9,7,50,50,Essential,NA,NA,44,NA
2010-10-17,43,NA,NA,10.5,6,54,46,Morgan ,NA,NA,40.5,NA
2010-10-10,35,NA,NA,14,9,50,50,Newspoll,NA,NA,42,NA
2010-10-10,41,NA,NA,8,7,50,50,Essential,NA,NA,44,NA
2010-10-03,44,NA,NA,12,5.5,55.5,44.5,Morgan ,NA,NA,38.5,NA
2010-10-01,42,NA,NA,8,8,51,49,Essential,NA,NA,44,NA
2010-09-26,42,NA,NA,9,6,51,49,Essential,NA,NA,43,NA
2010-09-19,40.5,NA,NA,13,5.5,53.5,46.5,Morgan ,NA,NA,41,NA
2010-09-19,40,NA,NA,9,6,50,50,Essential,NA,NA,45,NA
2010-09-16,35.5,NA,NA,15,7,50.5,49.5,Morgan ,NA,NA,42.5,NA
2010-09-12,34,NA,NA,14,11,50,50,Newspoll,NA,NA,41,NA
2010-09-12,39,NA,NA,10,6,50,50,Essential,NA,NA,44,NA
2010-09-05,39,NA,NA,11,8,51,49,Essential,NA,NA,43,NA
2010-09-05,40.5,NA,NA,15,5,54.5,45.5,Morgan ,NA,NA,39.5,NA
2010-08-29,38,NA,NA,11,7,50,50,Essential,NA,NA,44,NA
2010-08-26,36,NA,NA,13,11,51,49,Morgan ,NA,NA,40,NA
2016-07-01,35,NA,NA,10,13,49.5,50.5,Newspoll,Landline,4135,42,NA
2016-06-30,34.6,NA,NA,10.7,12,49,51,ReachTEL,Telephone (random),2084,42.8,NA
2016-06-30,34.5,NA,NA,11.5,12,49.5,50.5,Essential,Online (members),1212,42.5,NA
2016-06-29,36,NA,NA,10,11,49,51,Galaxy,Landline,1768,43,NA
2016-06-29,33,NA,NA,13,14,50,50,Ipsos,Telephone (random),1377,40,NA
2016-06-26,37,NA,NA,10,14,51,49,Essential,Online (members),1773,39,NA
2016-06-26,36,NA,NA,9,12,49,51,Newspoll,Landline,1713,43,NA
2016-06-23,33.7,NA,NA,10.5,13.3,49,51,ReachTEL,Telephone (random),2349,42.3,NA
2016-06-22,35,NA,NA,11,12,50,50,Galaxy,Landline,NA,42,NA
2016-06-19,37,NA,NA,10,13,51,49,Essential,Online (members),1013,40,NA
2016-06-19,36,NA,NA,10,13,50,50,Newspoll,Landline,1805,41,NA
2016-06-16,33.6,NA,NA,9.1,13.7,49,51,ReachTEL,Telephone (random),2576,43.5,NA
2016-06-16,33,NA,NA,14,14,51,49,Ipsos,Telephone (random),1437,39,NA
2016-06-12,37,NA,NA,10,12,51,49,Essential,Online (members),1784,41,NA
2016-06-09,33.2,NA,NA,9.9,14.3,50,50,ReachTEL,Telephone (random),2175,42.7,NA
2016-06-05,36,NA,NA,10,13,50,50,Essential,Online (members),1772,41,NA
2016-06-05,35,NA,NA,10,15,50,50,Newspoll,Landline,1867,40,NA
2016-06-02,34.9,NA,NA,10.1,13.5,50,50,ReachTEL,Telephone (random),2414,41.5,NA
2016-06-02,36,NA,NA,13,9,51,49,Ipsos,Telephone (random),1359,42,NA
2016-05-29,35,NA,NA,9,15,49,51,Essential,Online (members),1767,41,NA
2016-05-29,32.5,NA,NA,13,17,51,49,Morgan,In person and SMS,3099,37.5,NA
2016-05-26,36.5,NA,NA,9.6,12.8,52,48,ReachTEL,Telephone (random),2700,41.1,NA
2016-05-22,37,NA,NA,9,13,51,49,Essential,Online (members),1794,41,NA
2016-05-22,36,NA,NA,11,12,51,49,Newspoll,Landline,NA,41,NA
2016-05-19,36.6,NA,NA,9.9,10.9,50,50,ReachTEL,Telephone (random),2407,42.6,NA
2016-05-19,34,NA,NA,14,9,49,51,Ipsos,Telephone (random),1497,43,NA
2016-05-15,33,NA,NA,15.5,15,52.5,47.5,Morgan,In person and SMS,2318,36.5,NA
2016-05-15,38,NA,NA,9,11,51,49,Essential,Online (members),1784,42,NA
2016-05-08,35,NA,NA,12,10,50,50,Lonergan,Landline and mobile,1841,42,NA
2016-05-08,38,NA,NA,10,10,51,49,Essential,Online (members),1754,42,NA
2016-05-08,37,NA,NA,11,11,51,49,Newspoll,Landline,NA,41,NA
2016-05-07,33,NA,NA,14,9,49,51,Ipsos,Telephone (random),1410,44,NA
2016-05-06,36,NA,NA,11,11,50,50,Galaxy,NA,1739,42,NA
2016-05-05,35.1,NA,NA,9.5,12.2,50,50,ReachTEL,Telephone (random),2450,43.2,NA
2016-05-01,38,NA,NA,10,12,52,48,Essential,Online (members),1753,40,NA
2016-05-01,32.5,NA,NA,13.5,14,51,49,Morgan,In person and SMS,2951,40,NA
2016-04-24,39,NA,NA,10,11,52,48,Essential,Online (members),1740,40,NA
2016-04-17,36,NA,NA,11,12,51,49,Newspoll,Landline,NA,41,NA
2016-04-17,36,NA,NA,11,11,50,50,Essential,Online (members),1753,42,NA
2016-04-17,32,NA,NA,14,13.5,50,50,Morgan,In person and SMS,3083,40.5,NA
2016-04-16,33,NA,NA,14,11,50,50,Ipsos,Telephone (random),1402,42,NA
2016-04-14,35.8,NA,NA,9.8,10.9,50,50,ReachTEL,Telephone (random),2415,43.5,NA
2016-04-10,35,NA,NA,11,12,50,50,Essential,Online (members),1792,42,NA
2016-04-03,36,NA,NA,11,12,51,49,Newspoll,Landline,NA,41,NA
2016-04-03,31,NA,NA,13,14,47.5,52.5,Morgan,In person and SMS,3174,42,NA
2016-03-21,34.4,NA,NA,10.5,8.6,48,52,ReachTEL,Telephone (random),3274,46.6,NA
2016-03-20,34,NA,NA,12,11,49,51,Newspoll,Landline,NA,43,NA
2016-03-20,38,NA,NA,10,9,50,50,Essential,Online (members),1790,43,NA
2016-03-20,33,NA,NA,14,13,50.5,49.5,Morgan,In person and SMS,2948,40,NA
2016-03-12,31,NA,NA,14,10,47,53,Ipsos,NA,NA,45,NA
2016-03-06,35,NA,NA,12,10,50,50,Newspoll,NA,NA,43,NA
2016-03-06,37,NA,NA,10,10,50,50,Essential,NA,NA,43,NA
2016-03-06,29.5,NA,NA,13,14.5,47,53,Morgan,NA,NA,43,NA
2016-02-28,38,NA,NA,10,9,50,50,Essential,NA,NA,43,NA
2016-02-21,35,NA,NA,12,10,50,50,Newspoll,NA,NA,43,NA
2016-02-21,35,NA,NA,10,11,48,52,Essential,NA,NA,44,NA
2016-02-21,29.5,NA,NA,15,12,47.5,52.5,Morgan,NA,NA,43.5,NA
2016-02-13,32,NA,NA,15,10,48,52,Ipsos,NA,NA,44,NA
2016-02-11,32.8,NA,NA,10.1,9,46,54,ReachTEL,NA,NA,48.1,NA
2016-02-07,35,NA,NA,10,10,48,52,Essential,NA,NA,44,NA
2016-02-07,29,NA,NA,16,11.5,47.5,52.5,Morgan,NA,NA,43.5,NA
2016-01-31,34,NA,NA,11,9,47,53,Newspoll,NA,NA,46,NA
2016-01-24,28,NA,NA,15,13.5,45,55,Morgan,NA,NA,43.5,NA
2016-01-21,31.8,NA,NA,10.8,9.1,45,55,ReachTEL,NA,NA,48.5,NA
2016-01-18,35,NA,NA,10,12,49,51,Essential,NA,NA,44,NA
2016-01-10,29,NA,NA,13,11,44,56,Morgan,NA,NA,47,NA
2015-12-15,35,NA,NA,10,10,48,52,Essential,NA,NA,45,NA
2015-12-13,27,NA,NA,14.5,10.5,42.5,57.5,Morgan,NA,NA,48,NA
2015-12-08,36,NA,NA,11,10,49,51,Essential,NA,NA,44,NA
2015-12-06,33,NA,NA,12,10,47,53,Newspoll,NA,NA,45,NA
2015-12-01,35,NA,NA,11,10,49,51,Essential,NA,NA,44,NA
2015-11-29,28.5,NA,NA,14,11,44,56,Morgan,NA,NA,46.5,NA
2015-11-26,31.1,NA,NA,11.2,8.9,45,55,ReachTEL,NA,NA,48.8,NA
2015-11-24,35,NA,NA,10,10,48,52,Essential,NA,NA,45,NA
2015-11-22,33,NA,NA,11,10,47,53,Newspoll,NA,NA,46,NA
2015-11-15,28,NA,NA,14.5,11.5,44,56,Morgan,NA,NA,46,NA
2015-11-14,29,NA,NA,13,10,43,57,Ipsos,NA,NA,48,NA
2015-11-10,35,NA,NA,10,11,48,52,Essential,NA,NA,45,NA
2015-11-08,34,NA,NA,10,10,47,53,Newspoll,NA,NA,46,NA
2015-11-03,34,NA,NA,11,10,47,53,Essential,NA,NA,45,NA
2015-11-01,28.5,NA,NA,14.5,10,43.5,56.5,Morgan,NA,NA,47,NA
2015-10-27,35,NA,NA,11,9,48,52,Essential,NA,NA,45,NA
2015-10-25,35,NA,NA,11,9,48,52,Newspoll,NA,NA,45,NA
2015-10-22,33,NA,NA,11.3,9.1,47,53,ReachTEL,NA,NA,46.7,NA
2015-10-20,36,NA,NA,11,9,49,51,Essential,NA,NA,44,NA
2015-10-18,27.5,NA,NA,15.5,10.5,44,56,Morgan,NA,NA,46.5,NA
2015-10-17,30,NA,NA,14,10,46,54,Ipsos,NA,NA,45,NA
2015-10-13,36,NA,NA,10,10,49,51,Essential,NA,NA,44,NA
2015-10-11,35,NA,NA,12,10,50,50,Newspoll,NA,NA,43,NA
2015-10-05,27.5,NA,NA,14,11.5,44,56,Morgan,NA,NA,47,NA
2015-10-04,35,NA,NA,10,10,48,52,Essential,NA,NA,44,NA
2015-09-28,35,NA,NA,11,11,48,52,Essential,NA,NA,44,NA
2015-09-21,37,NA,NA,11,9,50,50,Essential,NA,NA,43,NA
2015-09-20,29.5,NA,NA,13,11.5,45,55,Morgan,NA,NA,46,NA
2015-09-20,35,NA,NA,11,10,49,51,Newspoll,NA,NA,44,NA
2015-09-16,36,NA,NA,11,9,49,51,Galaxy,NA,NA,44,NA
2015-09-15,35.9,NA,NA,11.9,8.9,50,50,ReachTEL,NA,NA,43.3,NA
2015-09-13,36.5,NA,NA,16,12.5,57,43,Morgan,NA,NA,35,NA
2015-09-06,35.5,NA,NA,16.5,11.5,55,45,Morgan,NA,NA,36.5,NA
2015-09-06,39,NA,NA,12,10,54,46,Newspoll,NA,NA,39,NA
2015-08-30,38,NA,NA,11,12,52,48,Essential,NA,NA,40,NA
2015-08-27,37.5,NA,NA,13.4,8.9,53,47,ReachTEL,NA,NA,40.3,NA
2015-08-23,36,NA,NA,14,11.5,54.5,45.5,Morgan,NA,NA,38.5,NA
2015-08-23,39,NA,NA,13,10,54,46,Newspoll,NA,NA,38,NA
2015-08-15,36,NA,NA,16,11,56,44,Ipsos,NA,NA,38,NA
2015-08-14,38,NA,NA,10,11,52,48,Essential,NA,NA,41,NA
2015-08-09,37,NA,NA,15.5,11,57,43,Morgan,NA,NA,36.5,NA
2015-08-09,39,NA,NA,13,9,54,46,Newspoll,NA,NA,39,NA
2015-08-07,39,NA,NA,11,9,53,47,Essential,NA,NA,40,NA
2015-08-06,38.3,NA,NA,12.8,8.7,53,47,ReachTel,NA,NA,40.2,NA
2015-07-31,38,NA,NA,12,10,53,47,Essential,NA,NA,39,NA
2015-07-30,38,NA,NA,12.9,8.6,53,47,ReachTel,NA,NA,40.6,NA
2015-07-26,35.5,NA,NA,15,10.5,54,46,Morgan,NA,NA,39,NA
2015-07-19,39,NA,NA,12,9,53,47,Newspoll,NA,NA,40,NA
2015-07-17,38,NA,NA,11,11,52,48,Essential,NA,NA,41,NA
2015-07-12,34.5,NA,NA,13.5,10.5,51,49,Morgan,NA,NA,41.5,NA
2015-07-05,37,NA,NA,13,10,52,48,Newspoll,NA,NA,40,NA
2015-07-04,35,NA,NA,16,10,53,47,Ipsos,NA,NA,39,NA
2015-06-28,36,NA,NA,14,11,53.5,46.5,Morgan,NA,NA,39,NA
2015-06-16,34,NA,NA,14,12,51,49,Newspoll,NA,NA,40,NA
2015-06-16,39,NA,NA,10,9,52,48,Essential,NA,NA,42,NA
2015-06-14,37.5,NA,NA,13.5,11.5,54.5,45.5,Morgan,NA,NA,37.5,NA
2015-06-13,37,NA,NA,14,10,53,47,Ipsos,NA,NA,40,NA
2015-06-13,40,NA,NA,9,10,52,48,Essential,NA,NA,41,NA
2015-06-02,37,NA,NA,13,9,52,48,Newspoll,NA,NA,41,NA
2015-06-02,37,NA,NA,13,9,52,48,Essential,NA,NA,41,NA
2015-05-31,37,NA,NA,13,9,53,47,Morgan,NA,NA,41,NA
2015-05-26,39,NA,NA,10,9,52,48,Essential,NA,NA,41,NA
2015-05-18,35.5,NA,NA,12.5,10.5,51,49,Morgan,NA,NA,41.5,NA
2015-05-17,35,NA,NA,13,9,50,50,Ipsos,NA,NA,43,NA
2015-05-17,37,NA,NA,12,11,53,47,Newspoll,NA,NA,40,NA
2015-05-13,38.3,NA,NA,12.1,8.6,53,47,ReachTel,NA,NA,41.1,NA
2015-05-10,39,NA,NA,11,10,52,48,Essential,NA,NA,41,NA
2015-05-04,35,NA,NA,12,14,52,48,Newspoll,NA,NA,39,NA
2015-05-04,37.5,NA,NA,11.5,11,53.5,46.5,Morgan,NA,NA,40,NA
2015-04-28,39,NA,NA,10,11,53,47,Essential,NA,NA,40,NA
2015-04-21,39,NA,NA,11,10,52,48,Essential,NA,NA,41,NA
2015-04-19,38,NA,NA,12,11,53,47,Morgan,NA,NA,38.5,NA
2015-04-14,39,NA,NA,10,11,52,48,Essential,NA,NA,41,NA
2015-04-12,36,NA,NA,11,12,51,49,Newspoll,NA,NA,41,NA
2015-04-11,38,NA,NA,13,9,54,46,Ipsos,NA,NA,39,NA
2015-04-06,36,NA,NA,12.5,11,53,47,Morgan,NA,NA,40.5,NA
2015-03-29,40.5,NA,NA,11.5,8.5,54,46,ReachTEL,NA,NA,39.6,NA
2015-03-22,37,NA,NA,11,11,51,49,Newspoll,NA,NA,41,NA
2015-03-22,40,NA,NA,11,11,56,44,Morgan,NA,NA,38,NA
2015-03-17,39,NA,NA,9,11,52,48,Essential,NA,NA,40,NA
2015-03-10,40,NA,NA,9,11,53,47,Essential,NA,NA,40,NA
2015-03-08,39,NA,NA,12,11,55,45,Newspoll,NA,NA,38,NA
2015-03-08,38,NA,NA,12.5,11.5,53.5,46.5,Morgan,NA,NA,39,NA
2015-02-28,36,NA,NA,12,10,51,49,Ipsos,NA,NA,42,NA
2015-02-22,41,NA,NA,9,10,53,47,Essential,NA,NA,40,NA
2015-02-22,38,NA,NA,12,12,53,47,Newspoll,NA,NA,38,NA
2015-02-08,41,NA,NA,12,12,57,43,Newspoll,NA,NA,35,NA
2015-02-08,41,NA,NA,12,12,57.5,42.5,Morgan,NA,NA,35,NA
2015-02-05,41.4,NA,NA,11.2,8.9,55,45,ReachTEL,NA,NA,38.4,NA
2015-02-05,43,NA,NA,11,10,57,43,Galaxy,NA,NA,36,NA
2015-01-30,43,NA,NA,11,10,57,43,Galaxy,NA,NA,36,NA
2015-01-27,40.2,NA,NA,11.3,8.8,54,46,ReachTEL,NA,NA,39.7,NA
2015-01-27,41,NA,NA,9,11,54,46,Essential,NA,NA,39,NA
2015-01-20,40,NA,NA,10,11,53,47,Essential,NA,NA,40,NA
2015-01-13,40,NA,NA,10,11,54,46,Essential,NA,NA,38,NA
2015-01-12,38.5,NA,NA,9.5,13.5,54.5,45.5,Morgan,NA,NA,38.5,NA
2014-12-27,39.5,NA,NA,12,11,56.5,43.5,Morgan,NA,NA,37.5,NA
2014-12-16,38,NA,NA,10,12,52,48,Essential,NA,NA,40,NA
2014-12-15,39,NA,NA,12,11,54,46,Newspoll,NA,NA,38,NA
2014-12-14,41,NA,NA,11.5,12.5,57.5,42.5,Morgan,NA,NA,35,NA
2014-12-06,37,NA,NA,12,11,52,48,Ipsos,NA,NA,40,NA
2014-12-04,41,NA,NA,11,10,55,45,Galaxy,NA,NA,38,NA
2014-12-02,40,NA,NA,9,11,53,47,Essential,NA,NA,40,NA
2014-11-30,37,NA,NA,13,13,54,46,Newspoll,NA,NA,37,NA
2014-11-30,37.5,NA,NA,12,11.5,53.5,46.5,Morgan,NA,NA,37,NA
2014-11-25,39,NA,NA,10,11,52,48,Essential,NA,NA,40,NA
2014-11-21,38.7,NA,NA,11.1,9.9,53,47,ReachTEL,NA,NA,40.2,NA
2014-11-18,39,NA,NA,11,14,55,45,Newspoll,NA,NA,36,NA
2014-11-17,38,NA,NA,10,12,52,48,Essential,NA,NA,40,NA
2014-11-17,38.5,NA,NA,12,11.5,55.5,44.5,Morgan,NA,NA,38,NA
2014-11-11,38,NA,NA,10,13,52,48,Essential,NA,NA,40,NA
2014-11-04,36,NA,NA,13,13,54,46,Newspoll,NA,NA,38,NA
2014-11-04,38,NA,NA,10,12,52,48,Essential,NA,NA,40,NA
2014-11-02,37.5,NA,NA,12.5,11.5,54.5,45.5,Morgan,NA,NA,38.5,NA
2014-11-01,37,NA,NA,12,10,51,49,Ipsos,NA,NA,42,NA
2014-10-28,39,NA,NA,9,12,53,47,Essential,NA,NA,39,NA
2014-10-23,37.5,NA,NA,11.5,10.9,52,48,ReachTEL,NA,NA,40.1,NA
2014-10-21,39,NA,NA,10,11,53,47,Essential,NA,NA,40,NA
2014-10-21,34,NA,NA,14,14,53,47,Newspoll,NA,NA,38,NA
2014-10-20,35.5,NA,NA,12,13,52,48,Morgan,NA,NA,39.5,NA
2014-10-14,39,NA,NA,10,10,52,48,Essential,NA,NA,41,NA
2014-10-07,39,NA,NA,10,11,52,48,Essential,NA,NA,40,NA
2014-10-05,35,NA,NA,12,13,53,47,Morgan,NA,NA,40,NA
2014-10-05,36,NA,NA,12,10,51,49,Galaxy,NA,NA,42,NA
2014-09-23,34,NA,NA,11,14,51,49,Newspoll,NA,NA,41,NA
2014-09-21,37.5,NA,NA,12,12,54.5,45.5,Morgan,NA,NA,38.5,NA
2014-09-18,37.4,NA,NA,10.5,10.5,51,49,ReachTEL,NA,NA,41.6,NA
2014-09-07,37,NA,NA,10.5,14.5,54,46,Morgan,NA,NA,38,NA
2014-09-07,35,NA,NA,14,12,52,48,Newspoll,NA,NA,39,NA
2014-08-24,34,NA,NA,11,15,51,49,Newspoll,NA,NA,40,NA
2014-08-24,38.5,NA,NA,10.5,13.5,55.5,44.5,Morgan,NA,NA,37.5,NA
2014-08-19,38,NA,NA,9,13,52,48,Essential,NA,NA,40,NA
2014-08-10,38,NA,NA,11,13.5,56,44,Morgan,NA,NA,37.5,NA
2014-08-10,34,NA,NA,13,13,52,48,Newspoll,NA,NA,40,NA
2014-07-27,36,NA,NA,12,16,54,46,Newspoll,NA,NA,36,NA
2014-07-13,37,NA,NA,11,16,54,46,Newspoll,NA,NA,36,NA
2014-07-01,38,NA,NA,9,13,52,48,Essential,NA,NA,40,NA
2014-06-30,36.5,NA,NA,12,16.5,57.5,42.5,Morgan,NA,NA,35,NA
2014-06-29,37,NA,NA,13,15,55,45,Newspoll,NA,NA,35,NA
2014-06-15,36,NA,NA,10,17,53,47,Newspoll,NA,NA,37,NA
2014-06-01,37,NA,NA,12,15,54,46,Newspoll,NA,NA,36,NA
2014-05-27,39,NA,NA,9,12,52,48,Essential,NA,NA,40,NA
2014-05-20,40,NA,NA,8,12,52,48,Essential,NA,NA,40,NA
2014-05-18,38.5,NA,NA,12,14.5,57.5,42.5,Morgan,NA,NA,35,NA
2014-05-18,38,NA,NA,11,15,55,45,Newspoll,NA,NA,36,NA
2014-05-17,40,NA,NA,14,12,56,44,Nielsen,NA,NA,35,NA
2014-05-04,37,NA,NA,11,13,52,48,Galaxy,NA,NA,39,NA
2014-05-04,34,NA,NA,14,14,53,47,Newspoll,NA,NA,38,NA
2014-04-30,38,NA,NA,10,11,52,48,Essential,NA,NA,40,NA
2014-04-22,34,NA,NA,13,14.5,52,48,Morgan,NA,NA,38.5,NA
2014-04-15,37,NA,NA,10,11,50,50,Essential,NA,NA,42,NA
2014-04-13,34,NA,NA,17,9,52,48,Nielsen,NA,NA,40,NA
2014-04-08,38,NA,NA,9,11,51,49,Essential,NA,NA,42,NA
2014-04-07,34.5,NA,NA,12,15,51.5,48.5,Morgan,NA,NA,38.5,NA
2014-04-06,34,NA,NA,11,12,49,51,Newspoll,NA,NA,43,NA
2014-03-25,38.5,NA,NA,11,12.5,54.5,45.5,Morgan,NA,NA,38,NA
2014-03-25,37,NA,NA,9,11,49,51,Essential,NA,NA,44,NA
2014-03-23,36,NA,NA,13,11,52,48,Newspoll,NA,NA,40,NA
2014-03-18,36,NA,NA,9,12,49,51,Essential,NA,NA,43,NA
2014-03-15,35,NA,NA,12,10,49,51,Nielsen,NA,NA,44,NA
2014-03-09,35,NA,NA,11,13,51,49,Newspoll,NA,NA,41,NA
2014-03-05,38,NA,NA,8,10,49,51,Essential,NA,NA,44,NA
2014-02-23,35.5,NA,NA,10.5,13,50.5,49.5,Morgan,NA,NA,41,NA
2014-02-23,39,NA,NA,10,12,54,46,Newspoll,NA,NA,39,NA
2014-02-15,33,NA,NA,12,11,48,52,Nielsen,NA,NA,44,NA
2014-02-09,35,NA,NA,12,12,51,49,Newspoll,NA,NA,41,NA
2014-01-28,37,NA,NA,11.5,12,53,47,Morgan,NA,NA,39.5,NA
2014-01-23,40.6,NA,NA,9.1,9.1,53,47,ReachTEL,NA,NA,39.8,NA
2014-01-20,37,NA,NA,9,11,49,51,Essential,NA,NA,43,NA
2014-01-13,39,NA,NA,10.5,12.5,52.5,47.5,Morgan,NA,NA,38,NA
2013-12-16,38.5,NA,NA,10,11,52.5,47.5,Morgan,NA,NA,40.5,NA
2013-12-15,40.4,NA,NA,8.7,9.5,52,48,ReachTEL,NA,NA,41.4,NA
2013-12-08,38,NA,NA,11,11,52,48,Newspoll,NA,NA,40,NA
2013-12-02,36,NA,NA,8,11,48,52,Essential,NA,NA,44,NA
2013-12-01,38.5,NA,NA,8.5,12.5,51.5,48.5,Morgan ,NA,NA,41.5,NA
2013-11-24,35,NA,NA,10,12,48,52,Newspoll,NA,NA,43,NA
2013-11-23,37,NA,NA,11,11,52,48,Nielsen,NA,NA,41,NA
2013-11-10,32,NA,NA,12,11,47,53,Newspoll,NA,NA,45,NA
2013-10-27,31,NA,NA,10,12,44,56,Newspoll,NA,NA,47,NA
2013-10-20,34.5,NA,NA,10,12,48.5,51.5,Morgan,NA,NA,43.5,NA
2013-09-22,34,NA,NA,10.5,12,49.5,50.5,Morgan,NA,NA,43.5,NA
2013-09-22,37,NA,NA,9,11,49,51,Essential,NA,NA,43,NA
2013-09-15,36,NA,NA,9,11,47,53,Essential,NA,NA,44,NA
2019-05-16,37,NA,NA,9,13,51.5,48.5,Newspoll,NA,NA,38,3
2019-05-15,37,NA,NA,9,12,51,49,YouGov-Galaxy,NA,NA,39,3
2019-05-15,33,NA,NA,13,11,51,49,Ipsos,NA,NA,39,4
2019-05-14,36.2,NA,NA,9.1,9.6,51.5,48.5,Essential,NA,NA,38.5,6.6
2019-05-12,35.5,NA,NA,10,12,52,48,Roy Morgan,NA,NA,38.5,4
2019-05-11,37,NA,NA,9,11,51,49,Newspoll,NA,NA,39,4
2019-05-06,34,NA,NA,12,9,52,48,Essential,NA,NA,38,7
2019-05-05,34,NA,NA,11,12.5,51,49,Roy Morgan,NA,NA,38.5,4
2019-05-05,36,NA,NA,9,12,51,49,Newspoll,NA,NA,38,5
2019-05-04,33,NA,NA,14,12,52,48,Ipsos,NA,NA,36,5
2019-04-29,37,NA,NA,9,9,51,49,Essential,NA,NA,39,6
2019-04-28,36,NA,NA,9.5,12.5,51,49,Roy Morgan,NA,NA,39.5,2.5
2019-04-28,37,NA,NA,9,12,51,49,Newspoll,NA,NA,38,4
2019-04-25,37,NA,NA,9,13,52,48,Galaxy,NA,NA,37,4
2019-04-21,35.5,NA,NA,9.5,11.5,51,49,Roy Morgan,NA,NA,39,4.5
2019-04-14,39,NA,NA,9,9,52,48,Newspoll,NA,NA,39,4
2019-04-08,35,NA,NA,11,10,52,48,Essential,NA,NA,38,5
2019-04-07,35,NA,NA,13.5,10.5,52.5,47.5,Roy Morgan,NA,NA,37,4
2019-04-07,37,NA,NA,9,10,52,48,Newspoll,NA,NA,38,6
2019-04-06,34,NA,NA,13,11,53,47,Ipsos,NA,NA,37,5
2019-03-28,37,NA,NA,10,10,53,47,Galaxy,NA,NA,35,8
2019-03-25,36,NA,NA,10,8,52,48,Essential,NA,NA,39,7
2019-03-11,38,NA,NA,8,10,53,47,Essential,NA,NA,37,7
2019-03-10,39,NA,NA,9,9,54,46,Newspoll,NA,NA,36,7
2019-02-25,37,NA,NA,9,10,52,48,Essential,NA,NA,38,6
2019-02-24,39,NA,NA,9,10,53,47,Newspoll,NA,NA,37,5
2019-02-15,33,NA,NA,13,11,51,49,Ipsos,NA,NA,38,5
2019-02-11,38,NA,NA,10,11,55,45,Essential,NA,NA,34,7
2019-02-10,39,NA,NA,9,10,53,47,Newspoll,NA,NA,37,5
2019-01-31,36,NA,NA,10,9,52,48,Essential,NA,NA,38,7
2019-01-27,38,NA,NA,9,10,53,47,Newspoll,NA,NA,37,6
2019-01-13,38,NA,NA,10,7,53,47,Essential,NA,NA,38,7
2018-12-16,36,NA,NA,11,9,53,47,Essential,NA,NA,37,7
2018-12-15,37,NA,NA,13,9,54,46,Ipsos,NA,NA,36,6
2018-12-09,41,NA,NA,9,8,55,45,Newspoll,NA,NA,35,7
2018-12-02,39,NA,NA,10,7,54,46,Essential,NA,NA,38,6
2018-11-25,40,NA,NA,9,9,55,45,Newspoll,NA,NA,34,8
2018-11-18,35,NA,NA,11,10,52,48,Essential,NA,NA,37,7
2018-11-17,34,NA,NA,13,11,52,48,Ipsos,NA,NA,37,5
2018-11-11,40,NA,NA,9,10,55,45,Newspoll,NA,NA,35,6
2018-11-04,39,NA,NA,10,9,54,46,Essential,NA,NA,36,6
2018-10-28,39,NA,NA,9,10,54,46,Newspoll,NA,NA,36,6
2018-10-21,37,NA,NA,10,8,53,47,Essential,NA,NA,38,7
2018-10-13,38,NA,NA,11,8,53,47,Newspoll,NA,NA,37,6
2018-10-13,35,NA,NA,15,10,55,45,Ipsos,NA,NA,35,5
2018-10-07,36,NA,NA,12,10,53,47,Essential,NA,NA,37,5
2018-09-23,36,NA,NA,12,10,53,47,Essential,NA,NA,37,5
2018-09-23,39,NA,NA,10,9,54,46,Newspoll,NA,NA,36,6
2018-09-15,31,NA,NA,15,13,53,47,Ipsos,NA,NA,34,7
2018-09-09,37,NA,NA,10,9,54,46,Essential,NA,NA,36,8
2018-09-09,42,NA,NA,10,8,56,44,Newspoll,NA,NA,34,6
2018-08-26,36,NA,NA,13,12,54,46,Roy Morgan,NA,NA,36.5,2.5
2018-08-26,39,NA,NA,10,9,55,45,Essential,NA,NA,35,7
2018-08-25,41,NA,NA,10,9,56,44,Newspoll,NA,NA,33,7
2018-08-18,35,NA,NA,13,11,55,45,Ipsos,NA,NA,33,8
2018-08-12,35,NA,NA,10,9,51,49,Newspoll,NA,NA,37,9
2018-08-02,34,NA,NA,12,8,52,48,ReachTEL,NA,NA,37,8
2018-07-29,36,NA,NA,10,8,51,49,Newspoll,NA,NA,39,7
2018-07-15,36,NA,NA,10,8,51,49,Essential,NA,NA,40,6
2018-07-15,36,NA,NA,10,9,51,49,Newspoll,NA,NA,38,7
2018-07-01,37,NA,NA,11,6,52,48,Essential,NA,NA,40,6
2018-07-01,37,NA,NA,9,9,51,49,Newspoll,NA,NA,39,6
2018-06-24,35,NA,NA,12,12,53,47,Ipsos,NA,NA,35,6
2018-06-17,38,NA,NA,10,8,52,48,Newspoll,NA,NA,38,6
2018-06-17,35,NA,NA,11,9,52,48,Essential,NA,NA,38,7
2018-06-02,34,NA,NA,11,11,52,48,ReachTEL,NA,NA,35,9
2018-06-03,37,NA,NA,10,9,54,46,Essential,NA,NA,36,8
2018-05-27,38,NA,NA,9,7,52,48,Newspoll,NA,NA,38,8
2018-05-20,36,NA,NA,10,7,51,49,Essential,NA,NA,40,8
2018-05-13,36,NA,NA,10,8,52,48,Essential,NA,NA,38,7
2018-05-13,38,NA,NA,9,8,51,49,Newspoll,NA,NA,39,6
2018-05-12,37,NA,NA,11,11,54,46,Ipsos,NA,NA,36,5
2018-05-06,37,NA,NA,10,9,53,47,Essential,NA,NA,38,6
2018-04-30,35,NA,NA,11,12,52,48,ReachTEL,NA,NA,36,6
2018-04-22,36,NA,NA,11,8,53,47,Essential,NA,NA,37,8
2018-04-22,37,NA,NA,9,9,51,49,Newspoll,NA,NA,38,7
2018-04-08,37,NA,NA,10,8,53,47,Essential,NA,NA,38,7
2018-04-08,37,NA,NA,10,8,52,48,Newspoll,NA,NA,38,7
2018-04-05,34,NA,NA,12,10,52,48,Ipsos,NA,NA,36,8
2018-04-01,37.5,NA,NA,11,10,51,49,Roy Morgan,NA,NA,38.5,3
2018-03-28,36,NA,NA,10,13,54,46,ReachTEL,NA,NA,34,7
2018-03-25,36,NA,NA,9,9,52,48,Essential,NA,NA,38,8
2018-03-25,39,NA,NA,9,8,53,47,Newspoll,NA,NA,37,7
2018-03-25,35,NA,NA,12,9.5,51,49,Roy Morgan,NA,NA,40,3.5
2018-03-11,38,NA,NA,9,9,54,46,Essential,NA,NA,36,8
2018-03-11,36,NA,NA,13.5,11.5,54,46,Roy Morgan,NA,NA,36,3
2018-03-04,38,NA,NA,9,9,53,47,Newspoll,NA,NA,37,7
2018-02-25,35,NA,NA,10,12,53,47,Essential,NA,NA,35,8
2018-02-24,37,NA,NA,11,12,54,46,ReachTEL,NA,NA,33,7
2018-02-18,37,NA,NA,10,9,53,47,Newspoll,NA,NA,36,8
2018-02-11,37,NA,NA,10,11,54,46,Essential,NA,NA,36,6
2018-02-03,37,NA,NA,10,10,52,48,Newspoll,NA,NA,38,5
2018-01-28,36,NA,NA,10,11,54,46,Essential,NA,NA,35,8
2018-01-25,36,NA,NA,10,12,52,48,ReachTEL,NA,NA,34,8
2018-01-15,38,NA,NA,9,10,53,47,Essential,NA,NA,37,6
2017-12-19,38,NA,NA,9,9,53,47,Essential,NA,NA,37,7
2017-12-17,37,NA,NA,10,10,53,47,Newspoll,NA,NA,36,7
2017-12-12,38,NA,NA,10,9,54,46,Essential,NA,NA,35,7
2017-12-10,35,NA,NA,11,13,50,50,YouGov,NA,NA,34,8
2017-12-05,38,NA,NA,9,10,55,45,Essential,NA,NA,35,8
2017-12-03,37,NA,NA,10,9,53,47,Newspoll,NA,NA,36,8
2017-11-29,36,NA,NA,10,12,53,47,ReachTEL,NA,NA,33,9
2017-11-28,38,NA,NA,9,9,54,46,Essential,NA,NA,36,8
2017-11-27,32,NA,NA,10,16,53,47,YouGov,NA,NA,32,11
2017-11-21,38,NA,NA,9,10,54,46,Essential,NA,NA,35,8
2017-11-14,34,NA,NA,11,14,52,48,YouGov,NA,NA,31,11
2017-11-14,38,NA,NA,9,10,54,46,Essential,NA,NA,36,8
2017-11-13,38,NA,NA,9,9,55,45,Newspoll,NA,NA,34,10
2017-10-30,37,NA,NA,10,9,54,46,Essential,NA,NA,36,7
2017-10-29,37,NA,NA,10,9,54,46,Newspoll,NA,NA,35,9
2017-10-24,36,NA,NA,9,10,52,48,Essential,NA,NA,37,8
2017-10-15,37,NA,NA,10,8,54,46,Newspoll,NA,NA,36,9
2017-10-04,38,NA,NA,10,10,54,46,Essential,NA,NA,36,7
2017-10-01,38,NA,NA,9,9,53,47,ReachTEL,NA,NA,36,8
2017-09-26,37,NA,NA,10,9,53,47,Essential,NA,NA,37,7
2017-09-24,38,NA,NA,9,9,54,46,Newspoll,NA,NA,36,8
2017-09-19,36,NA,NA,10,8,52,48,Essential,NA,NA,38,8
2017-09-18,35,NA,NA,11,11,50,50,YouGov,NA,NA,34,9
2017-09-12,37,NA,NA,10,8,54,46,Essential,NA,NA,36,9
2017-09-09,34,NA,NA,14,15,53,47,Ipsos,NA,NA,35,1
2017-09-05,37,NA,NA,10,9,53,47,Essential,NA,NA,36,8
2017-09-04,32,NA,NA,12,13,50,50,YouGov,NA,NA,34,9
2017-09-02,38,NA,NA,9,8,53,47,Newspoll,NA,NA,37,8
2017-08-29,36,NA,NA,10,9,53,47,Essential,NA,NA,37,8
2017-08-23,36.7,NA,NA,10.3,8.2,52,48,ReachTEL,NA,NA,34.5,10.4
2017-08-22,37,NA,NA,9,9,53,47,Essential,NA,NA,37,8
2017-08-21,33,NA,NA,10,13,49,51,YouGov,NA,NA,34,10
2017-08-20,38,NA,NA,9,9,54,46,Newspoll,NA,NA,35,9
2017-08-15,39,NA,NA,9,7,54,46,Essential,NA,NA,37,8
2017-08-08,39,NA,NA,9,7,54,46,Essential,NA,NA,37,8
2017-08-06,36,NA,NA,11,9,53,47,Newspoll,NA,NA,36,8
2017-08-01,36,NA,NA,10,8,52,48,Essential,NA,NA,38,8
2017-07-25,37,NA,NA,10,8,53,47,Essential,NA,NA,38,7
2017-07-24,33,NA,NA,10,13,50,50,YouGov,NA,NA,36,8
2017-07-23,37,NA,NA,9,9,53,47,Newspoll,NA,NA,36,9
2017-07-19,35.1,NA,NA,8.8,7.2,51,49,ReachTEL,NA,NA,37.2,11.7
2017-07-18,38,NA,NA,10,9,54,46,Essential,NA,NA,36,7
2017-07-11,33,NA,NA,12,12,48,52,YouGov,NA,NA,36,7
2017-07-09,36,NA,NA,10,8,53,47,Newspoll,NA,NA,35,11
2017-06-09,35.4,NA,NA,10.2,8.3,52,48,ReachTEL,NA,NA,36.4,9.6
2017-06-27,34,NA,NA,12,14,51,49,YouGov,NA,NA,33,7
2017-06-18,37,NA,NA,9,7,53,47,Newspoll,NA,NA,36,11
2017-06-04,36,NA,NA,10,8,52,48,Essential,NA,NA,38,8
2017-05-29,36,NA,NA,10,9,53,47,Newspoll,NA,NA,36,9
2017-05-23,38,NA,NA,10,9,54,46,Essential,NA,NA,37,6
2017-05-15,36,NA,NA,10,9,53,47,Newspoll,NA,NA,36,9
2017-05-11,34.1,NA,NA,10.9,6,53,47,ReachTEL,NA,NA,38,11
2017-05-11,35,NA,NA,13,13,53,47,Ipsos,NA,NA,37,2
2017-04-30,37,NA,NA,9,9,53,47,Essential,NA,NA,38,7
2017-04-23,35,NA,NA,9,10,52,48,Newspoll,NA,NA,36,10
2017-04-16,37,NA,NA,10,10,54,46,Essential,NA,NA,36,8
2017-04-09,36,NA,NA,10,9,53,47,Essential,NA,NA,37,8
2017-04-04,36,NA,NA,10,9,53,47,Essential,NA,NA,37,8
2017-04-02,36,NA,NA,10,8,53,47,Newspoll,NA,NA,36,10
2017-03-27,37,NA,NA,10,11,54,46,Essential,NA,NA,35,8
2017-03-25,34,NA,NA,16,15,55,45,Ipsos,NA,NA,33,2
2017-03-20,37,NA,NA,9,9,55,45,Essential,NA,NA,34,10
2017-03-19,35,NA,NA,9,9,52,48,Newspoll,NA,NA,37,10
2017-03-13,36,NA,NA,9,9,53,47,Essential,NA,NA,35,11
2017-03-06,37,NA,NA,9,8,53,47,Essential,NA,NA,37,9
2017-02-26,37,NA,NA,10,9,55,45,Newspoll,NA,NA,34,10
2017-02-19,34,NA,NA,10,10,52,48,Essential,NA,NA,36,10
2017-02-12,35,NA,NA,9,9,52,48,Essential,NA,NA,36,10
2017-02-05,36,NA,NA,10,11,54,46,Newspoll,NA,NA,35,8
2017-01-23,37,NA,NA,10,8,54,46,Essential,NA,NA,35,9
2017-01-16,37,NA,NA,9,8,53,47,Essential,NA,NA,38,8
2017-01-12,35,NA,NA,9.8,7.5,54,46,ReachTEL,NA,NA,37.1,10.6
2016-12-12,37,NA,NA,9,9,53,47,Essential,NA,NA,37,7
2016-12-04,36,NA,NA,10,10,52,48,Newspoll,NA,NA,39,5
2016-11-28,36,NA,NA,9,9,51,49,Essential,NA,NA,39,7
2016-11-26,30,NA,NA,16,9,51,49,Ipsos,NA,NA,36,7
2016-11-20,38,NA,NA,10,10,53,47,Newspoll,NA,NA,38,4
2016-11-14,37,NA,NA,11,9,53,47,Essential,NA,NA,37,6
2016-11-06,38,NA,NA,10,13,53,47,Newspoll,NA,NA,39,NA
2016-10-23,37,NA,NA,10,9,52,48,Newspoll,NA,NA,39,5
2016-10-17,37,NA,NA,11,9,53,47,Essential,NA,NA,37,5
2016-10-10,36,NA,NA,10,10,52,48,Essential,NA,NA,38,6
2016-10-09,36,NA,NA,10,9,52,48,Newspoll,NA,NA,39,6
2016-09-25,37,NA,NA,10,15,52,48,Newspoll,NA,NA,38,NA
2016-09-12,37,NA,NA,10,11,52,48,Essential,NA,NA,38,5
2016-09-11,36,NA,NA,9,14,50,50,Newspoll,NA,NA,41,NA
2016-08-29,37,NA,NA,10,13,51,49,Essential,NA,NA,40,NA
2016-08-28,36,NA,NA,9,14,50,50,Newspoll,NA,NA,41,NA
2016-08-22,36,NA,NA,10,15,51,49,Essential,NA,NA,39,NA
2016-08-15,37,NA,NA,10,14,52,48,Essential,NA,NA,39,NA
2016-08-08,37,NA,NA,10,13,52,48,Essential,NA,NA,40,NA
2016-08-01,37,NA,NA,10,14,52,48,Essential,NA,NA,39,NA
2016-07-24,37,NA,NA,10,14,52,48,Essential,NA,NA,39,NA
2016-07-17,36,NA,NA,10,15,51,49,Essential,NA,NA,39,NA
2016-07-10,36,NA,NA,10,13,51,49,Essential,NA,NA,41,NA
2016-07-03,37,NA,NA,10,12,50,50,Essential,NA,NA,41,NA
