candidate_name;state;cycle;candidate_party;general;multi_cand
Bill Cabaniss;Alabama;1990;REP;1;0
Howell Heflin;Alabama;1990;DEM;1;0
Hank Brown;Colorado;1990;REP;1;0
Josie Heath;Colorado;1990;DEM;1;0
Daniel K. Akaka;Hawaii;1990;DEM;1;0
Patricia Saiki;Hawaii;1990;REP;1;0
Larry E. Craig;Idaho;1990;REP;1;0
Ron Twilegar;Idaho;1990;DEM;1;0
Lynn Martin;Illinois;1990;REP;1;0
Paul M. Simon;Illinois;1990;DEM;1;0
Baron P. Hill;Indiana;1990;DEM;1;0
Daniel Coats;Indiana;1990;REP;1;0
Tom Harkin;Iowa;1990;DEM;1;0
Tom Tauke;Iowa;1990;REP;1;0
Harvey Sloane;Kentucky;1990;DEM;1;0
Mitch McConnell;Kentucky;1990;REP;1;0
Ben Bagert;Louisiana;1990;REP;0;0
Bennett Johnston;Louisiana;1990;DEM;1;0
David Duke;Louisiana;1990;REP;1;0
Neil Rolde;Maine;1990;DEM;1;0
William S. Cohen;Maine;1990;REP;1;0
Jim Rappaport;Massachusetts;1990;REP;1;0
John Kerry;Massachusetts;1990;DEM;1;0
Bill Schuette;Michigan;1990;REP;1;0
Carl Levin;Michigan;1990;DEM;1;0
Paul Wellstone;Minnesota;1990;DEM;1;0
Rudy Boschwitz;Minnesota;1990;REP;1;0
Allen Kolstad;Montana;1990;REP;1;0
Max Baucus;Montana;1990;DEM;1;0
Hal Daub;Nebraska;1990;REP;1;0
J. James Exon;Nebraska;1990;DEM;1;0
John Durkin;New Hampshire;1990;DEM;1;0
Robert C. Smith;New Hampshire;1990;REP;1;0
Harvey Gantt;North Carolina;1990;DEM;1;0
Jesse Helms;North Carolina;1990;REP;1;0
David Boren;Oklahoma;1990;DEM;1;0
Stephen Jones;Oklahoma;1990;REP;1;0
Harry Lonsdale;Oregon;1990;DEM;1;0
Mark Odom Hatfield;Oregon;1990;REP;1;0
Claiborne Pell;Rhode Island;1990;DEM;1;0
Claudine Schneider;Rhode Island;1990;REP;1;0
Dean Sinclair;South Dakota;1990;IND;0;0
Larry Pressler;South Dakota;1990;REP;1;0
Ted Muenster;South Dakota;1990;DEM;1;0
Hugh Parmer;Texas;1990;DEM;1;0
Phil Gramm;Texas;1990;REP;1;0
John D. Rockefeller, IV;West Virginia;1990;DEM;1;0
John Yoder;West Virginia;1990;REP;1;0
Richard C. Shelby;Alabama;1992;DEM;1;0
Richard Sellers;Alabama;1992;REP;1;0
Frank Murkowski;Alaska;1992;REP;1;0
Mary Jordan;Alaska;1992;GRE;1;0
Tony Smith;Alaska;1992;DEM;1;0
Claire Sargent;Arizona;1992;DEM;1;0
Evan Mecham;Arizona;1992;IND;0;0
John McCain;Arizona;1992;REP;1;0
Dale Bumpers;Arkansas;1992;DEM;1;0
Mike Huckabee;Arkansas;1992;REP;1;0
Barbara Boxer;California;1992;DEM;1;0
Bruce Herschensohn;California;1992;REP;1;0
Dianne Feinstein;California;1992;DEM;1;0
John Seymour;California;1992;REP;1;0
Ben Nighthorse Campbell;Colorado;1992;DEM;1;0
Terry Considine;Colorado;1992;REP;1;0
Brook Johnson;Connecticut;1992;REP;1;0
Christopher J. Dodd;Connecticut;1992;DEM;1;0
Bill Grant;Florida;1992;REP;1;0
Bob Graham;Florida;1992;DEM;1;0
Paul Coverdell;Georgia;1992;REP;1;0
Wyche Fowler;Georgia;1992;DEM;1;0
Daniel K. Inouye;Hawaii;1992;DEM;1;0
Rick Reed;Hawaii;1992;REP;1;0
C. Dirk Kempthorne;Idaho;1992;REP;1;0
Richard Stallings;Idaho;1992;DEM;1;0
Carol Moseley-Braun;Illinois;1992;DEM;1;0
Chad Koppie;Illinois;1992;IND;0;0
Richard Williamson;Illinois;1992;REP;1;0
Daniel Coats;Indiana;1992;REP;1;0
Joseph Hogsett;Indiana;1992;DEM;1;0
Chuck Grassley;Iowa;1992;REP;1;0
Jean Lloyd-Jones;Iowa;1992;DEM;1;0
Bob Dole;Kansas;1992;REP;1;0
Gloria O'Dell;Kansas;1992;DEM;1;0
David L. Williams;Kentucky;1992;REP;1;0
Wendell H. Ford;Kentucky;1992;DEM;1;0
Alan Keyes;Maryland;1992;REP;1;0
Barbara A. Mikulski;Maryland;1992;DEM;1;0
Christopher S. Bond;Missouri;1992;REP;1;0
Geri Rothman-Serot;Missouri;1992;DEM;1;0
Demar Dahl;Nevada;1992;REP;1;0
Harry Reid;Nevada;1992;DEM;1;0
Generic Candidate;New Hampshire;1992;DEM;0;0
John Rauh;New Hampshire;1992;DEM;1;0
Judd Gregg;New Hampshire;1992;REP;1;0
Larry Brady;New Hampshire;1992;IND;0;0
Alfonse M. D'Amato;New York;1992;REP;1;0
Robert Abrams;New York;1992;DEM;1;0
Lauch Faircloth;North Carolina;1992;REP;1;0
Terry Sanford;North Carolina;1992;DEM;1;0
Byron L. Dorgan;North Dakota;1992;DEM;1;0
Jack Dalrymple;North Dakota;1992;REP;1;0
Kent Conrad;North Dakota;1992;DEM;1;0
Steve Sydness;North Dakota;1992;REP;1;0
John Glenn;Ohio;1992;DEM;1;0
Michael DeWine;Ohio;1992;REP;1;0
Don Nickles;Oklahoma;1992;REP;1;0
Steve Lewis;Oklahoma;1992;DEM;1;0
Bob Packwood;Oregon;1992;REP;1;0
Les AuCoin;Oregon;1992;DEM;1;0
Arlen Specter;Pennsylvania;1992;REP;1;0
Lynn Yeakel;Pennsylvania;1992;DEM;1;0
Ernest F. Hollings;South Carolina;1992;DEM;1;0
Mark Johnson;South Carolina;1992;LIB;0;0
Tommy Hartnett;South Carolina;1992;REP;1;0
Charlene Haar;South Dakota;1992;REP;1;0
Tom Daschle;South Dakota;1992;DEM;1;0
Robert F. Bennett;Utah;1992;REP;1;0
Wayne Owens;Utah;1992;DEM;1;0
Jim Douglas;Vermont;1992;REP;1;0
Patrick J. Leahy;Vermont;1992;DEM;1;0
Patty Murray;Washington;1992;DEM;1;0
Rod Chandler;Washington;1992;REP;1;0
William Goodloe;Washington;1992;TX;0;0
Bob Kasten;Wisconsin;1992;REP;1;0
Russ Feingold;Wisconsin;1992;DEM;1;0
Kay Bailey Hutchison;Texas;1993;REP;1;0
Robert R. Krueger;Texas;1993;DEM;1;0
Jon Kyl;Arizona;1994;REP;1;0
Sam Coppersmith;Arizona;1994;DEM;1;0
Scott Grainger;Arizona;1994;LIB;1;0
Dianne Feinstein;California;1994;DEM;1;0
Michael Huffington;California;1994;REP;1;0
Jerry Labriola;Connecticut;1994;REP;1;0
Joseph I. Lieberman;Connecticut;1994;DEM;1;0
Charles Oberly;Delaware;1994;DEM;1;0
John Dierickx;Delaware;1994;LIB;0;0
William V. Roth Jr.;Delaware;1994;REP;1;0
Connie Mack;Florida;1994;REP;1;0
Hugh Rodham;Florida;1994;DEM;1;0
Jim Jontz;Indiana;1994;DEM;1;0
Richard G. Lugar;Indiana;1994;REP;1;0
Olympia J. Snowe;Maine;1994;REP;1;0
Thomas H. Andrews;Maine;1994;DEM;1;0
Bill Brock;Maryland;1994;REP;1;0
Paul S. Sarbanes;Maryland;1994;DEM;1;0
Edward M. Kennedy;Massachusetts;1994;DEM;1;0
Mitt Romney;Massachusetts;1994;REP;1;0
Bob Carr;Michigan;1994;DEM;1;0
Jon Coon;Michigan;1994;LIB;0;0
Spencer Abraham;Michigan;1994;REP;1;0
Ann Wynia;Minnesota;1994;DEM;1;0
Dean Barkley;Minnesota;1994;IND;1;0
Rod Grams;Minnesota;1994;REP;1;0
Alan Wheat;Missouri;1994;DEM;1;0
John Ashcroft;Missouri;1994;REP;1;0
Conrad Burns;Montana;1994;REP;1;0
Jack Mudd;Montana;1994;DEM;1;0
Bob Kerrey;Nebraska;1994;DEM;1;0
Jan Stoney;Nebraska;1994;REP;1;0
Hal Furman;Nevada;1994;REP;1;0
Richard H. Bryan;Nevada;1994;DEM;1;0
Chuck Haytaian;New Jersey;1994;REP;1;0
Frank R. Lautenberg;New Jersey;1994;DEM;1;0
Colin McMillan;New Mexico;1994;REP;1;0
Francesca Lobato;New Mexico;1994;IND;0;0
Jeff Bingaman;New Mexico;1994;DEM;1;0
Bernadette Castro;New York;1994;REP;1;0
Daniel Patrick Moynihan;New York;1994;DEM;1;0
Joel Hyatt;Ohio;1994;DEM;1;0
Joseph Slovenec;Ohio;1994;IND;1;0
Michael DeWine;Ohio;1994;REP;1;0
Danny Corn;Oklahoma;1994;IND;0;0
Dave McCurdy;Oklahoma;1994;DEM;1;0
James M. Inhofe;Oklahoma;1994;REP;1;0
Harris Wofford;Pennsylvania;1994;DEM;1;0
Rick Santorum;Pennsylvania;1994;REP;1;0
John H. Chafee;Rhode Island;1994;REP;1;0
Linda Kushner;Rhode Island;1994;DEM;1;0
Bill Frist;Tennessee;1994;REP;1;0
Fred Thompson;Tennessee;1994;REP;1;0
Jim Cooper;Tennessee;1994;DEM;1;0
Jim Sasser;Tennessee;1994;DEM;1;0
John Hooker;Tennessee;1994;IND;0;0
Kay Bailey Hutchison;Texas;1994;REP;1;0
Richard Fisher;Texas;1994;DEM;1;0
Orrin G. Hatch;Utah;1994;REP;1;0
Patrick A. Shea;Utah;1994;DEM;1;0
James M. Jeffords;Vermont;1994;REP;1;0
Jan Backus;Vermont;1994;DEM;1;0
Charles S. Robb;Virginia;1994;DEM;1;0
L. Douglas Wilder;Virginia;1994;IND;0;0
Marshall Coleman;Virginia;1994;IND;1;0
Oliver L. North;Virginia;1994;REP;1;0
Ron Sims;Washington;1994;DEM;1;0
Slade Gorton;Washington;1994;REP;1;0
Robert C. Byrd;West Virginia;1994;DEM;1;0
Stan Klos;West Virginia;1994;REP;1;0
Bob Welch;Wisconsin;1994;REP;1;0
Herb Kohl;Wisconsin;1994;DEM;1;0
Craig Thomas;Wyoming;1994;REP;1;0
Mike Sullivan;Wyoming;1994;DEM;1;0
Jeff Sessions;Alabama;1996;REP;1;0
Roger Bedford;Alabama;1996;DEM;1;0
Tim Hutchinson;Arkansas;1996;REP;1;0
Winston Bryant;Arkansas;1996;DEM;1;0
Tom Strickland;Colorado;1996;DEM;1;0
Wayne A. Allard;Colorado;1996;REP;1;0
Joseph R. Biden Jr.;Delaware;1996;DEM;1;0
Raymond J. Clatworthy;Delaware;1996;REP;1;0
Guy Millner;Georgia;1996;REP;1;0
Max Cleland;Georgia;1996;DEM;1;0
Larry E. Craig;Idaho;1996;REP;1;0
Walt Minnick;Idaho;1996;DEM;1;0
Al Salvi;Illinois;1996;REP;1;0
Richard J. Durbin;Illinois;1996;DEM;1;0
Robin Miller;Illinois;1996;LIB;0;0
James Ross Lightfoot;Iowa;1996;REP;1;0
Joe Sulentic;Iowa;1996;NPA;0;0
Tom Harkin;Iowa;1996;DEM;1;0
Jill Docking;Kansas;1996;DEM;1;0
Mark Marney;Kansas;1996;REF;0;0
Pat Roberts;Kansas;1996;REP;1;0
Sally Thompson;Kansas;1996;DEM;1;0
Sam Brownback;Kansas;1996;REP;1;0
Steven A. Rosile;Kansas;1996;LIB;0;0
Mitch McConnell;Kentucky;1996;REP;1;0
Steve Beshear;Kentucky;1996;DEM;1;0
Mary L. Landrieu;Louisiana;1996;DEM;1;0
Woody Jenkins;Louisiana;1996;REP;1;0
Joseph Edward Brennan;Maine;1996;DEM;1;0
Susan M. Collins;Maine;1996;REP;1;0
John Kerry;Massachusetts;1996;DEM;1;0
Robert C. Stowe;Massachusetts;1996;NLP;0;0
Susan C. Gallagher;Massachusetts;1996;CST;0;0
William F. Weld;Massachusetts;1996;REP;1;0
Carl Levin;Michigan;1996;DEM;1;0
Ronna Romney;Michigan;1996;REP;1;0
Dean Barkley;Minnesota;1996;REF;1;0
Paul Wellstone;Minnesota;1996;DEM;1;0
Rudy Boschwitz;Minnesota;1996;REP;1;0
James Bootie Hunt;Mississippi;1996;DEM;1;0
Thad Cochran;Mississippi;1996;REP;1;0
Becky Shaw;Montana;1996;REF;0;0
Denny Rehberg;Montana;1996;REP;1;0
Max Baucus;Montana;1996;DEM;1;0
Ben Nelson;Nebraska;1996;DEM;1;0
Chuck Hagel;Nebraska;1996;REP;1;0
Richard Swett;New Hampshire;1996;DEM;1;0
Robert C. Smith;New Hampshire;1996;REP;1;0
Dick Zimmer;New Jersey;1996;REP;1;0
Robert G. Torricelli;New Jersey;1996;DEM;1;0
Abraham Gutmann;New Mexico;1996;GRE;0;0
Art Trujillo;New Mexico;1996;DEM;1;0
Pete V. Domenici;New Mexico;1996;REP;1;0
Harvey Gantt;North Carolina;1996;DEM;1;0
Jesse Helms;North Carolina;1996;REP;1;0
James M. Inhofe;Oklahoma;1996;REP;1;0
Jim Boren;Oklahoma;1996;DEM;1;0
Gordon H. Smith;Oregon;1996;REP;1;0
Tom Bruggere;Oregon;1996;DEM;1;0
Donald Lovejoy;Rhode Island;1996;IND;0;0
Jack Reed;Rhode Island;1996;DEM;1;0
Nancy Mayer;Rhode Island;1996;REP;1;0
Elliott Close;South Carolina;1996;DEM;1;0
Strom Thurmond;South Carolina;1996;REP;1;0
Larry Pressler;South Dakota;1996;REP;1;0
Tim Johnson;South Dakota;1996;DEM;1;0
Fred Thompson;Tennessee;1996;REP;1;0
Houston Gordon;Tennessee;1996;DEM;1;0
John Hooker;Tennessee;1996;IND;0;0
Phil Gramm;Texas;1996;REP;1;0
Victor Morales;Texas;1996;DEM;1;0
John W. Warner;Virginia;1996;REP;1;0
Mark R. Warner;Virginia;1996;DEM;1;0
Betty Burks;West Virginia;1996;REP;1;0
John D. Rockefeller, IV;West Virginia;1996;DEM;1;0
Kathy Karpan;Wyoming;1996;DEM;1;0
Michael B. Enzi;Wyoming;1996;REP;1;0
W. David Herbert;Wyoming;1996;LIB;0;0
Clayton Suddith;Alabama;1998;DEM;1;0
Richard C. Shelby;Alabama;1998;REP;1;0
Edward Ranger;Arizona;1998;DEM;1;0
John McCain;Arizona;1998;REP;1;0
Blanche Lincoln;Arkansas;1998;DEM;1;0
Fay Boozman;Arkansas;1998;REP;1;0
Barbara Boxer;California;1998;DEM;1;0
Matt Fong;California;1998;REP;1;0
Ben Nighthorse Campbell;Colorado;1998;REP;1;0
Dottie Lamm;Colorado;1998;DEM;1;0
Christopher J. Dodd;Connecticut;1998;DEM;1;0
Gary A. Franks;Connecticut;1998;REP;1;0
Bob Graham;Florida;1998;DEM;1;0
Charlie Crist;Florida;1998;REP;1;0
Michael J. Coles;Georgia;1998;DEM;1;0
Paul Coverdell;Georgia;1998;REP;1;0
Bill Mauk;Idaho;1998;DEM;1;0
Mike Crapo;Idaho;1998;REP;1;0
Carol Moseley-Braun;Illinois;1998;DEM;1;0
Peter G. Fitzgerald;Illinois;1998;REP;1;0
Evan Bayh;Indiana;1998;DEM;1;0
Paul Helmke;Indiana;1998;REP;1;0
Rebecca Sink-Burris;Indiana;1998;LIB;0;0
Chuck Grassley;Iowa;1998;REP;1;0
David Osterberg;Iowa;1998;DEM;1;0
Paul Feleciano;Kansas;1998;DEM;1;0
Sam Brownback;Kansas;1998;REP;1;0
Jim Bunning;Kentucky;1998;REP;1;0
Scotty Baesler;Kentucky;1998;DEM;1;0
Jim Donelon;Louisiana;1998;REP;1;0
John B. Breaux;Louisiana;1998;DEM;1;0
Barbara A. Mikulski;Maryland;1998;DEM;1;0
Ross Z. Pierpont;Maryland;1998;REP;1;0
Christopher S. Bond;Missouri;1998;REP;1;0
Jay Nixon;Missouri;1998;DEM;1;0
Harry Reid;Nevada;1998;DEM;1;0
John Ensign;Nevada;1998;REP;1;0
George Condodemetraky;New Hampshire;1998;DEM;1;0
Judd Gregg;New Hampshire;1998;REP;1;0
Alfonse M. D'Amato;New York;1998;REP;1;0
Charles E. Schumer;New York;1998;DEM;1;0
John Edwards;North Carolina;1998;DEM;1;0
Lauch Faircloth;North Carolina;1998;REP;1;0
George V. Voinovich;Ohio;1998;REP;1;0
Mary Boyle;Ohio;1998;DEM;1;0
Don Carroll;Oklahoma;1998;DEM;1;0
Don Nickles;Oklahoma;1998;REP;1;0
John Lim;Oregon;1998;REP;1;0
Ron Wyden;Oregon;1998;DEM;1;0
Arlen Specter;Pennsylvania;1998;REP;1;0
Bill Lloyd;Pennsylvania;1998;DEM;1;0
Bob Inglis;South Carolina;1998;REP;1;0
Ernest F. Hollings;South Carolina;1998;DEM;1;0
Ron Schmidt;South Dakota;1998;REP;1;0
Tom Daschle;South Dakota;1998;DEM;1;0
Robert F. Bennett;Utah;1998;REP;1;0
Scott Leckman;Utah;1998;DEM;1;0
Fred Tuttle;Vermont;1998;REP;1;0
Patrick J. Leahy;Vermont;1998;DEM;1;0
Linda Smith;Washington;1998;REP;1;0
Patty Murray;Washington;1998;DEM;1;0
Mark W. Neumann;Wisconsin;1998;REP;1;0
Russ Feingold;Wisconsin;1998;DEM;1;0
Dianne Feinstein;California;2000;DEM;1;0
Tom Campbell;California;2000;REP;1;0
Joseph I. Lieberman;Connecticut;2000;DEM;1;0
Phil Giordano;Connecticut;2000;REP;1;0
William Kozak;Connecticut;2000;CNC;0;0
Thomas R. Carper;Delaware;2000;DEM;1;0
William V. Roth Jr.;Delaware;2000;REP;1;0
Bill McCollum;Florida;2000;REP;1;0
Bill Nelson;Florida;2000;DEM;1;0
Huey Joel Deckard;Florida;2000;REF;0;0
Willie Logan;Florida;2000;IND;0;0
Mack Francis Mattingly;Georgia;2000;REP;1;0
Zell Bryan Miller;Georgia;2000;DEM;1;0
Daniel K. Akaka;Hawaii;2000;DEM;1;0
John Stanley Carroll;Hawaii;2000;REP;1;0
Clyde Paul Hager;Indiana;2000;LIB;0;0
David L. Johnson;Indiana;2000;DEM;1;0
Richard G. Lugar;Indiana;2000;REP;1;0
Mark W. Lawrence;Maine;2000;DEM;1;0
Olympia J. Snowe;Maine;2000;REP;1;0
Paul H. Rappaport;Maryland;2000;REP;1;0
Paul S. Sarbanes;Maryland;2000;DEM;1;0
Carla A. Howell;Massachusetts;2000;LIB;1;0
Edward M. Kennedy;Massachusetts;2000;DEM;1;0
Jack E. Robinson;Massachusetts;2000;REP;1;0
Debbie Stabenow;Michigan;2000;DEM;1;0
Mark A. Forton;Michigan;2000;REF;0;0
Matthew Abel;Michigan;2000;GRE;0;0
Spencer Abraham;Michigan;2000;REP;1;0
Jim Gibson;Minnesota;2000;IDP;1;0
Mark Dayton;Minnesota;2000;DEM;1;0
Rod Grams;Minnesota;2000;REP;1;0
Trent Lott;Mississippi;2000;REP;1;0
Troy Brown;Mississippi;2000;DEM;1;0
Hugh Foley;Missouri;2000;REF;0;0
John Ashcroft;Missouri;2000;REP;1;0
Mel Carnahan;Missouri;2000;DEM;1;0
Brian Schweitzer;Montana;2000;DEM;1;0
Conrad Burns;Montana;2000;REP;1;0
Gary Lee;Montana;2000;REF;0;0
Ben Nelson;Nebraska;2000;DEM;1;0
Don Stenberg;Nebraska;2000;REP;1;0
Ed Bernstein;Nevada;2000;DEM;1;0
John Ensign;Nevada;2000;REP;1;0
Kathryn Rusco;Nevada;2000;GRE;0;0
Bob Franks;New Jersey;2000;REP;1;0
Bruce Afran;New Jersey;2000;GRE;0;0
Jon Stevens Corzine;New Jersey;2000;DEM;1;0
Bill Redmond;New Mexico;2000;REP;1;0
Jeff Bingaman;New Mexico;2000;DEM;1;0
Orlin Gentry Cole;New Mexico;2000;IND;0;0
Hillary Rodham Clinton;New York;2000;DEM;1;0
Mark J. Dunau;New York;2000;GRE;0;0
Rick Lazio;New York;2000;REP;1;0
Duane Sand;North Dakota;2000;REP;1;0
Kent Conrad;North Dakota;2000;DEM;1;0
John R. McAlister;Ohio;2000;LIB;0;0
Michael DeWine;Ohio;2000;REP;1;0
Ted Celeste;Ohio;2000;DEM;1;0
John J. Featherman;Pennsylvania;2000;LIB;0;0
Rick Santorum;Pennsylvania;2000;REP;1;0
Robert E. Domske;Pennsylvania;2000;REF;0;0
Ron Klink;Pennsylvania;2000;DEM;1;0
Christopher F. Young;Rhode Island;2000;REF;0;0
Lincoln Chafee;Rhode Island;2000;REP;1;0
Robert A. Weygand;Rhode Island;2000;DEM;1;0
Bill Frist;Tennessee;2000;REP;1;0
Jeff Clark;Tennessee;2000;DEM;1;0
Tom Burrell;Tennessee;2000;GRE;0;0
Gene Kelly;Texas;2000;DEM;1;0
Kay Bailey Hutchison;Texas;2000;REP;1;0
Jim Dexter;Utah;2000;LIB;0;0
Orrin G. Hatch;Utah;2000;REP;1;0
Scott N. Howell;Utah;2000;DEM;1;0
Ed Flanagan;Vermont;2000;DEM;1;0
James M. Jeffords;Vermont;2000;REP;1;0
Charles S. Robb;Virginia;2000;DEM;1;0
George F. Allen;Virginia;2000;REP;1;0
Jeff E. Jared;Washington;2000;LIB;0;0
Maria Cantwell;Washington;2000;DEM;1;0
Slade Gorton;Washington;2000;REP;1;0
David T. Gallaher;West Virginia;2000;REP;1;0
Francis Joseph Whelan;West Virginia;2000;LIB;0;0
Robert C. Byrd;West Virginia;2000;DEM;1;0
Herb Kohl;Wisconsin;2000;DEM;1;0
John Gillespie;Wisconsin;2000;REP;1;0
Tim C. Peterson;Wisconsin;2000;LIB;0;0
Craig Thomas;Wyoming;2000;REP;1;0
Margaret Dawson;Wyoming;2000;LIB;0;0
Mel Logan;Wyoming;2000;DEM;1;0
Jeff Allen;Alabama;2002;LIB;0;0
Jeff Sessions;Alabama;2002;REP;1;0
Susan Parker;Alabama;2002;DEM;1;0
Mark L. Pryor;Arkansas;2002;DEM;1;0
Tim Hutchinson;Arkansas;2002;REP;1;0
Rick Stanley;Colorado;2002;LIB;0;0
Tom Strickland;Colorado;2002;DEM;1;0
Wayne A. Allard;Colorado;2002;REP;1;0
Claude Thomas;Georgia;2002;LIB;0;0
Max Cleland;Georgia;2002;DEM;1;0
Saxby Chambliss;Georgia;2002;REP;1;0
Alan Blinken;Idaho;2002;DEM;1;0
Larry E. Craig;Idaho;2002;REP;1;0
Jim Durkin;Illinois;2002;REP;1;0
Richard J. Durbin;Illinois;2002;DEM;1;0
Steven Burgauer;Illinois;2002;LIB;0;0
Greg Ganske;Iowa;2002;REP;1;0
Timothy A. Harthan;Iowa;2002;GRE;0;0
Tom Harkin;Iowa;2002;DEM;1;0
Lois Combs Weinberg;Kentucky;2002;DEM;1;0
Mitch McConnell;Kentucky;2002;REP;1;0
Anthony Richard Perkins;Louisiana;2002;REP;1;1
John C. Cooksey;Louisiana;2002;REP;1;1
Mary L. Landrieu;Louisiana;2002;DEM;1;1
Suzanne Haik Terrell;Louisiana;2002;REP;1;1
Chellie Pingree;Maine;2002;DEM;1;0
Susan M. Collins;Maine;2002;REP;1;0
John Kerry;Massachusetts;2002;DEM;1;0
Ralph Martin;Massachusetts;2002;REP;0;0
Andrew Rocky Raczkowski;Michigan;2002;REP;1;0
Carl Levin;Michigan;2002;DEM;1;0
Ed McGaa;Minnesota;2002;GRE;1;0
Jim Moore;Minnesota;2002;IDP;0;0
Norm Coleman;Minnesota;2002;REP;1;0
Paul Wellstone;Minnesota;2002;DEM;0;0
Raymond Tricomo;Minnesota;2002;GRE;0;0
Walter F. Mondale;Minnesota;2002;DEM;1;0
Jean Carnahan;Missouri;2002;DEM;1;0
Jim Talent;Missouri;2002;REP;1;0
Bob Kelleher;Montana;2002;GRE;0;0
Max Baucus;Montana;2002;DEM;1;0
Mike Taylor;Montana;2002;REP;1;0
Stan Jones;Montana;2002;LIB;0;0
Charlie Matulka;Nebraska;2002;DEM;1;0
Chuck Hagel;Nebraska;2002;REP;1;0
Jeanne Shaheen;New Hampshire;2002;DEM;1;0
John E. Sununu;New Hampshire;2002;REP;1;0
Ken Blevens;New Hampshire;2002;LIB;0;0
Douglas R. Forrester;New Jersey;2002;REP;1;0
Elizabeth Macron;New Jersey;2002;LIB;0;0
Frank R. Lautenberg;New Jersey;2002;DEM;1;0
Gregory Pason;New Jersey;2002;SUS;0;0
John Glick;New Jersey;2002;GRE;0;0
Gloria Tristani;New Mexico;2002;DEM;1;0
Pete V. Domenici;New Mexico;2002;REP;1;0
Elizabeth H. Dole;North Carolina;2002;REP;1;0
Erskine Bowles;North Carolina;2002;DEM;1;0
Sean Newton Haugh;North Carolina;2002;LIB;0;0
David Walters;Oklahoma;2002;DEM;1;0
James Germalic;Oklahoma;2002;IND;1;0
James M. Inhofe;Oklahoma;2002;REP;1;0
Bill Bradbury;Oregon;2002;DEM;1;0
Dan Fitzgerald;Oregon;2002;LIB;0;0
Gordon H. Smith;Oregon;2002;REP;1;0
Lon Mabon;Oregon;2002;CON;0;0
Jack Reed;Rhode Island;2002;DEM;1;0
Robert G. Tingle;Rhode Island;2002;REP;1;0
Alex Sanders;South Carolina;2002;DEM;1;0
Lindsey Graham;South Carolina;2002;REP;1;0
Victor Kocher;South Carolina;2002;LIB;0;0
John Thune;South Dakota;2002;REP;1;0
Kurt Evans;South Dakota;2002;LIB;0;0
Tim Johnson;South Dakota;2002;DEM;1;0
Bob Clement;Tennessee;2002;DEM;1;0
Lamar Alexander;Tennessee;2002;REP;1;0
James Wellington Wright;Texas;2002;REF;0;0
John Cornyn;Texas;2002;REP;1;0
Ron Kirk;Texas;2002;DEM;1;0
Roy H. Williams;Texas;2002;GRE;0;0
Scott Lanier Jameson;Texas;2002;LIB;0;0
John W. Warner;Virginia;2002;REP;1;0
Nancy B. Spannaus;Virginia;2002;IND;1;0
Jay Wolfe;West Virginia;2002;REP;1;0
John D. Rockefeller, IV;West Virginia;2002;DEM;1;0
Jerry Sanders;Alaska;2004;AKI;0;0
Jim Sykes;Alaska;2004;GRE;0;0
Lisa Murkowski;Alaska;2004;REP;1;0
Scott A. Kohlhaas;Alaska;2004;LIB;0;0
Tony Knowles;Alaska;2004;DEM;1;0
Blanche Lincoln;Arkansas;2004;DEM;1;0
Jim Holt;Arkansas;2004;REP;1;0
Barbara Boxer;California;2004;DEM;1;0
Bill Jones;California;2004;REP;1;0
Generic Candidate;California;2004;REP;0;0
James P. Gray;California;2004;LIB;0;0
Ken Salazar;Colorado;2004;DEM;1;0
Pete Coors;Colorado;2004;REP;1;0
Christopher J. Dodd;Connecticut;2004;DEM;1;0
Generic Candidate;Connecticut;2004;REP;0;0
Jack C. Orchulli;Connecticut;2004;REP;1;0
Betty Castor;Florida;2004;DEM;1;0
Dennis F. Bradley;Florida;2004;VET;0;0
Mel Martinez;Florida;2004;REP;1;0
Allen Buckley;Georgia;2004;LIB;0;0
Denise Majette;Georgia;2004;DEM;1;0
Johnny Isakson;Georgia;2004;REP;1;0
Alan Keyes;Illinois;2004;REP;1;0
Barack Obama;Illinois;2004;DEM;1;0
Evan Bayh;Indiana;2004;DEM;1;0
Marvin Bailey Scott;Indiana;2004;REP;1;0
Art Small;Iowa;2004;DEM;1;0
Chuck Grassley;Iowa;2004;REP;1;0
Lee Jones;Kansas;2004;DEM;1;0
Sam Brownback;Kansas;2004;REP;1;0
Daniel Mongiardo;Kentucky;2004;DEM;1;0
Jim Bunning;Kentucky;2004;REP;1;0
Arthur A. Morrell;Louisiana;2004;DEM;0;0
Chris John;Louisiana;2004;DEM;1;1
David Vitter;Louisiana;2004;REP;1;1
Jim Bernhard;Louisiana;2004;DEM;0;1
John Neely Kennedy;Louisiana;2004;DEM;1;1
Barbara A. Mikulski;Maryland;2004;DEM;1;0
E. J. Pipkin;Maryland;2004;REP;1;0
Christopher S. Bond;Missouri;2004;REP;1;0
Nancy Farmer;Missouri;2004;DEM;1;0
Harry Reid;Nevada;2004;DEM;1;0
Richard Ziser;Nevada;2004;REP;1;0
Doris R. Haddock;New Hampshire;2004;DEM;1;0
Judd Gregg;New Hampshire;2004;REP;1;0
Charles E. Schumer;New York;2004;DEM;1;0
Howard Mills;New York;2004;REP;1;0
Marilyn F. O'Grady;New York;2004;CRV;0;0
Erskine Bowles;North Carolina;2004;DEM;1;0
Richard Burr;North Carolina;2004;REP;1;0
Byron L. Dorgan;North Dakota;2004;DEM;1;0
Mike Liffrig;North Dakota;2004;REP;1;0
Eric D. Fingerhut;Ohio;2004;DEM;1;0
George V. Voinovich;Ohio;2004;REP;1;0
Brad R. Carson;Oklahoma;2004;DEM;1;0
Sheila Bilyeu;Oklahoma;2004;IND;1;0
Tom Coburn;Oklahoma;2004;REP;1;0
Al King;Oregon;2004;REP;1;0
Ron Wyden;Oregon;2004;DEM;1;0
Arlen Specter;Pennsylvania;2004;REP;1;0
Betsy Summers;Pennsylvania;2004;LIB;0;0
James N. Clymer;Pennsylvania;2004;CON;0;0
Joe Hoeffel;Pennsylvania;2004;DEM;1;0
Inez Tenenbaum;South Carolina;2004;DEM;1;0
Jim DeMint;South Carolina;2004;REP;1;0
Bob Newland;South Dakota;2004;LIB;0;0
John Thune;South Dakota;2004;REP;1;0
Tom Daschle;South Dakota;2004;DEM;1;0
Gary R. Van Horn;Utah;2004;CON;0;0
Joe LaBonte;Utah;2004;PCH;0;0
R. Paul Van Dam;Utah;2004;DEM;1;0
Robert F. Bennett;Utah;2004;REP;1;0
George R. Nethercutt;Washington;2004;REP;1;0
Patty Murray;Washington;2004;DEM;1;0
Generic Candidate;Wisconsin;2004;REP;0;0
Russ Feingold;Wisconsin;2004;DEM;1;0
Tim Michels;Wisconsin;2004;REP;1;0
Jim Pederson;Arizona;2006;DEM;1;0
Jon Kyl;Arizona;2006;REP;1;0
Richard I. Mack;Arizona;2006;LIB;0;0
Dianne Feinstein;California;2006;DEM;1;0
Richard Dick Mountjoy;California;2006;REP;1;0
Alan Schlesinger;Connecticut;2006;REP;1;0
Joseph I. Lieberman;Connecticut;2006;IND;1;0
Ned Lamont;Connecticut;2006;DEM;1;0
Jan Ting;Delaware;2006;REP;1;0
Thomas R. Carper;Delaware;2006;DEM;1;0
Bill Nelson;Florida;2006;DEM;1;0
Katherine Harris;Florida;2006;REP;1;0
Daniel K. Akaka;Hawaii;2006;DEM;1;0
Jerry Coffee;Hawaii;2006;REP;0;0
Jean M. Hay Bright;Maine;2006;DEM;1;0
Olympia J. Snowe;Maine;2006;REP;1;0
William H. Slavick;Maine;2006;IND;1;0
Benjamin L. Cardin;Maryland;2006;DEM;1;0
Kevin Zeese;Maryland;2006;GRE;0;0
Michael S. Steele;Maryland;2006;REP;1;0
Edward M. Kennedy;Massachusetts;2006;DEM;1;0
Kenneth G. Chase;Massachusetts;2006;REP;1;0
David Sole;Michigan;2006;GRE;0;0
Debbie Stabenow;Michigan;2006;DEM;1;0
Leonard C. Schwartz;Michigan;2006;LIB;0;0
Mike Bouchard;Michigan;2006;REP;1;0
W. Dennis FitzSimons;Michigan;2006;UST;0;0
Amy Klobuchar;Minnesota;2006;DEM;1;0
Ben Powers;Minnesota;2006;CON;0;0
Mark R. Kennedy;Minnesota;2006;REP;1;0
Michael James Cavlan;Minnesota;2006;GRE;0;0
Robert Fitzgerald;Minnesota;2006;IDP;0;0
Claire McCaskill;Missouri;2006;DEM;1;0
Frank Gilmour;Missouri;2006;LIB;0;0
Jim Talent;Missouri;2006;REP;1;0
Conrad Burns;Montana;2006;REP;1;0
Jon Tester;Montana;2006;DEM;1;0
Stan Jones;Montana;2006;LIB;0;0
Ben Nelson;Nebraska;2006;DEM;1;0
Pete Ricketts;Nebraska;2006;REP;1;0
Brenda Trainer;Nevada;2006;LIB;0;0
David K. Schumann;Nevada;2006;IAP;0;0
Jack Carter;Nevada;2006;DEM;1;0
John Ensign;Nevada;2006;REP;1;0
Robert Menendez;New Jersey;2006;DEM;1;0
Thomas H. Kean;New Jersey;2006;REP;1;0
Allen W. McCulloch MD;New Mexico;2006;REP;1;0
Jeff Bingaman;New Mexico;2006;DEM;1;0
Hillary Rodham Clinton;New York;2006;DEM;1;0
John Spencer;New York;2006;REP;1;0
John Warford;North Dakota;2006;REP;0;0
Kent Conrad;North Dakota;2006;DEM;1;0
Michael DeWine;Ohio;2006;REP;1;0
Sherrod Brown;Ohio;2006;DEM;1;0
Carl J. Romanelli;Pennsylvania;2006;GRE;0;0
Rick Santorum;Pennsylvania;2006;REP;1;0
Robert P. Casey Jr.;Pennsylvania;2006;DEM;1;0
Lincoln Chafee;Rhode Island;2006;REP;1;0
Sheldon Whitehouse;Rhode Island;2006;DEM;1;0
Bob Corker;Tennessee;2006;REP;1;0
Harold E. Ford Jr.;Tennessee;2006;DEM;1;0
Barbara Ann Radnofsky;Texas;2006;DEM;1;0
Kay Bailey Hutchison;Texas;2006;REP;1;0
Scott Lanier Jameson;Texas;2006;LIB;0;0
Dave Starr Seely;Utah;2006;LIB;0;0
Julian Hatch;Utah;2006;DGR;0;0
Orrin G. Hatch;Utah;2006;REP;1;0
Pete Ashdown;Utah;2006;DEM;1;0
Roger I. Price;Utah;2006;PCH;0;0
Scott N. Bradley;Utah;2006;CON;0;0
Bernard Sanders;Vermont;2006;IND;1;0
Pete Diamondstone;Vermont;2006;LBU;0;0
Rich Tarrant;Vermont;2006;REP;1;0
George F. Allen;Virginia;2006;REP;1;0
Glenda Gail Parker;Virginia;2006;IGR;0;0
Jim Webb;Virginia;2006;DEM;1;0
Aaron Dixon;Washington;2006;GRE;0;0
Bruce M. Guthrie;Washington;2006;LIB;0;0
Maria Cantwell;Washington;2006;DEM;1;0
Mike McGavick;Washington;2006;REP;1;0
Robin Adair;Washington;2006;IND;0;0
John Raese;West Virginia;2006;REP;1;0
Robert C. Byrd;West Virginia;2006;DEM;1;0
Ben J. Glatzel;Wisconsin;2006;IND;0;0
Herb Kohl;Wisconsin;2006;DEM;1;0
Rae S. Vogeler;Wisconsin;2006;GRE;0;0
Robert Gerald Lorge;Wisconsin;2006;REP;1;0
Craig Thomas;Wyoming;2006;REP;1;0
Dale Groutage;Wyoming;2006;DEM;1;0
Jeff Sessions;Alabama;2008;REP;1;0
Vivian Davis Figures;Alabama;2008;DEM;1;0
Mark Begich;Alaska;2008;DEM;1;0
Robert Bird;Alaska;2008;AKI;0;0
Ted Stevens;Alaska;2008;REP;1;0
Mark L. Pryor;Arkansas;2008;DEM;1;0
Rebekah J. Kennedy;Arkansas;2008;GRE;1;0
Bob Schaffer;Colorado;2008;REP;1;0
Buddy Moore;Colorado;2008;IND;0;0
Douglas Campbell;Colorado;2008;CON;0;0
Mark Udall;Colorado;2008;DEM;1;0
Robert A. Kinsey;Colorado;2008;GRE;0;0
Christine O'Donnell;Delaware;2008;REP;1;0
Joseph R. Biden Jr.;Delaware;2008;DEM;1;0
Allen Buckley;Georgia;2008;LIB;0;0
Jim Martin;Georgia;2008;DEM;1;0
Saxby Chambliss;Georgia;2008;REP;1;0
James E. Risch;Idaho;2008;REP;1;0
Larry LaRocco;Idaho;2008;DEM;1;0
Rex Rammell;Idaho;2008;IND;1;0
Richard J. Durbin;Illinois;2008;DEM;1;0
Steve Sauerberg;Illinois;2008;REP;1;0
Christopher Reed;Iowa;2008;REP;1;0
Tom Harkin;Iowa;2008;DEM;1;0
Jim Slattery;Kansas;2008;DEM;1;0
Joseph L. Martin;Kansas;2008;REF;0;0
Pat Roberts;Kansas;2008;REP;1;0
Randall L. Hodgkinson;Kansas;2008;LIB;0;0
Bruce Lunsford;Kentucky;2008;DEM;1;0
Mitch McConnell;Kentucky;2008;REP;1;0
John Neely Kennedy;Louisiana;2008;REP;1;0
Mary L. Landrieu;Louisiana;2008;DEM;1;0
Richard M. Fontanesi;Louisiana;2008;LIB;0;0
Susan M. Collins;Maine;2008;REP;1;0
Thomas H. Allen;Maine;2008;DEM;1;0
Jeffrey K. Beatty;Massachusetts;2008;REP;1;0
John Kerry;Massachusetts;2008;DEM;1;0
Robert Jospeh Underwood;Massachusetts;2008;LIB;0;0
Carl Levin;Michigan;2008;DEM;1;0
Jacob W. Hoogendyk Jr.;Michigan;2008;REP;1;0
Al Franken;Minnesota;2008;DEM;1;0
Dean Barkley;Minnesota;2008;IDP;1;0
Norm Coleman;Minnesota;2008;REP;1;0
Erik R. Fleming;Mississippi;2008;DEM;1;0
Roger F. Wicker;Mississippi;2008;REP;1;0
Ronnie Musgrove;Mississippi;2008;DEM;1;0
Thad Cochran;Mississippi;2008;REP;1;0
Bob Kelleher;Montana;2008;REP;1;0
Max Baucus;Montana;2008;DEM;1;0
Mike Johanns;Nebraska;2008;REP;1;0
Scott Kleeb;Nebraska;2008;DEM;1;0
Jeanne Shaheen;New Hampshire;2008;DEM;1;0
John E. Sununu;New Hampshire;2008;REP;1;0
Ken Blevens;New Hampshire;2008;LIB;0;0
Daryl Mikell Brooks;New Jersey;2008;OTH;0;0
Dick Zimmer;New Jersey;2008;REP;1;0
Frank R. Lautenberg;New Jersey;2008;DEM;1;0
J. M. Carter;New Jersey;2008;OTH;0;0
Jason M. Scheurer;New Jersey;2008;LIB;0;0
Sara J. Lobman;New Jersey;2008;SWP;0;0
Stevan Pearce;New Mexico;2008;REP;1;0
Tom Udall;New Mexico;2008;DEM;1;0
Christopher Scott Cole;North Carolina;2008;LIB;0;0
Elizabeth H. Dole;North Carolina;2008;REP;1;0
Kay R. Hagan;North Carolina;2008;DEM;1;0
Andrew Rice;Oklahoma;2008;DEM;1;0
James M. Inhofe;Oklahoma;2008;REP;1;0
Stephen P. Wallace;Oklahoma;2008;IND;0;0
David M. Brownlow;Oregon;2008;CON;1;0
Gordon H. Smith;Oregon;2008;REP;1;0
Jeff Merkley;Oregon;2008;DEM;1;0
Steven Novick;Oregon;2008;DEM;0;0
Jack Reed;Rhode Island;2008;DEM;1;0
Robert G. Tingle;Rhode Island;2008;REP;1;0
Bob Conley;South Carolina;2008;DEM;1;0
Lindsey Graham;South Carolina;2008;REP;1;0
Joel D. Dykstra;South Dakota;2008;REP;1;0
Tim Johnson;South Dakota;2008;DEM;1;0
Lamar Alexander;Tennessee;2008;REP;1;0
Robert D. Tuke;Tennessee;2008;DEM;1;0
John Cornyn;Texas;2008;REP;1;0
Rick Noriega;Texas;2008;DEM;1;0
Yvonne Adams Schick;Texas;2008;LIB;0;0
Glenda Gail Parker;Virginia;2008;IGR;0;0
James S. Gilmore III;Virginia;2008;REP;1;0
Mark R. Warner;Virginia;2008;DEM;1;0
William B. Redpath;Virginia;2008;LIB;0;0
Jay Wolfe;West Virginia;2008;REP;1;0
John D. Rockefeller, IV;West Virginia;2008;DEM;1;0
Christopher Rothfuss;Wyoming;2008;DEM;1;0
John Barrasso;Wyoming;2008;REP;1;0
Michael B. Enzi;Wyoming;2008;REP;1;0
Nicholas H. Carter;Wyoming;2008;DEM;1;0
Richard C. Shelby;Alabama;2010;REP;1;0
William G. Barnes;Alabama;2010;DEM;1;0
Fredrick David Haase;Alaska;2010;LIB;0;0
Joe Miller;Alaska;2010;REP;1;0
Lisa Murkowski;Alaska;2010;REP;1;0
Lisa Murkowski;Alaska;2010;W;1;0
Scott T. McAdams;Alaska;2010;DEM;1;0
David F. Nolan;Arizona;2010;LIB;0;0
Gabrielle Giffords;Arizona;2010;DEM;0;0
J.D. Hayworth;Arizona;2010;REP;0;0
Jerry Joslyn;Arizona;2010;GRE;0;0
John McCain;Arizona;2010;REP;1;0
Rodney Britz Glassman;Arizona;2010;DEM;1;0
Bill Halter;Arkansas;2010;DEM;0;0
Blanche Lincoln;Arkansas;2010;DEM;1;0
Curtis Coleman;Arkansas;2010;REP;0;0
Gilbert Baker;Arkansas;2010;REP;0;0
John Boozman;Arkansas;2010;REP;1;0
John Laney Gray;Arkansas;2010;GRE;0;0
Kim Hendren;Arkansas;2010;REP;0;0
Trevor Drown;Arkansas;2010;IND;0;0
Barbara Boxer;California;2010;DEM;1;0
Carly Fiorina;California;2010;REP;1;0
Chuck DeVore;California;2010;REP;0;0
Duane Roberts;California;2010;GRE;0;0
Edward C. Noonan;California;2010;AIP;0;0
Gail Katherine Lightfoot;California;2010;LIB;0;0
Marsha J. Feinland;California;2010;PAF;0;0
Tom Campbell;California;2010;REP;0;0
Andrew Romanoff;Colorado;2010;DEM;0;0
Jane Bergman Norton;Colorado;2010;REP;0;0
Ken Buck;Colorado;2010;REP;1;0
Maclyn Stringer;Colorado;2010;LIB;0;0
Michael F. Bennet;Colorado;2010;DEM;1;0
Robert A. Kinsey;Colorado;2010;GRE;0;0
John Mertens;Connecticut;2010;OTH;0;0
Linda McMahon;Connecticut;2010;REP;1;0
Peter Schiff;Connecticut;2010;REP;0;0
Richard Blumenthal;Connecticut;2010;DEM;1;0
Robert R. Simmons;Connecticut;2010;REP;0;0
Warren Bruce Mosler;Connecticut;2010;IP;0;0
Beau Biden;Delaware;2010;DEM;0;0
Christine O'Donnell;Delaware;2010;REP;1;0
Christopher A. Coons;Delaware;2010;DEM;1;0
Michael N. Castle;Delaware;2010;REP;0;0
Alexander Andrew Snitker;Florida;2010;LIB;0;0
Charlie Crist;Florida;2010;IND;1;0
Jeff Greene;Florida;2010;DEM;0;0
Kendrick B. Meek;Florida;2010;DEM;1;0
Marco Rubio;Florida;2010;REP;1;0
Chuck Donovan;Georgia;2010;LIB;0;0
Johnny Isakson;Georgia;2010;REP;1;0
Michael Thurmond;Georgia;2010;DEM;1;0
Cam Cavasso;Hawaii;2010;REP;1;0
Daniel K. Inouye;Hawaii;2010;DEM;1;0
John Roco;Hawaii;2010;REP;0;0
Linda Lingle;Hawaii;2010;REP;0;0
Mike Crapo;Idaho;2010;REP;1;0
Randy Lynn Bergquist;Idaho;2010;CON;0;0
Tom Sullivan;Idaho;2010;DEM;1;0
Alexi Giannoulias;Illinois;2010;DEM;1;0
Cheryle Jackson;Illinois;2010;DEM;0;0
David Hoffman;Illinois;2010;DEM;0;0
LeAlan M. Jones;Illinois;2010;GRE;0;0
Mark Kirk;Illinois;2010;REP;1;0
Mike Labno;Illinois;2010;LIB;0;0
Brad Ellsworth;Indiana;2010;DEM;1;0
Daniel Coats;Indiana;2010;REP;1;0
Evan Bayh;Indiana;2010;DEM;0;0
John Nathan Hostettler;Indiana;2010;REP;0;0
Marlin A. Stutzman;Indiana;2010;REP;0;0
Mike Pence;Indiana;2010;REP;0;0
Rebecca Sink-Burris;Indiana;2010;LIB;1;0
Bob Krause;Iowa;2010;DEM;0;0
Chuck Grassley;Iowa;2010;REP;1;0
John Heiderscheit;Iowa;2010;LIB;0;0
Roxanne Conlin;Iowa;2010;DEM;1;0
Thomas L. Fiegen;Iowa;2010;DEM;0;0
Charles David Schollenberger;Kansas;2010;DEM;0;0
David Barton Haley;Kansas;2010;DEM;0;0
Jerry Moran;Kansas;2010;REP;1;0
Joseph K. Bellis;Kansas;2010;REF;0;0
Lisa Johnston;Kansas;2010;DEM;1;0
Michael William Dann;Kansas;2010;LIB;0;0
Todd Tiahrt;Kansas;2010;REP;0;0
Daniel Mongiardo;Kentucky;2010;DEM;0;0
Jack Conway;Kentucky;2010;DEM;1;0
Rand Paul;Kentucky;2010;REP;1;0
Trey Grayson;Kentucky;2010;REP;0;0
Charlie Melancon;Louisiana;2010;DEM;1;0
Chet D. Traylor;Louisiana;2010;REP;0;0
David Vitter;Louisiana;2010;REP;1;0
Ernest Durham Wooton;Louisiana;2010;OTH;0;0
Jay Dardenne;Louisiana;2010;REP;0;0
Michael Karlton Brown;Louisiana;2010;NPA;0;0
Michael Lane Spears;Louisiana;2010;OTH;0;0
Randall T. Hayes;Louisiana;2010;LIB;0;0
William R. McShan;Louisiana;2010;REF;0;0
Barbara A. Mikulski;Maryland;2010;DEM;1;0
Eric Wargotz;Maryland;2010;REP;1;0
Jim Rutledge;Maryland;2010;REP;0;0
Joseph L. Kennedy;Massachusetts;2010;LIB;0;0
Martha Coakley;Massachusetts;2010;DEM;1;0
Scott Brown;Massachusetts;2010;REP;1;0
Jerry Garth Beck;Missouri;2010;CON;0;0
Jonathan Dine;Missouri;2010;LIB;0;0
Robin Carnahan;Missouri;2010;DEM;1;0
Roy Blunt;Missouri;2010;REP;1;0
Danny Tarkanian;Nevada;2010;REP;0;0
Harry Reid;Nevada;2010;DEM;1;0
Jesse Holland;Nevada;2010;IND;0;0
Michael L. Haines;Nevada;2010;IND;0;0
Oscar Goodman;Nevada;2010;DEM;0;0
Scott Ashjian;Nevada;2010;TEA;0;0
Sharron Angle;Nevada;2010;REP;1;0
Shelley Berkley;Nevada;2010;DEM;0;0
Sue Lowden;Nevada;2010;REP;0;0
Timothy Fasano;Nevada;2010;IAP;0;0
Bill Binnie;New Hampshire;2010;REP;0;0
Charles Bass;New Hampshire;2010;REP;0;0
Chris Booth;New Hampshire;2010;IND;0;0
Kelly Ayotte;New Hampshire;2010;REP;1;0
Ken Blevens;New Hampshire;2010;LIB;0;0
Ovide Lamontagne;New Hampshire;2010;REP;0;0
Paul W. Hodes;New Hampshire;2010;DEM;1;0
Bruce Blakeman;New York;2010;REP;0;0
Charles E. Schumer;New York;2010;DEM;1;0
David Robert Malpass;New York;2010;REP;0;0
Gary Berntsen;New York;2010;REP;0;0
George Pataki;New York;2010;REP;0;0
Harold E. Ford Jr.;New York;2010;DEM;0;0
Jay Townsend;New York;2010;REP;1;0
Joseph J. DioGuardi;New York;2010;REP;1;0
Kirsten E. Gillibrand;New York;2010;DEM;1;0
Larry Kudlow;New York;2010;REP;0;0
William Colridge Thompson;New York;2010;DEM;0;0
Cal Cunningham;North Carolina;2010;DEM;0;0
Elaine Marshall;North Carolina;2010;DEM;1;0
Ken Lewis;North Carolina;2010;DEM;0;0
Michael A. Beitler;North Carolina;2010;LIB;0;0
Richard Burr;North Carolina;2010;REP;1;0
Edward Andrew Schultz;North Dakota;2010;DEM;0;0
Heidi Heitkamp;North Dakota;2010;DEM;0;0
John Hoeven;North Dakota;2010;REP;1;0
Tracy Potter;North Dakota;2010;DEM;1;0
Daniel H. La Botz;Ohio;2010;SUS;0;0
Eric W. Deaton;Ohio;2010;CON;0;0
Jennifer Brunner;Ohio;2010;DEM;0;0
Lee Fisher;Ohio;2010;DEM;1;0
Michael L. Pryce;Ohio;2010;IND;0;0
Rob Portman;Ohio;2010;REP;1;0
Brad Henry;Oklahoma;2010;DEM;0;0
Jim Rogers;Oklahoma;2010;DEM;1;0
Mark Myles;Oklahoma;2010;DEM;0;0
Ronald F. Dwyer;Oklahoma;2010;IND;0;0
Stephen P. Wallace;Oklahoma;2010;IND;0;0
Tom Coburn;Oklahoma;2010;REP;1;0
Bruce W. Cronk;Oregon;2010;OTH;0;0
Jim Huffman;Oregon;2010;REP;1;0
Marc L. Delphine;Oregon;2010;LIB;0;0
Richard K. Staggenborg;Oregon;2010;PRO;0;0
Ron Wyden;Oregon;2010;DEM;1;0
Arlen Specter;Pennsylvania;2010;DEM;0;0
Douglas Jamison;Pennsylvania;2010;LIB;0;0
Joe Sestak;Pennsylvania;2010;DEM;1;0
Mel Packer;Pennsylvania;2010;GRE;0;0
Patrick J. Toomey;Pennsylvania;2010;REP;1;0
Alvin Greene;South Carolina;2010;DEM;1;0
Jim DeMint;South Carolina;2010;REP;1;0
Thomas Clements;South Carolina;2010;GRE;1;0
Vic Rawl;South Carolina;2010;DEM;0;0
Mike Lee;Utah;2010;REP;1;0
Samuel Frank Granato;Utah;2010;DEM;1;0
Cris Ericson;Vermont;2010;OTH;0;0
Daniel Freilich;Vermont;2010;IND;0;0
Leonard Wheeler Britton;Vermont;2010;REP;1;0
Patrick J. Leahy;Vermont;2010;DEM;1;0
Pete Diamondstone;Vermont;2010;SUS;0;0
Stephen J. Cain;Vermont;2010;IND;0;0
Clint Didier;Washington;2010;REP;0;0
Dino Rossi;Washington;2010;REP;1;0
Don Benton;Washington;2010;REP;0;0
Patty Murray;Washington;2010;DEM;1;0
Paul Akers;Washington;2010;REP;0;0
Betty Ireland;West Virginia;2010;REP;0;0
Jesse Johnson;West Virginia;2010;MTP;1;0
Joe Manchin, III;West Virginia;2010;DEM;0;0
John Raese;West Virginia;2010;REP;1;0
Shelley Moore Capito;West Virginia;2010;REP;0;0
Dave Westlake;Wisconsin;2010;REP;0;0
Richard Jon Leinenkugel;Wisconsin;2010;REP;0;0
Ron Johnson;Wisconsin;2010;REP;1;0
Russ Feingold;Wisconsin;2010;DEM;1;0
Terrence R. Wall;Wisconsin;2010;REP;0;0
Tommy Thompson;Wisconsin;2010;REP;0;0
Jeff Flake;Arizona;2012;REP;1;0
Marc J. Victor;Arizona;2012;LIB;0;0
Richard Carmona;Arizona;2012;DEM;1;0
Wilford R Cardon;Arizona;2012;REP;0;0
Dianne Feinstein;California;2012;DEM;1;0
Elizabeth Emken;California;2012;REP;1;0
Christopher H. Shays;Connecticut;2012;REP;0;0
Christopher Murphy;Connecticut;2012;DEM;1;0
Linda McMahon;Connecticut;2012;REP;1;0
Paul Passarelli;Connecticut;2012;LIB;0;0
Robert R. Simmons;Connecticut;2012;REP;0;0
Susan Bysiewicz;Connecticut;2012;DEM;0;0
William M Tong;Connecticut;2012;DEM;0;0
Adam Hasner;Florida;2012;REP;0;0
Bill Nelson;Florida;2012;DEM;1;0
Chris Borgia;Florida;2012;NPA;0;0
Connie Mack;Florida;2012;REP;1;0
Craig Miller;Florida;2012;REP;0;0
David J. Weldon;Florida;2012;REP;0;0
Generic Candidate;Florida;2012;REP;0;0
George S. LeMieux;Florida;2012;REP;0;0
Mike McCallister;Florida;2012;REP;0;0
William G. Gaylor;Florida;2012;NPA;0;0
Brian Schatz;Hawaii;2012;DEM;0;0
Colleen W. Hanabusa;Hawaii;2012;DEM;0;0
Ed Case;Hawaii;2012;DEM;0;0
Linda Lingle;Hawaii;2012;REP;1;0
Mazie Hirono;Hawaii;2012;DEM;1;0
Mufi Hannemann;Hawaii;2012;DEM;0;0
Andrew Horning;Indiana;2012;LIB;1;0
Joe Donnelly;Indiana;2012;DEM;1;0
Richard G. Lugar;Indiana;2012;REP;0;0
Richard Mourdock;Indiana;2012;REP;1;0
Angus S. King Jr.;Maine;2012;IND;1;0
Charlie Summers;Maine;2012;REP;1;0
Chellie Pingree;Maine;2012;DEM;0;0
Cynthia Dill;Maine;2012;DEM;1;0
Benjamin L. Cardin;Maryland;2012;DEM;1;0
Daniel J. Bongino;Maryland;2012;REP;1;0
Dean A. Ahmad;Maryland;2012;LIB;0;0
Rob Sobhani;Maryland;2012;IND;1;0
Elizabeth Warren;Massachusetts;2012;DEM;1;0
James C. King;Massachusetts;2012;DEM;0;0
Marisa Defranco;Massachusetts;2012;DEM;0;0
Scott Brown;Massachusetts;2012;REP;1;0
Clark Durant;Michigan;2012;REP;0;0
Debbie Stabenow;Michigan;2012;DEM;1;0
Pete Hoekstra;Michigan;2012;REP;1;0
Scott Avery Boman;Michigan;2012;LIB;0;0
Amy Klobuchar;Minnesota;2012;DEM;1;0
Dan Severson;Minnesota;2012;REP;0;0
Joe Arwood;Minnesota;2012;REP;0;0
Kurt Patrick Bills;Minnesota;2012;REP;1;0
Claire McCaskill;Missouri;2012;DEM;1;0
John Brunner;Missouri;2012;REP;0;0
Jonathan Dine;Missouri;2012;LIB;1;0
Sarah H Steelman;Missouri;2012;REP;0;0
Todd Akin;Missouri;2012;REP;1;0
Dan Cox;Montana;2012;LIB;1;0
Denny Rehberg;Montana;2012;REP;1;0
Jon Tester;Montana;2012;DEM;1;0
Ben Nelson;Nebraska;2012;DEM;0;0
Bob Kerrey;Nebraska;2012;DEM;1;0
Deb Fischer;Nebraska;2012;REP;1;0
Don Stenberg;Nebraska;2012;REP;0;0
Jon C. Bruning;Nebraska;2012;REP;0;0
David Lory VanDerBeek;Nevada;2012;IAP;0;0
Dean Heller;Nevada;2012;REP;1;0
Shelley Berkley;Nevada;2012;DEM;1;0
Anna C. Little;New Jersey;2012;REP;0;0
Generic Candidate;New Jersey;2012;REP;0;0
Joe Kyrillos;New Jersey;2012;REP;1;0
Robert Menendez;New Jersey;2012;DEM;1;0
Greg Sowards;New Mexico;2012;REP;0;0
Heather A. Wilson;New Mexico;2012;REP;1;0
Hector H. Balderas;New Mexico;2012;DEM;0;0
John Sanchez;New Mexico;2012;REP;0;0
Jon Ross Barrie;New Mexico;2012;IND;0;0
Martin Heinrich;New Mexico;2012;DEM;1;0
Bob Turner;New York;2012;REP;0;0
George Maragos;New York;2012;REP;0;0
Harry Wilson;New York;2012;REP;0;0
Kirsten E. Gillibrand;New York;2012;DEM;1;0
Marc Cenedella;New York;2012;REP;0;0
Wendy E. Long;New York;2012;REP;1;0
Duane Sand;North Dakota;2012;REP;0;0
Heidi Heitkamp;North Dakota;2012;DEM;1;0
Rick Berg;North Dakota;2012;REP;1;0
Josh Mandel;Ohio;2012;REP;1;0
Scott Allen Rupert;Ohio;2012;IND;0;0
Sherrod Brown;Ohio;2012;DEM;1;0
Generic Candidate;Pennsylvania;2012;REP;0;0
Rayburn Smith;Pennsylvania;2012;LIB;0;0
Robert P. Casey Jr.;Pennsylvania;2012;DEM;1;0
Tom Smith;Pennsylvania;2012;REP;1;0
Barry Hinckley;Rhode Island;2012;REP;1;0
Sheldon Whitehouse;Rhode Island;2012;DEM;1;0
Bob Corker;Tennessee;2012;REP;1;0
Mark E. Clayton;Tennessee;2012;DEM;1;0
David B. Collins;Texas;2012;GRE;0;0
John Jay Myers;Texas;2012;LIB;0;0
Paul Sadler;Texas;2012;DEM;1;0
Ted Cruz;Texas;2012;REP;1;0
Orrin G. Hatch;Utah;2012;REP;1;0
Scott N. Howell;Utah;2012;DEM;1;0
George F. Allen;Virginia;2012;REP;1;0
Jamie L. Radtke;Virginia;2012;REP;0;0
Robert G Marshall;Virginia;2012;REP;0;0
Tim Kaine;Virginia;2012;DEM;1;0
Maria Cantwell;Washington;2012;DEM;1;0
Michael Baumgartner;Washington;2012;REP;1;0
Joe Manchin, III;West Virginia;2012;DEM;1;0
John Raese;West Virginia;2012;REP;1;0
Eric D Hovde;Wisconsin;2012;REP;0;0
Jeff Fitzgerald;Wisconsin;2012;REP;0;0
Mark W. Neumann;Wisconsin;2012;REP;0;0
Tammy Baldwin;Wisconsin;2012;DEM;1;0
Tommy Thompson;Wisconsin;2012;REP;1;0
Edward J. Markey;Massachusetts;2013;DEM;1;0
Gabriel E. Gomez;Massachusetts;2013;REP;1;0
Richard A. Heos;Massachusetts;2013;OTH;0;0
Cory A. Booker;New Jersey;2013;DEM;1;0
Steven M. Lonegan;New Jersey;2013;REP;1;0
Jeff Sessions;Alabama;2014;REP;0;0
Dan Sullivan;Alaska;2014;REP;1;0
Joe Miller;Alaska;2014;IND;0;0
Joe Miller;Alaska;2014;REP;0;0
Loren D. Leman;Alaska;2014;REP;0;0
Mark Begich;Alaska;2014;DEM;1;0
Mark S. Fish;Alaska;2014;LIB;0;0
Mead Treadwell;Alaska;2014;REP;0;0
Sarah Palin;Alaska;2014;REP;0;0
Sean R. Parnell;Alaska;2014;REP;0;0
Sidney Hill;Alaska;2014;IND;0;0
Ted Gianoutsos;Alaska;2014;IND;0;0
Vic Kohring;Alaska;2014;AIP;0;0
Zachary A. Kile;Alaska;2014;IND;0;0
Mark H. Swaney;Arkansas;2014;GRE;0;0
Mark L. Pryor;Arkansas;2014;DEM;1;0
Nathan LaFrance;Arkansas;2014;LIB;0;0
Rod Bryan;Arkansas;2014;IND;0;0
Tom Cotton;Arkansas;2014;REP;1;0
Amy Stephens;Colorado;2014;REP;0;0
Bob Beauprez;Colorado;2014;REP;0;0
Cory Gardner;Colorado;2014;REP;1;0
Gaylon Kent;Colorado;2014;LIB;0;0
Jaime McMillan;Colorado;2014;REP;0;0
Jane Bergman Norton;Colorado;2014;REP;0;0
John W. Suthers;Colorado;2014;REP;0;0
Ken Buck;Colorado;2014;REP;0;0
Mark Handley Aspiri;Colorado;2014;REP;0;0
Mark Udall;Colorado;2014;DEM;1;0
Owen Hill;Colorado;2014;REP;0;0
Randy L. Baumgardner;Colorado;2014;REP;0;0
Raul Acosta;Colorado;2014;IND;0;0
Scott Gessler;Colorado;2014;REP;0;0
Scott Tipton;Colorado;2014;REP;0;0
Steve Shogan;Colorado;2014;IND;0;0
Tom Tancredo;Colorado;2014;REP;0;0
Walker Stapleton;Colorado;2014;REP;0;0
William Robert Hammons;Colorado;2014;IND;0;0
Andrew Richard Groff;Delaware;2014;GRE;0;0
Christopher A. Coons;Delaware;2014;DEM;1;0
Kevin Wade;Delaware;2014;REP;1;0
Amanda Swafford;Georgia;2014;LIB;0;0
David A. Perdue;Georgia;2014;REP;1;0
Derrick E. Grayson;Georgia;2014;REP;0;0
Eugene C. Yu;Georgia;2014;REP;0;0
Jack Kingston;Georgia;2014;REP;0;0
Jason J. Carter;Georgia;2014;DEM;0;0
John Barrow;Georgia;2014;DEM;0;0
Karen Handel;Georgia;2014;REP;0;0
Kasim Reed;Georgia;2014;DEM;0;0
Mary Michelle Nunn;Georgia;2014;DEM;1;0
Max Cleland;Georgia;2014;DEM;0;0
Paul C. Broun;Georgia;2014;REP;0;0
Phil Gingrey;Georgia;2014;REP;0;0
Roy Barnes;Georgia;2014;DEM;0;0
Saxby Chambliss;Georgia;2014;REP;0;0
Tom Price;Georgia;2014;REP;0;0
Brian Schatz;Hawaii;2014;DEM;1;0
Cam Cavasso;Hawaii;2014;REP;1;0
Colleen W. Hanabusa;Hawaii;2014;DEM;0;0
James E. Risch;Idaho;2014;REP;1;0
Nels Mitchell;Idaho;2014;DEM;1;0
Chad Koppie;Illinois;2014;REP;0;0
Douglas Lee Truax;Illinois;2014;REP;0;0
James D. Oberweis;Illinois;2014;REP;1;0
Joe Walsh;Illinois;2014;REP;0;0
Patrick Hughes;Illinois;2014;REP;0;0
Richard J. Durbin;Illinois;2014;DEM;1;0
Robert Dold;Illinois;2014;REP;0;0
Sharon Hansen;Illinois;2014;LIB;0;0
Bob Quast;Iowa;2014;IND;0;0
Bob Vander Plaats;Iowa;2014;REP;0;0
Bruce L. Braley;Iowa;2014;DEM;1;0
Chet Culver;Iowa;2014;DEM;0;0
Dave Loebsack;Iowa;2014;DEM;0;0
David Young;Iowa;2014;REP;0;0
Douglas Butzier;Iowa;2014;LIB;0;0
Joni K. Ernst;Iowa;2014;REP;1;0
Kim Reynolds;Iowa;2014;REP;0;0
Mark Jacobs;Iowa;2014;REP;0;0
Matt Whitaker;Iowa;2014;REP;0;0
Rick W. Stewart;Iowa;2014;IND;0;0
Ruth Smith;Iowa;2014;IND;0;0
Sam Clovis;Iowa;2014;REP;0;0
Scott Schaben;Iowa;2014;REP;0;0
Steve King;Iowa;2014;REP;0;0
Tom Latham;Iowa;2014;REP;0;0
Tom Vilsack;Iowa;2014;DEM;0;0
Carl Brewer;Kansas;2014;DEM;0;0
Chadwick J. Taylor;Kansas;2014;DEM;0;0
Gregory Orman;Kansas;2014;IND;1;0
Kathleen Sebelius;Kansas;2014;DEM;0;0
Mark Vincent Parkinson;Kansas;2014;DEM;0;0
Milton Wolf;Kansas;2014;REP;0;0
Pat Roberts;Kansas;2014;REP;1;0
Patrick Wiesner;Kansas;2014;DEM;0;0
Randall A. Batson;Kansas;2014;LIB;0;0
Tim Huelskamp;Kansas;2014;REP;0;0
Adam H. Edelen;Kentucky;2014;DEM;0;0
Albert Ben Chandler;Kentucky;2014;DEM;0;0
Alison Lundergan Grimes;Kentucky;2014;DEM;1;0
Ashley Judd;Kentucky;2014;DEM;0;0
David Patterson;Kentucky;2014;LIB;0;0
Ed Marksberry;Kentucky;2014;DEM;0;0
Ed Marksberry;Kentucky;2014;IND;0;0
Greg Fischer;Kentucky;2014;DEM;0;0
Heather French Henry;Kentucky;2014;DEM;0;0
Jack Conway;Kentucky;2014;DEM;0;0
Jerry E. Abramson;Kentucky;2014;DEM;0;0
John Yarmuth;Kentucky;2014;DEM;0;0
Matthew Barzun;Kentucky;2014;DEM;0;0
Matthew G. Bevin;Kentucky;2014;REP;0;0
Mitch McConnell;Kentucky;2014;REP;1;0
Tom FitzGerald;Kentucky;2014;DEM;0;0
Bill Cassidy;Louisiana;2014;REP;1;0
Brannon McMorris;Louisiana;2014;LIB;0;0
Charles W. Boustany Jr.;Louisiana;2014;REP;0;0
Chas Roemer;Louisiana;2014;REP;0;0
Don Reaux;Louisiana;2014;DEM;0;0
Elbert Lee Guillory;Louisiana;2014;REP;0;0
Jay Dardenne;Louisiana;2014;REP;0;0
Jeff Landry;Louisiana;2014;REP;0;0
John Fleming;Louisiana;2014;REP;0;0
Mary L. Landrieu;Louisiana;2014;DEM;1;0
Paul Hollis;Louisiana;2014;REP;0;0
Piyush Amrit Jindal;Louisiana;2014;REP;0;0
Raymond Brown;Louisiana;2014;DEM;0;0
Rob Maness;Louisiana;2014;REP;0;0
Steve Scalise;Louisiana;2014;REP;0;0
Thomas Clements;Louisiana;2014;REP;0;0
Vallian Senegal;Louisiana;2014;DEM;0;0
Wayne Ables;Louisiana;2014;DEM;0;0
William Waymire;Louisiana;2014;DEM;0;0
Bruce Poliquin;Maine;2014;REP;0;0
Charlie Summers;Maine;2014;REP;0;0
Chellie Pingree;Maine;2014;DEM;0;0
Eliot R. Cutler;Maine;2014;IND;0;0
Erick M. Bennett;Maine;2014;IND;0;0
Michael H. Michaud;Maine;2014;DEM;0;0
Shenna Bellows;Maine;2014;DEM;1;0
Susan M. Collins;Maine;2014;REP;1;0
Brian J. Herr;Massachusetts;2014;REP;1;0
Edward J. Markey;Massachusetts;2014;DEM;1;0
Frank John Addivinola;Massachusetts;2014;REP;0;0
Gabriel E. Gomez;Massachusetts;2014;REP;0;0
Richard R. Tisei;Massachusetts;2014;REP;0;0
Scott Brown;Massachusetts;2014;REP;0;0
William F. Weld;Massachusetts;2014;REP;0;0
Chris Wahmhoff;Michigan;2014;GRE;0;0
Dave Camp;Michigan;2014;REP;0;0
Gary C. Peters;Michigan;2014;DEM;1;0
Jennifer Granholm;Michigan;2014;DEM;0;0
Jim Fulner;Michigan;2014;LIB;0;0
Justin Amash;Michigan;2014;REP;0;0
Kimberly Small;Michigan;2014;REP;0;0
Mike Rogers;Michigan;2014;REP;0;0
Richard A. Matkin;Michigan;2014;IND;0;0
Rob Steele;Michigan;2014;REP;0;0
Roger N. Kahn;Michigan;2014;REP;0;0
Saul Anuzis;Michigan;2014;REP;0;0
Scott Romney;Michigan;2014;REP;0;0
Terri Lynn Land;Michigan;2014;REP;1;0
Al Franken;Minnesota;2014;DEM;1;0
Chris Dahlberg;Minnesota;2014;REP;0;0
David Carlson;Minnesota;2014;REP;0;0
Erik Paulsen;Minnesota;2014;REP;0;0
Harold Shudlick;Minnesota;2014;REP;0;0
Heather Johnson;Minnesota;2014;LIB;0;0
Jason Lewis;Minnesota;2014;REP;0;0
Jim Abeler;Minnesota;2014;REP;0;0
John Kline;Minnesota;2014;REP;0;0
Julianne E. Ortman;Minnesota;2014;REP;0;0
Julie A. Rosen;Minnesota;2014;REP;0;0
Kevin Terrell;Minnesota;2014;IDP;0;0
Michele Bachmann;Minnesota;2014;REP;0;0
Mike McFadden;Minnesota;2014;REP;1;0
Monti Moreno;Minnesota;2014;REP;0;0
Norm Coleman;Minnesota;2014;REP;0;0
Ole Savior;Minnesota;2014;REP;0;0
Patrick D. Munro;Minnesota;2014;REP;0;0
Richard W. Stanek;Minnesota;2014;REP;0;0
Stephen W. Carlson;Minnesota;2014;IDP;0;0
Chris McDaniel;Mississippi;2014;REP;0;0
Delbert Hosemann;Mississippi;2014;REP;0;0
Jim Hood;Mississippi;2014;DEM;0;0
Ronnie Musgrove;Mississippi;2014;DEM;0;0
Shawn R. O'Hara;Mississippi;2014;REF;0;0
Thad Cochran;Mississippi;2014;REP;1;0
Travis W. Childers;Mississippi;2014;DEM;1;0
Amanda G. Curtis;Montana;2014;DEM;1;0
Brian Schweitzer;Montana;2014;DEM;0;0
Champ Edmunds;Montana;2014;REP;0;0
Corey Stapleton;Montana;2014;REP;0;0
Denise Juneau;Montana;2014;DEM;0;0
John C. Bohlinger;Montana;2014;DEM;0;0
John E. Walsh;Montana;2014;DEM;0;0
Marc Racicot;Montana;2014;REP;0;0
Max Baucus;Montana;2014;DEM;0;0
Monica J. Lindeen;Montana;2014;DEM;0;0
Nancy Keenan;Montana;2014;DEM;0;0
Roger Roots;Montana;2014;LIB;0;0
Steve Daines;Montana;2014;REP;1;0
Tim Fox;Montana;2014;REP;0;0
Ben Sasse;Nebraska;2014;REP;1;0
Dave Domina;Nebraska;2014;DEM;1;0
Shane Osborn;Nebraska;2014;REP;0;0
Charles Bass;New Hampshire;2014;REP;0;0
Dan Innis;New Hampshire;2014;REP;0;0
Gardner Goldsmith;New Hampshire;2014;LIB;0;0
Jeanne Shaheen;New Hampshire;2014;DEM;1;0
Jeb E. Bradley;New Hampshire;2014;REP;0;0
Jim M. Rubens;New Hampshire;2014;REP;0;0
John E. Sununu;New Hampshire;2014;REP;0;0
Karen Y. Testerman;New Hampshire;2014;REP;0;0
Robert C. Smith;New Hampshire;2014;REP;0;0
Scott Brown;New Hampshire;2014;REP;1;0
Cory A. Booker;New Jersey;2014;DEM;1;0
Geraldo Rivera;New Jersey;2014;REP;0;0
Jeff Bell;New Jersey;2014;REP;1;0
Murray Sabrin;New Jersey;2014;REP;0;0
Allen E. Weh;New Mexico;2014;REP;1;0
David Clements;New Mexico;2014;REP;0;0
Tom Udall;New Mexico;2014;DEM;1;0
Alex Lee Bradshaw;North Carolina;2014;REP;0;0
Cherie Killian Berry;North Carolina;2014;REP;0;0
Dan Forest;North Carolina;2014;REP;0;0
Edward Thadde Kryn;North Carolina;2014;REP;0;0
George Holding;North Carolina;2014;REP;0;0
Greg Brannon;North Carolina;2014;REP;0;0
Heather Grant;North Carolina;2014;REP;0;0
Jim Cain;North Carolina;2014;REP;0;0
Jim Snyder;North Carolina;2014;REP;0;0
Kay R. Hagan;North Carolina;2014;DEM;1;0
Lynn Wheeler;North Carolina;2014;REP;0;0
Mark Harris;North Carolina;2014;REP;0;0
Patrick T. McHenry;North Carolina;2014;REP;0;0
Philip Edward Berger;North Carolina;2014;REP;0;0
Renee L. Ellmers;North Carolina;2014;REP;0;0
Robert Pittenger;North Carolina;2014;REP;0;0
Sean Newton Haugh;North Carolina;2014;LIB;0;0
Terry Embler;North Carolina;2014;REP;0;0
Thomas Roland Tillis;North Carolina;2014;REP;1;0
Virginia Foxx;North Carolina;2014;REP;0;0
William Flynn;North Carolina;2014;REP;0;0
William Theodore Alexander;North Carolina;2014;REP;0;0
Aaron DeLozier;Oklahoma;2014;IND;0;0
Constance N. Johnson;Oklahoma;2014;DEM;1;0
James Lankford;Oklahoma;2014;REP;1;0
James M. Inhofe;Oklahoma;2014;REP;1;0
Jim Rogers;Oklahoma;2014;DEM;0;0
Joan E. Farr;Oklahoma;2014;IND;0;0
Mark Beard;Oklahoma;2014;IND;0;0
Matt Silverstein;Oklahoma;2014;DEM;1;0
Ray Woods;Oklahoma;2014;IND;0;0
Allen Alley;Oregon;2014;REP;0;0
Bruce L. Hanna;Oregon;2014;REP;0;0
Bruce Starr;Oregon;2014;REP;0;0
Christina Jean Lugo;Oregon;2014;GRE;0;0
Gordon H. Smith;Oregon;2014;REP;0;0
Greg Walden;Oregon;2014;REP;0;0
Jason Conger;Oregon;2014;REP;0;0
Jeff Merkley;Oregon;2014;DEM;1;0
Karl King;Oregon;2014;IND;0;0
Mike Montchalin;Oregon;2014;LIB;0;0
Monica Wehby;Oregon;2014;REP;1;0
Allan W. Fung;Rhode Island;2014;REP;0;0
Brendan P. Doherty;Rhode Island;2014;REP;0;0
Donald Carcieri;Rhode Island;2014;REP;0;0
Jack Reed;Rhode Island;2014;DEM;1;0
Mark S. Zaccaria;Rhode Island;2014;REP;1;0
Scott Avedisian;Rhode Island;2014;REP;0;0
Charles Bradley Hutto;South Carolina;2014;DEM;1;0
Jay Stamper;South Carolina;2014;DEM;0;0
Jill Bossi;South Carolina;2014;IND;0;0
Joyce Dickerson;South Carolina;2014;DEM;1;0
Lindsey Graham;South Carolina;2014;REP;1;0
Nancy Mace;South Carolina;2014;REP;0;0
Thomas Ravenel;South Carolina;2014;IND;0;0
Tim Scott;South Carolina;2014;REP;1;0
Victor Kocher;South Carolina;2014;LIB;0;0
Annette Bosworth;South Dakota;2014;REP;0;0
Brendan Johnson;South Dakota;2014;DEM;0;0
Gordon K. Howie;South Dakota;2014;IND;0;0
Kristi L. Noem;South Dakota;2014;REP;0;0
Kurt Evans;South Dakota;2014;LIB;0;0
Larry Pressler;South Dakota;2014;IND;1;0
Larry R. Rhoden;South Dakota;2014;REP;0;0
M. Michael Rounds;South Dakota;2014;REP;1;0
Richard P. Weiland;South Dakota;2014;DEM;1;0
Stacey Victor Nelson;South Dakota;2014;REP;0;0
Stephanie Herseth Sandlin;South Dakota;2014;DEM;0;0
Tim Johnson;South Dakota;2014;DEM;0;0
Lamar Alexander;Tennessee;2014;REP;1;0
Terry Adams;Tennessee;2014;DEM;0;0
Tom Emerson;Tennessee;2014;IND;0;0
William Gordon Ball;Tennessee;2014;DEM;1;0
Annise D. Parker;Texas;2014;DEM;0;0
Bill White;Texas;2014;DEM;0;0
David M. Alameel;Texas;2014;DEM;1;0
Emily Sanchez;Texas;2014;GRE;0;0
John Cornyn;Texas;2014;REP;1;0
Julin Castro;Texas;2014;DEM;0;0
Louie Gohmert;Texas;2014;REP;0;0
Rebecca Paddock;Texas;2014;LIB;0;0
Wendy R. Davis;Texas;2014;DEM;0;0
Ed W. Gillespie;Virginia;2014;REP;1;0
Eric Cantor;Virginia;2014;REP;0;0
Mark R. Warner;Virginia;2014;DEM;1;0
Robert C. Sarvis;Virginia;2014;LIB;0;0
Robert Francis McDonnell;Virginia;2014;REP;0;0
Robert G Marshall;Virginia;2014;REP;0;0
William T. Bolling;Virginia;2014;REP;0;0
Carte Goodwin;West Virginia;2014;DEM;0;0
Natalie E. Tennant;West Virginia;2014;DEM;1;0
Nick J. Rahall II;West Virginia;2014;DEM;0;0
Patrick Riley McGeehan;West Virginia;2014;REP;0;0
Robin Jean Davis;West Virginia;2014;DEM;0;0
Sheirl Lee Fletcher;West Virginia;2014;DEM;0;0
Shelley Moore Capito;West Virginia;2014;REP;1;0
Charlie Hardy;Wyoming;2014;DEM;1;0
Dave Freudenthal;Wyoming;2014;DEM;0;0
Gary Trauner;Wyoming;2014;DEM;0;0
Liz Cheney;Wyoming;2014;REP;0;0
Michael B. Enzi;Wyoming;2014;REP;1;0
Rex Wilde;Wyoming;2014;DEM;0;0
Richard C. Shelby;Alabama;2016;REP;1;0
Ronald Steven Crumpton;Alabama;2016;DEM;1;0
Breck A. Craig;Alaska;2016;NA;0;0
Cean M. Stevens;Alaska;2016;LIB;0;0
Joe Miller;Alaska;2016;LIB;1;0
Lisa Murkowski;Alaska;2016;REP;1;0
Margaret Stock;Alaska;2016;N;1;0
Ray Metcalfe;Alaska;2016;DEM;1;0
Ted Gianoutsos;Alaska;2016;N;0;0
Ann Kirkpatrick;Arizona;2016;DEM;1;0
Gary Swing;Arizona;2016;GRE;1;0
John McCain;Arizona;2016;REP;1;0
Kelli Ward;Arizona;2016;REP;0;0
Conner W. Eldridge;Arkansas;2016;DEM;1;0
Frank Gilbert;Arkansas;2016;LIB;0;0
John Boozman;Arkansas;2016;REP;1;0
Mike Beebe;Arkansas;2016;DEM;0;0
Adam B. Schiff;California;2016;DEM;0;0
Antonio Villaraigosa;California;2016;DEM;0;0
David T. Dreier;California;2016;REP;0;0
George Sundheim;California;2016;REP;0;0
Kamala D. Harris;California;2016;DEM;1;1
Loretta Sanchez;California;2016;DEM;1;1
Rocky J. Chavez;California;2016;REP;0;0
Ron Unz;California;2016;REP;0;0
Thomas Del Beccaro;California;2016;REP;0;0
Arn Menconi;Colorado;2016;GRE;0;0
Cynthia Coffman;Colorado;2016;REP;0;0
Darryl Glenn;Colorado;2016;REP;1;0
Lily Tang Williams;Colorado;2016;LIB;0;0
Michael F. Bennet;Colorado;2016;DEM;1;0
Mike Coffman;Colorado;2016;REP;0;0
William Robert Hammons;Colorado;2016;UNI;0;0
August Wolf;Connecticut;2016;REP;0;0
Dan Carter;Connecticut;2016;REP;1;0
Richard Blumenthal;Connecticut;2016;DEM;1;0
Alan Grayson;Florida;2016;DEM;0;0
Allen West;Florida;2016;REP;0;0
Anton Khoury;Florida;2016;NNE;0;0
Basil E. Dalack;Florida;2016;NNE;0;0
Carlos Beruff;Florida;2016;REP;0;0
Carlos Lopez-Cantera;Florida;2016;REP;0;0
David W. Jolly;Florida;2016;REP;0;0
Debbie Wasserman Schultz;Florida;2016;DEM;0;0
Jeff Atwater;Florida;2016;REP;0;0
Marco Rubio;Florida;2016;REP;1;0
Pam Bondi;Florida;2016;REP;0;0
Patrick Murphy;Florida;2016;DEM;1;0
Paul Anthony Stanton;Florida;2016;LIB;0;0
Ron DeSantis;Florida;2016;REP;0;0
Steven Machat;Florida;2016;NNE;0;0
Todd Wilcox;Florida;2016;REP;0;0
Allen Buckley;Georgia;2016;LIB;0;0
Jim Barksdale;Georgia;2016;DEM;1;0
Johnny Isakson;Georgia;2016;REP;1;0
Brian Schatz;Hawaii;2016;DEM;1;0
John Stanley Carroll;Hawaii;2016;REP;1;0
Jerry Sturgill;Idaho;2016;DEM;1;0
Marvin Richardson;Idaho;2016;CON;0;0
Mike Crapo;Idaho;2016;REP;1;0
Raymond J. Writz;Idaho;2016;CON;0;0
Kenton McMillen;Illinois;2016;LIB;0;0
Mark Kirk;Illinois;2016;REP;1;0
Scott K. Summers;Illinois;2016;GRE;0;0
Tammy Duckworth;Illinois;2016;DEM;1;0
Evan Bayh;Indiana;2016;DEM;1;0
Lucy M. Brenton;Indiana;2016;LIB;1;0
Todd C. Young;Indiana;2016;REP;1;0
Charles A. Aldrich;Iowa;2016;LIB;0;0
Chuck Grassley;Iowa;2016;REP;1;0
Patty Judge;Iowa;2016;DEM;1;0
Tom Vilsack;Iowa;2016;DEM;0;0
Jerry Moran;Kansas;2016;REP;1;0
Kathleen Sebelius;Kansas;2016;DEM;0;0
Monique Singh;Kansas;2016;DEM;0;0
Patrick Wiesner;Kansas;2016;DEM;1;0
Robert David Garrard;Kansas;2016;LIB;1;0
Jim Gray;Kentucky;2016;DEM;1;0
Rand Paul;Kentucky;2016;REP;1;0
Steve Beshear;Kentucky;2016;DEM;0;0
Thomas Massie;Kentucky;2016;REP;0;0
Abhay Patel;Louisiana;2016;REP;0;0
Anh Quang Cao;Louisiana;2016;REP;0;0
Caroline Fayard;Louisiana;2016;DEM;0;0
Charles W. Boustany Jr.;Louisiana;2016;REP;0;0
David Duke;Louisiana;2016;REP;0;0
Derrick Edwards;Louisiana;2016;DEM;0;0
Eric Skrmetta;Louisiana;2016;REP;0;0
Foster L. Campbell;Louisiana;2016;DEM;1;0
Gary Landrieu;Louisiana;2016;DEM;0;0
John Fleming;Louisiana;2016;REP;0;0
John Neely Kennedy;Louisiana;2016;REP;1;0
John Young;Louisiana;2016;REP;0;0
Joshua Pellerin;Louisiana;2016;DEM;0;0
Rob Maness;Louisiana;2016;REP;0;0
Scott A. Angelle;Louisiana;2016;REP;0;0
Troy M. Hebert;Louisiana;2016;IND;0;0
Vinny Mendoza;Louisiana;2016;DEM;0;0
Chris Van Hollen;Maryland;2016;DEM;1;0
Donna F. Edwards;Maryland;2016;DEM;0;0
Kathy Szeliga;Maryland;2016;REP;1;0
Margaret Flowers;Maryland;2016;GRE;0;0
Fred Ryman;Missouri;2016;CON;0;0
Jason Kander;Missouri;2016;DEM;1;0
Johnathan McFarland;Missouri;2016;GRE;0;0
Jonathan Dine;Missouri;2016;LIB;0;0
Roy Blunt;Missouri;2016;REP;1;0
Adam Paul Laxalt;Nevada;2016;REP;0;0
Brian E. Sandoval;Nevada;2016;REP;0;0
Brian K. Krolicki;Nevada;2016;REP;0;0
Catherine Cortez Masto;Nevada;2016;DEM;1;0
Dina Titus;Nevada;2016;DEM;0;0
Harry Reid;Nevada;2016;DEM;0;0
Jarrod M. Williams;Nevada;2016;NNE;0;0
Joseph J. Heck;Nevada;2016;REP;1;0
Michael Roberson;Nevada;2016;REP;0;0
Sharron Angle;Nevada;2016;REP;0;0
Tom F. Jones;Nevada;2016;IND;0;0
Tom Sawyer;Nevada;2016;NNE;0;0
Tony Gumina;Nevada;2016;NNE;0;0
Aaron Day;New Hampshire;2016;IND;0;0
Annie Kuster;New Hampshire;2016;DEM;0;0
Brian Chabot;New Hampshire;2016;LIB;0;0
Christopher Sununu;New Hampshire;2016;REP;0;0
Colin Van Ostern;New Hampshire;2016;DEM;0;0
Donnalee Lozeau;New Hampshire;2016;REP;0;0
Jacalyn L. Cilley;New Hampshire;2016;DEM;0;0
Jeb E. Bradley;New Hampshire;2016;REP;0;0
Jim M. Rubens;New Hampshire;2016;REP;0;0
Kelly Ayotte;New Hampshire;2016;REP;1;0
Margaret Wood Hassan;New Hampshire;2016;DEM;1;0
Ovide Lamontagne;New Hampshire;2016;REP;0;0
Charles E. Schumer;New York;2016;DEM;1;0
Wendy E. Long;New York;2016;REP;1;0
Allen Joines;North Carolina;2016;DEM;0;0
Anthony Foxx;North Carolina;2016;DEM;0;0
Christia Virdelle Rey;North Carolina;2016;DEM;0;0
Daniel Terry Blue;North Carolina;2016;DEM;0;0
Deborah K. Ross;North Carolina;2016;DEM;1;0
Grier Martin;North Carolina;2016;DEM;0;0
Janet Cowell;North Carolina;2016;DEM;0;0
Jeff Jackson;North Carolina;2016;DEM;0;0
Kay R. Hagan;North Carolina;2016;DEM;0;0
Kevin Day Griffin;North Carolina;2016;DEM;0;0
Pat McCrory;North Carolina;2016;REP;0;0
Ralph Bradley Miller;North Carolina;2016;DEM;0;0
Richard Burr;North Carolina;2016;REP;1;0
Roy A. Cooper;North Carolina;2016;DEM;0;0
Sean Newton Haugh;North Carolina;2016;LIB;0;0
Tom Ross;North Carolina;2016;DEM;0;0
Eliot Glassheim;North Dakota;2016;DEM;1;0
John Hoeven;North Dakota;2016;REP;1;0
Joseph Rosario DeMare;Ohio;2016;GRE;0;0
P.G.  Sittenfeld;Ohio;2016;DEM;0;0
Rob Portman;Ohio;2016;REP;1;0
Scott Allen Rupert;Ohio;2016;NNE;0;0
Ted Strickland;Ohio;2016;DEM;1;0
Tom Connors;Ohio;2016;NNE;0;0
James Lankford;Oklahoma;2016;REP;1;0
Mike Workman;Oklahoma;2016;DEM;1;0
Mark Callahan;Oregon;2016;REP;1;0
Ron Wyden;Oregon;2016;DEM;1;0
Chris Matthews;Pennsylvania;2016;DEM;0;0
Ed Pawlowski;Pennsylvania;2016;DEM;0;0
Edward G. Rendell;Pennsylvania;2016;DEM;0;0
Edward T. Clifford;Pennsylvania;2016;LIB;0;0
Everett Stern;Pennsylvania;2016;IND;0;0
Joe Sestak;Pennsylvania;2016;DEM;0;0
John Kart Fetterman;Pennsylvania;2016;DEM;0;0
Josh Shapiro;Pennsylvania;2016;DEM;0;0
Kathleen Alana McGinty;Pennsylvania;2016;DEM;1;0
Kathleen Kane;Pennsylvania;2016;DEM;0;0
Michael Nutter;Pennsylvania;2016;DEM;0;0
Patrick J. Toomey;Pennsylvania;2016;REP;1;0
Bill Bledsoe;South Carolina;2016;LIB;0;0
Joyce Dickerson;South Carolina;2016;DEM;0;0
Rebel Michael Scarborough;South Carolina;2016;AMP;0;0
Thomas Dixon;South Carolina;2016;DEM;1;0
Tim Scott;South Carolina;2016;REP;1;0
Jay H. Williams;South Dakota;2016;DEM;1;0
John Thune;South Dakota;2016;REP;1;0
Jim Matheson;Utah;2016;DEM;0;0
Jonathan Swinton;Utah;2016;DEM;0;0
Mike Lee;Utah;2016;REP;1;0
Misty Katherine Snow;Utah;2016;DEM;1;0
Stone Teiko Fonua;Utah;2016;IAP;0;0
William C. Barron;Utah;2016;IND;0;0
Cris Ericson;Vermont;2016;OTH;0;0
Jerry P. Trudell;Vermont;2016;IND;0;0
Patrick J. Leahy;Vermont;2016;DEM;1;0
Pete Diamondstone;Vermont;2016;LBU;0;0
Scott Milne;Vermont;2016;REP;1;0
Chris Vance;Washington;2016;REP;1;0
Patty Murray;Washington;2016;DEM;1;0
Gwen Moore;Wisconsin;2016;DEM;0;0
Marc Pocan;Wisconsin;2016;DEM;0;0
Mary Burke;Wisconsin;2016;DEM;0;0
Phillip N. Anderson;Wisconsin;2016;LIB;0;0
Ron Johnson;Wisconsin;2016;REP;1;0
Ron Kind;Wisconsin;2016;DEM;0;0
Russ Feingold;Wisconsin;2016;DEM;1;0
Arlester McBride;Alabama;2017;W;0;0
Chanda Mills Crutcher;Alabama;2017;W;0;0
Eulas Kirtdoll;Alabama;2017;W;0;0
Gordon Douglas Jones;Alabama;2017;DEM;1;0
Lee Busby;Alabama;2017;IND;0;0
Luther J. Strange;Alabama;2017;W;0;0
Mac Watson;Alabama;2017;W;0;0
Ron Bishop;Alabama;2017;W;0;0
Roy S. Moore;Alabama;2017;REP;1;0
Adam C. Kokesh;Arizona;2018;LIB;0;0
Angela Green;Arizona;2018;GRE;0;0
Joe Arpaio;Arizona;2018;REP;0;0
Kelli Ward;Arizona;2018;REP;0;0
Kyrsten Sinema;Arizona;2018;DEM;1;0
Martha McSally;Arizona;2018;REP;1;0
Dianne Feinstein;California;2018;DEM;1;1
Kevin de Len;California;2018;DEM;1;1
Christopher Murphy;Connecticut;2018;DEM;1;0
Matthew Corey;Connecticut;2018;REP;1;0
Demitri G. Theodoropoulos;Delaware;2018;GRE;0;0
Nadine M. Frost;Delaware;2018;LIB;0;0
Rob Arlett;Delaware;2018;REP;1;0
Thomas R. Carper;Delaware;2018;DEM;1;0
Bill Nelson;Florida;2018;DEM;1;0
Rick Scott;Florida;2018;REP;1;0
Joe Donnelly;Indiana;2018;DEM;1;0
Lucy M. Brenton;Indiana;2018;LIB;0;0
Mike Braun;Indiana;2018;REP;1;0
Angus S. King Jr.;Maine;2018;IND;1;0
Eric L. Brakey;Maine;2018;REP;1;0
Zak Ringelstein;Maine;2018;DEM;1;0
Arvin Vohra;Maryland;2018;LIB;0;0
Benjamin L. Cardin;Maryland;2018;DEM;1;0
Neal Simon;Maryland;2018;IND;0;0
Tony Campbell;Maryland;2018;REP;1;0
Elizabeth Warren;Massachusetts;2018;DEM;1;0
Geoff Diehl;Massachusetts;2018;REP;1;0
Shiva Ayyadurai;Massachusetts;2018;IND;0;0
Debbie Stabenow;Michigan;2018;DEM;1;0
George E. Huffman;Michigan;2018;UST;0;0
John Howard Wilhelm;Michigan;2018;NLP;0;0
John James;Michigan;2018;REP;1;0
Marcia Squier;Michigan;2018;GRE;0;0
Amy Klobuchar;Minnesota;2018;DEM;1;0
Dennis Schuller;Minnesota;2018;IND;0;0
Jerry Trooien;Minnesota;2018;IND;0;0
Jim Newberger;Minnesota;2018;REP;1;0
Karin Housley;Minnesota;2018;REP;1;0
Paula M. Overby;Minnesota;2018;GRE;0;0
Sarah Wellington;Minnesota;2018;IND;0;0
Tina Smith;Minnesota;2018;DEM;1;0
Chris McDaniel;Mississippi;2018;REP;0;0
Cindy Hyde-Smith;Mississippi;2018;REP;1;0
Danny Bedwell;Mississippi;2018;LIB;0;0
David Baria;Mississippi;2018;DEM;1;0
Jason Shelton;Mississippi;2018;DEM;0;0
Mike Espy;Mississippi;2018;DEM;1;0
Roger F. Wicker;Mississippi;2018;REP;1;0
Shawn R. O'Hara;Mississippi;2018;REF;0;0
Tobey Bartee;Mississippi;2018;DEM;0;0
Claire McCaskill;Missouri;2018;DEM;1;0
Craig S. O'Dear;Missouri;2018;IND;0;0
Japheth R. Campbell;Missouri;2018;LIB;0;0
Jo Crain;Missouri;2018;GRE;0;0
Josh Hawley;Missouri;2018;REP;1;0
Jon Tester;Montana;2018;DEM;1;0
Matt Rosendale;Montana;2018;REP;1;0
Rick Breckenridge;Montana;2018;LIB;0;0
Deb Fischer;Nebraska;2018;REP;1;0
Jane Raybould;Nebraska;2018;DEM;1;0
Barry Michaels;Nevada;2018;IND;0;0
Dean Heller;Nevada;2018;REP;1;0
Jacky Rosen;Nevada;2018;DEM;1;0
Kamau Akil Bakari;Nevada;2018;IAP;0;0
Timothy Rex Hagan;Nevada;2018;LIB;0;0
Bob Hugin;New Jersey;2018;REP;1;0
Madelyn R. Hoffman;New Jersey;2018;GRE;0;0
Murray Sabrin;New Jersey;2018;LIB;0;0
Robert Menendez;New Jersey;2018;DEM;1;0
Aubrey Dunn;New Mexico;2018;LIB;0;0
Gary Johnson;New Mexico;2018;LIB;1;0
Martin Heinrich;New Mexico;2018;DEM;1;0
Mick Rich;New Mexico;2018;REP;1;0
Chele Farley;New York;2018;REP;1;0
Kirsten E. Gillibrand;New York;2018;DEM;1;0
Heidi Heitkamp;North Dakota;2018;DEM;1;0
Kevin Cramer;North Dakota;2018;REP;1;0
Bruce Jaynes;Ohio;2018;LIB;0;0
Jim Renacci;Ohio;2018;REP;1;0
Philena Irene Farley;Ohio;2018;GRE;0;0
Sherrod Brown;Ohio;2018;DEM;1;0
Stephen Faris;Ohio;2018;W;0;0
Dale R. Kerns;Pennsylvania;2018;LIB;0;0
Lou Barletta;Pennsylvania;2018;REP;1;0
Neal Taylor Gale;Pennsylvania;2018;GRE;0;0
Robert P. Casey Jr.;Pennsylvania;2018;DEM;1;0
Bob Flanders;Rhode Island;2018;REP;1;0
Sheldon Whitehouse;Rhode Island;2018;DEM;1;0
Marsha Blackburn;Tennessee;2018;REP;1;0
Phil Bredesen;Tennessee;2018;DEM;1;0
Beto O'Rourke;Texas;2018;DEM;1;0
Jonathan Jenkins;Texas;2018;IND;0;0
Neal M. Dikeman;Texas;2018;LIB;0;0
Ted Cruz;Texas;2018;REP;1;0
Craig R. Bowden;Utah;2018;LIB;0;0
Jenny Wilson;Utah;2018;DEM;1;0
Mitt Romney;Utah;2018;REP;1;0
Reed C. McCandless;Utah;2018;IAP;0;0
Timothy Noel Aalders;Utah;2018;CON;0;0
Bernard Sanders;Vermont;2018;IND;1;0
Brad J. Peacock;Vermont;2018;IND;0;0
Bruce Busa;Vermont;2018;IND;0;0
Edward S. Gilbert;Vermont;2018;IND;0;0
Lawrence Zupan;Vermont;2018;REP;1;0
Reid Kane;Vermont;2018;LBU;0;0
Russell Beste;Vermont;2018;IND;0;0
Corey Stewart;Virginia;2018;REP;1;0
Matt J. Waters;Virginia;2018;LIB;0;0
Tim Kaine;Virginia;2018;DEM;1;0
Maria Cantwell;Washington;2018;DEM;1;0
Susan Hutchison;Washington;2018;REP;1;0
Don Blankenship;West Virginia;2018;IND;0;0
Joe Manchin, III;West Virginia;2018;DEM;1;0
Patrick Morrisey;West Virginia;2018;REP;1;0
Rusty Hollen;West Virginia;2018;LIB;0;0
Leah Vukmir;Wisconsin;2018;REP;1;0
Tammy Baldwin;Wisconsin;2018;DEM;1;0
Gary Trauner;Wyoming;2018;DEM;1;0
John Barrasso;Wyoming;2018;REP;1;0
Joseph Porambo;Wyoming;2018;LIB;0;0
Arnold Mooney;Alabama;2020;REP;0;0
Bradley Byrne;Alabama;2020;REP;0;0
Gordon Douglas Jones;Alabama;2020;DEM;1;0
Jeff Sessions;Alabama;2020;REP;0;0
Michael Parrish;Alabama;2020;IND;0;0
Roy S. Moore;Alabama;2020;REP;0;0
Tommy Tuberville;Alabama;2020;REP;1;0
Al Gross;Alaska;2020;DEM;1;0
Dan Sullivan;Alaska;2020;REP;1;0
Forrest Dunbar;Alaska;2020;DEM;0;0
Forrest Dunbar;Alaska;2020;IND;0;0
John Wayne Howe;Alaska;2020;AKI;0;0
Daniel McCarthy;Arizona;2020;REP;0;0
Mark Kelly;Arizona;2020;DEM;1;0
Martha McSally;Arizona;2020;REP;1;0
Ruben Gallego;Arizona;2020;DEM;0;0
Ricky Dale Harrington;Arkansas;2020;LIB;1;0
Tom Cotton;Arkansas;2020;REP;1;0
Cory Gardner;Colorado;2020;REP;1;0
Daniel Doyle;Colorado;2020;OTH;0;0
John Wright Hickenlooper;Colorado;2020;DEM;1;0
Mike Johnston;Colorado;2020;DEM;0;0
Raymon Anthony Doane;Colorado;2020;LIB;0;0
Stephen Dale Evans;Colorado;2020;OTH;0;0
Christopher A. Coons;Delaware;2020;DEM;1;0
Lauren E. Witzke;Delaware;2020;REP;1;0
Mark W. Turley;Delaware;2020;IP;0;0
Nadine M. Frost;Delaware;2020;LIB;0;0
A. Wayne Johnson;Georgia;2020;REP;0;0
Al Bartell;Georgia;2020;IND;0;0
Allen Buckley;Georgia;2020;IND;0;0
Annette L. Davis Jackson;Georgia;2020;REP;0;0
Brian Richard Slowinski;Georgia;2020;LIB;0;0
David A. Perdue;Georgia;2020;REP;1;0
Deborah A. Jackson;Georgia;2020;DEM;0;0
Derrick E. Grayson;Georgia;2020;REP;0;0
Doug Collins;Georgia;2020;REP;0;0
Ed Tarver;Georgia;2020;DEM;0;0
Jamesia James;Georgia;2020;DEM;0;0
John Fortuin;Georgia;2020;GRE;0;0
Jon Ossoff;Georgia;2020;DEM;1;0
Joy Felicia Slade;Georgia;2020;DEM;0;0
Kandiss Taylor;Georgia;2020;REP;0;0
Kelly Loeffler;Georgia;2020;REP;1;0
Matt Lieberman;Georgia;2020;DEM;0;0
Michael Todd Greene;Georgia;2020;IND;0;0
Raphael Warnock;Georgia;2020;DEM;1;0
Richard Dien Winfield;Georgia;2020;DEM;0;0
Sarah Riggs Amico;Georgia;2020;DEM;0;0
Shane T. Hazel;Georgia;2020;LIB;0;0
Tamara Y. Johnson-Shealey;Georgia;2020;DEM;0;0
Teresa Tomlinson;Georgia;2020;DEM;0;0
Valencia Stovall;Georgia;2020;IND;0;0
James E. Risch;Idaho;2020;REP;1;0
Paulette E. Jordan;Idaho;2020;DEM;1;0
Danny Malouf;Illinois;2020;LIB;0;0
David F. Black;Illinois;2020;GRE;0;0
Mark C. Curran;Illinois;2020;REP;1;0
Richard J. Durbin;Illinois;2020;DEM;1;0
WIllie Wilson;Illinois;2020;IND;0;0
Eddie Mauro;Iowa;2020;DEM;0;0
Joni K. Ernst;Iowa;2020;REP;1;0
Rick W. Stewart;Iowa;2020;LIB;0;0
Suzanne Herzog;Iowa;2020;IND;0;0
Theresa Greenfield;Iowa;2020;DEM;1;0
Barbara Goolsbee Bollier;Kansas;2020;DEM;1;0
Barry Grissom;Kansas;2020;DEM;0;0
Bob Hamilton;Kansas;2020;REP;0;0
Jason Buckley;Kansas;2020;LIB;0;0
Kris W. Kobach;Kansas;2020;REP;0;0
Roger Marshall;Kansas;2020;REP;1;0
Amy McGrath;Kentucky;2020;DEM;1;0
Brad Barron;Kentucky;2020;LIB;0;0
Charles Booker;Kentucky;2020;DEM;0;0
Mitch McConnell;Kentucky;2020;REP;1;0
Aaron C. Sigler;Louisiana;2020;LIB;0;1
Adrian Perkins;Louisiana;2020;DEM;1;1
Antoine Pierce;Louisiana;2020;DEM;0;1
Bill Cassidy;Louisiana;2020;REP;1;1
Dustin Murphy;Louisiana;2020;REP;0;1
Vinny Mendoza;Louisiana;2020;IND;0;1
Betsy Sweet;Maine;2020;DEM;0;0
Danielle VanHelsing;Maine;2020;IND;0;0
Lisa Savage;Maine;2020;IND;0;0
Max Linn;Maine;2020;IND;0;0
Sara I. Gideon;Maine;2020;DEM;1;0
Susan M. Collins;Maine;2020;REP;1;0
Charles D. Baker;Massachusetts;2020;REP;0;0
Edward J. Markey;Massachusetts;2020;DEM;1;0
Joseph Kennedy III;Massachusetts;2020;DEM;0;0
Kevin J. O'Connor;Massachusetts;2020;REP;1;0
Shannon Liss-Riordan;Massachusetts;2020;DEM;0;0
Steve Pemberton;Massachusetts;2020;DEM;0;0
Bill Schuette;Michigan;2020;REP;0;0
Douglas P. Dern;Michigan;2020;NLP;0;0
Gary C. Peters;Michigan;2020;DEM;1;0
John James;Michigan;2020;REP;1;0
Marcia Squier;Michigan;2020;GRE;0;0
Valerie Willis;Michigan;2020;UST;0;0
Jason Lewis;Minnesota;2020;REP;1;0
Kevin O'Connor;Minnesota;2020;OTH;1;0
Oliver Steinberg;Minnesota;2020;OTH;0;0
Tina Smith;Minnesota;2020;DEM;1;0
Cindy Hyde-Smith;Mississippi;2020;REP;1;0
Jimmy Edwards;Mississippi;2020;LIB;0;0
Mike Espy;Mississippi;2020;DEM;1;0
Steve Bullock;Montana;2020;DEM;1;0
Steve Daines;Montana;2020;REP;1;0
Wendie Fredrickson;Montana;2020;GRE;0;0
Ben Sasse;Nebraska;2020;REP;1;0
Chris E. Janicek;Nebraska;2020;DEM;1;0
Gene Siadek;Nebraska;2020;LIB;1;0
Bill O'Brien;New Hampshire;2020;REP;0;0
Bryant Messner;New Hampshire;2020;REP;1;0
Christopher Sununu;New Hampshire;2020;REP;0;0
Corey Lewandowski;New Hampshire;2020;REP;0;0
Don Bolduc;New Hampshire;2020;REP;0;0
Jeanne Shaheen;New Hampshire;2020;DEM;1;0
Justin F. O'Donnell;New Hampshire;2020;LIB;0;0
Kelly Ayotte;New Hampshire;2020;REP;0;0
Cory A. Booker;New Jersey;2020;DEM;1;0
Hirsh Singh;New Jersey;2020;REP;0;0
Rikin Mehta;New Jersey;2020;REP;1;0
Ben Ray Lujn;New Mexico;2020;DEM;1;0
Bob Walsh;New Mexico;2020;LIB;0;0
Gavin Clarkson;New Mexico;2020;REP;0;0
Mark V. Ronchetti;New Mexico;2020;REP;1;0
Cal Cunningham;North Carolina;2020;DEM;1;0
Erica Smith;North Carolina;2020;DEM;0;0
Kevin Eugene Hayes;North Carolina;2020;CON;0;0
Shannon Wilson Bray;North Carolina;2020;LIB;0;0
Thomas Roland Tillis;North Carolina;2020;REP;1;0
A. D. Nesbit;Oklahoma;2020;IND;0;0
Abby Broyles;Oklahoma;2020;DEM;1;0
James M. Inhofe;Oklahoma;2020;REP;1;0
Joan E. Farr;Oklahoma;2020;IND;0;0
Robert T. Murphy;Oklahoma;2020;LIB;0;0
Gary Dye;Oregon;2020;LIB;0;0
Ibrahim Ali Taher;Oregon;2020;PG;0;0
Jeff Merkley;Oregon;2020;DEM;1;0
Jo Rae Perkins;Oregon;2020;REP;1;0
Bill Bledsoe;South Carolina;2020;CON;0;0
Jaime Harrison;South Carolina;2020;DEM;1;0
Keenan Wallace Dunham;South Carolina;2020;LIB;0;0
Lindsey Graham;South Carolina;2020;REP;1;0
Daniel P. Ahlers;South Dakota;2020;DEM;1;0
M. Michael Rounds;South Dakota;2020;REP;1;0
Bill Hagerty;Tennessee;2020;REP;1;0
James Mackler;Tennessee;2020;DEM;0;0
Manny Sethi;Tennessee;2020;REP;0;0
Marquita Bradshaw;Tennessee;2020;DEM;1;0
Beto O'Rourke;Texas;2020;DEM;0;0
Chris Bell;Texas;2020;DEM;0;0
David B. Collins;Texas;2020;GRE;0;0
John Cornyn;Texas;2020;REP;1;0
Kerry Douglas McKennon;Texas;2020;LIB;0;0
Mary Jennings Hegar;Texas;2020;DEM;1;0
Ricardo Turullols-Bonilla;Texas;2020;IND;0;0
Royce West;Texas;2020;DEM;0;0
Sema Hernandez;Texas;2020;DEM;0;0
Daniel M. Gade;Virginia;2020;REP;1;0
Mark R. Warner;Virginia;2020;DEM;1;0
David D. Moran;West Virginia;2020;LIB;0;0
Paula Jean Swearengin;West Virginia;2020;DEM;1;0
Shelley Moore Capito;West Virginia;2020;REP;1;0
Cynthia M. Lummis;Wyoming;2020;REP;1;0
Merav Ben-David;Wyoming;2020;DEM;1;0