no_candidates,Republican,Democratic,Libertarian,Natural Law,Reform,Green,Marijuana Reform,Independent,Constitution,Independent American,U.S. Taxpayers,Concerned Citizens,election_year,State,Senator,Independence,DFL,IPD,"Democratic, write-in",Conservative,Democratic-NPL,Marijuana,Peace and Freedom,Veterans,Democratic-Farmer-Labor,politician,American Independent,Independent Green,Connecticut for Lieberman,Mountain,Write-in,MIP,Nebraska,Alaskan Independence,Tea,W.F.,Constitution Party,IAP,UT Justice,Marijuana[c],Country,Democratic Farmer-Labor,write-in,independent/Write-in,Legal Marijuana Now,independent,American,dem_candidate,ind_candidate,rep_candidate,green_candidate,other_candidate,lib_candidate,incumbency
2,Richard Shelby,Clayton Suddith,NA,NA,NA,NA,NA,NA,NA,NA,NA,NA,1998,Alabama,Richard Shelby,NA,NA,NA,NA,NA,NA,NA,NA,NA,NA,NA,NA,NA,NA,NA,NA,NA,NA,NA,NA,NA,NA,NA,NA,NA,NA,NA,NA,NA,NA,NA,NA,Clayton Suddith,NA,Richard Shelby,NA,NA,NA,TRUE
4,Frank Murkowski,Joe Sonneman,NA,NA,NA,Jeffrey Gottlieb,NA,NA,NA,NA,NA,NA,1998,Alaska,Frank Murkowski,NA,NA,NA,NA,NA,NA,NA,NA,NA,NA,NA,NA,NA,NA,NA,NA,NA,NA,NA,NA,NA,NA,NA,NA,NA,NA,NA,NA,NA,NA,NA,NA,Joe Sonneman,NA,Frank Murkowski,Jeffrey Gottlieb,NA,NA,TRUE
4,John McCain,Ed Ranger,John C. Zajac,NA,NA,NA,NA,NA,NA,NA,NA,NA,1998,Arizona,John McCain,NA,NA,NA,NA,NA,NA,NA,NA,NA,NA,NA,NA,NA,NA,NA,NA,NA,NA,NA,NA,NA,NA,NA,NA,NA,NA,NA,NA,NA,NA,NA,NA,Ed Ranger,NA,John McCain,NA,NA,John C. Zajac,TRUE
3,Fay Boozman,Blanche Lincoln,NA,NA,Charley E. Heffley,NA,NA,NA,NA,NA,NA,NA,1998,Arkansas,Dale Bumpers,NA,NA,NA,NA,NA,NA,NA,NA,NA,NA,NA,NA,NA,NA,NA,NA,NA,NA,NA,NA,NA,NA,NA,NA,NA,NA,NA,NA,NA,NA,NA,NA,Blanche Lincoln,NA,Fay Boozman,NA,Charley E. Heffley,NA,FALSE
7,Matt Fong,Barbara Boxer,Ted Brown,NA,NA,NA,NA,NA,NA,NA,NA,NA,1998,California,Barbara Boxer,NA,NA,NA,NA,NA,NA,NA,NA,NA,NA,NA,NA,NA,NA,NA,NA,NA,NA,NA,NA,NA,NA,NA,NA,NA,NA,NA,NA,NA,NA,NA,NA,Barbara Boxer,NA,Matt Fong,NA,NA,Ted Brown,TRUE
7,Ben Nighthorse Campbell,Dottie Lamm,David S. Segal,NA,NA,NA,NA,NA,NA,NA,NA,NA,1998,Colorado,Ben Nighthorse Campbell,NA,NA,NA,NA,NA,NA,NA,NA,NA,NA,NA,NA,NA,NA,NA,NA,NA,NA,NA,NA,NA,NA,NA,NA,NA,NA,NA,NA,NA,NA,NA,NA,Dottie Lamm,NA,Ben Nighthorse Campbell,NA,NA,David S. Segal,TRUE
5,Gary Franks,Chris Dodd,NA,NA,NA,NA,NA,NA,NA,NA,NA,William Kozak,1998,Connecticut,Chris Dodd,NA,NA,NA,NA,NA,NA,NA,NA,NA,NA,NA,NA,NA,NA,NA,NA,NA,NA,NA,NA,NA,NA,NA,NA,NA,NA,NA,NA,NA,NA,NA,NA,Chris Dodd,NA,Gary Franks,NA,William Kozak,NA,TRUE
2,Charlie Crist,Bob Graham,NA,NA,NA,NA,NA,NA,NA,NA,NA,NA,1998,Florida,Bob Graham,NA,NA,NA,NA,NA,NA,NA,NA,NA,NA,NA,NA,NA,NA,NA,NA,NA,NA,NA,NA,NA,NA,NA,NA,NA,NA,NA,NA,NA,NA,NA,NA,Bob Graham,NA,Charlie Crist,NA,NA,NA,TRUE
3,Paul Coverdell,Michael Coles,Bertil Armin Loftman,NA,NA,NA,NA,NA,NA,NA,NA,NA,1998,Georgia,Paul Coverdell,NA,NA,NA,NA,NA,NA,NA,NA,NA,NA,NA,NA,NA,NA,NA,NA,NA,NA,NA,NA,NA,NA,NA,NA,NA,NA,NA,NA,NA,NA,NA,NA,Michael Coles,NA,Paul Coverdell,NA,NA,Bertil Armin Loftman,TRUE
3,Crystal Young,Daniel Inouye,Lloyd Mallan,NA,NA,NA,NA,NA,NA,NA,NA,NA,1998,Hawaii,Daniel Inouye,NA,NA,NA,NA,NA,NA,NA,NA,NA,NA,NA,NA,NA,NA,NA,NA,NA,NA,NA,NA,NA,NA,NA,NA,NA,NA,NA,NA,NA,NA,NA,NA,Daniel Inouye,NA,Crystal Young,NA,NA,Lloyd Mallan,TRUE
3,Mike Crapo,Bill Mauk,NA,George J. Mansfeld,NA,NA,NA,NA,NA,NA,NA,NA,1998,Idaho,Dirk Kempthorne,NA,NA,NA,NA,NA,NA,NA,NA,NA,NA,NA,NA,NA,NA,NA,NA,NA,NA,NA,NA,NA,NA,NA,NA,NA,NA,NA,NA,NA,NA,NA,NA,Bill Mauk,NA,Mike Crapo,NA,George J. Mansfeld,NA,FALSE
4,Peter Fitzgerald,Carol Moseley Braun,NA,NA,Don A. Torgersen,NA,NA,NA,NA,NA,NA,NA,1998,Illinois,Carol Moseley Braun,NA,NA,NA,NA,NA,NA,NA,NA,NA,NA,NA,NA,NA,NA,NA,NA,NA,NA,NA,NA,NA,NA,NA,NA,NA,NA,NA,NA,NA,NA,NA,NA,Carol Moseley Braun,NA,Peter Fitzgerald,NA,Don A. Torgersen,NA,TRUE
3,Paul Helmke,Evan Bayh,Rebecca Sink-Burris,NA,NA,NA,NA,NA,NA,NA,NA,NA,1998,Indiana,Dan Coats,NA,NA,NA,NA,NA,NA,NA,NA,NA,NA,NA,NA,NA,NA,NA,NA,NA,NA,NA,NA,NA,NA,NA,NA,NA,NA,NA,NA,NA,NA,NA,NA,Evan Bayh,NA,Paul Helmke,NA,NA,Rebecca Sink-Burris,FALSE
4,Chuck Grassley,David Osterberg,NA,Susan Marcus,NA,NA,NA,NA,NA,NA,NA,NA,1998,Iowa,Chuck Grassley,NA,NA,NA,NA,NA,NA,NA,NA,NA,NA,NA,NA,NA,NA,NA,NA,NA,NA,NA,NA,NA,NA,NA,NA,NA,NA,NA,NA,NA,NA,NA,NA,David Osterberg,NA,Chuck Grassley,NA,Susan Marcus,NA,TRUE
4,Sam Brownback,Paul Feleciano Jr.,Tom Oyler,NA,NA,NA,NA,NA,NA,NA,NA,NA,1998,Kansas,Sam Brownback,NA,NA,NA,NA,NA,NA,NA,NA,NA,NA,NA,NA,NA,NA,NA,NA,NA,NA,NA,NA,NA,NA,NA,NA,NA,NA,NA,NA,NA,NA,NA,NA,Paul Feleciano Jr.,NA,Sam Brownback,NA,NA,Tom Oyler,TRUE
3,Jim Bunning,Scotty Baesler,NA,NA,Charles R. Arbegust,NA,NA,NA,NA,NA,NA,NA,1998,Kentucky,Wendell Ford,NA,NA,NA,NA,NA,NA,NA,NA,NA,NA,NA,NA,NA,NA,NA,NA,NA,NA,NA,NA,NA,NA,NA,NA,NA,NA,NA,NA,NA,NA,NA,NA,Scotty Baesler,NA,Jim Bunning,NA,Charles R. Arbegust,NA,FALSE
2,Jim Donelon,John Breaux,NA,NA,NA,NA,NA,NA,NA,NA,NA,NA,1998,Louisiana,John Breaux,NA,NA,NA,NA,NA,NA,NA,NA,NA,NA,NA,NA,NA,NA,NA,NA,NA,NA,NA,NA,NA,NA,NA,NA,NA,NA,NA,NA,NA,NA,NA,NA,John Breaux,NA,Jim Donelon,NA,NA,NA,TRUE
2,Ross Pierpont,Barbara Mikulski,NA,NA,NA,NA,NA,NA,NA,NA,NA,NA,1998,Maryland,Barbara Mikulski,NA,NA,NA,NA,NA,NA,NA,NA,NA,NA,NA,NA,NA,NA,NA,NA,NA,NA,NA,NA,NA,NA,NA,NA,NA,NA,NA,NA,NA,NA,NA,NA,Barbara Mikulski,NA,Ross Pierpont,NA,NA,NA,TRUE
5,Kit Bond,Jay Nixon,Tamara Millay,NA,NA,NA,NA,NA,NA,NA,NA,NA,1998,Missouri,Kit Bond,NA,NA,NA,NA,NA,NA,NA,NA,NA,NA,NA,NA,NA,NA,NA,NA,NA,NA,NA,NA,NA,NA,NA,NA,NA,NA,NA,NA,NA,NA,NA,NA,Jay Nixon,NA,Kit Bond,NA,NA,Tamara Millay,TRUE
4,John Ensign,Harry Reid,Michael Cloud,NA,NA,NA,NA,NA,NA,NA,NA,NA,1998,Nevada,Harry Reid,NA,NA,NA,NA,NA,NA,NA,NA,NA,NA,NA,NA,NA,NA,NA,NA,NA,NA,NA,NA,NA,NA,NA,NA,NA,NA,NA,NA,NA,NA,NA,NA,Harry Reid,NA,John Ensign,NA,NA,Michael Cloud,TRUE
4,Judd Gregg,George Condodemetraky,Brian Christeson,NA,NA,NA,NA,NA,NA,NA,NA,NA,1998,New Hampshire,Judd Gregg,NA,NA,NA,NA,NA,NA,NA,NA,NA,NA,NA,NA,NA,NA,NA,NA,NA,NA,NA,NA,NA,NA,NA,NA,NA,NA,NA,NA,NA,NA,NA,NA,George Condodemetraky,NA,Judd Gregg,NA,NA,Brian Christeson,TRUE
6,Al D'Amato,Chuck Schumer,NA,NA,NA,NA,Corinne E. Kurtz,NA,NA,NA,NA,NA,1998,New York,Al D'Amato,NA,NA,NA,NA,NA,NA,NA,NA,NA,NA,NA,NA,NA,NA,NA,NA,NA,NA,NA,NA,NA,NA,NA,NA,NA,NA,NA,NA,NA,NA,NA,NA,Chuck Schumer,NA,Al D'Amato,NA,Corinne E. Kurtz,NA,TRUE
3,Lauch Faircloth,John Edwards,Barbara Howe,NA,NA,NA,NA,NA,NA,NA,NA,NA,1998,North Carolina,Lauch Faircloth,NA,NA,NA,NA,NA,NA,NA,NA,NA,NA,NA,NA,NA,NA,NA,NA,NA,NA,NA,NA,NA,NA,NA,NA,NA,NA,NA,NA,NA,NA,NA,NA,John Edwards,NA,Lauch Faircloth,NA,NA,Barbara Howe,TRUE
3,Donna Nalewaja,Byron Dorgan,Harley McLain,NA,NA,NA,NA,NA,NA,NA,NA,NA,1998,North Dakota,Byron Dorgan,NA,NA,NA,NA,NA,NA,NA,NA,NA,NA,NA,NA,NA,NA,NA,NA,NA,NA,NA,NA,NA,NA,NA,NA,NA,NA,NA,NA,NA,NA,NA,NA,Byron Dorgan,NA,Donna Nalewaja,NA,NA,Harley McLain,TRUE
2,George Voinovich,Mary Boyle,NA,NA,NA,NA,NA,NA,NA,NA,NA,NA,1998,Ohio,John Glenn,NA,NA,NA,NA,NA,NA,NA,NA,NA,NA,NA,NA,NA,NA,NA,NA,NA,NA,NA,NA,NA,NA,NA,NA,NA,NA,NA,NA,NA,NA,NA,NA,Mary Boyle,NA,George Voinovich,NA,NA,NA,FALSE
4,Don Nickles,Don Carroll,NA,NA,NA,NA,NA,Mike Morris,NA,NA,NA,NA,1998,Oklahoma,Don Nickles,NA,NA,NA,NA,NA,NA,NA,NA,NA,NA,NA,NA,NA,NA,NA,NA,NA,NA,NA,NA,NA,NA,NA,NA,NA,NA,NA,NA,NA,NA,NA,NA,Don Carroll,Mike Morris,Don Nickles,NA,NA,NA,TRUE
6,John Lim,Ron Wyden,NA,NA,NA,Karen Moskowitz,NA,NA,NA,NA,NA,NA,1998,Oregon,Ron Wyden,NA,NA,NA,NA,NA,NA,NA,NA,NA,NA,NA,NA,NA,NA,NA,NA,NA,NA,NA,NA,NA,NA,NA,NA,NA,NA,NA,NA,NA,NA,NA,NA,Ron Wyden,NA,John Lim,Karen Moskowitz,NA,NA,TRUE
4,Arlen Specter,Bill Lloyd,NA,NA,NA,NA,NA,NA,Dean Snyder,NA,NA,NA,1998,Pennsylvania,Arlen Specter,NA,NA,NA,NA,NA,NA,NA,NA,NA,NA,NA,NA,NA,NA,NA,NA,NA,NA,NA,NA,NA,NA,NA,NA,NA,NA,NA,NA,NA,NA,NA,NA,Bill Lloyd,NA,Arlen Specter,NA,Dean Snyder,NA,TRUE
3,Bob Inglis,Ernest Hollings,Richard Quillian,NA,NA,NA,NA,NA,NA,NA,NA,NA,1998,South Carolina,Ernest Hollings,NA,NA,NA,NA,NA,NA,NA,NA,NA,NA,NA,NA,NA,NA,NA,NA,NA,NA,NA,NA,NA,NA,NA,NA,NA,NA,NA,NA,NA,NA,NA,NA,Ernest Hollings,NA,Bob Inglis,NA,NA,Richard Quillian,TRUE
3,Ron Schmidt,Tom Daschle,Byron Dale,NA,NA,NA,NA,NA,NA,NA,NA,NA,1998,South Dakota,Tom Daschle,NA,NA,NA,NA,NA,NA,NA,NA,NA,NA,NA,NA,NA,NA,NA,NA,NA,NA,NA,NA,NA,NA,NA,NA,NA,NA,NA,NA,NA,NA,NA,NA,Tom Daschle,NA,Ron Schmidt,NA,NA,Byron Dale,TRUE
3,Bob Bennett,Scott Leckman,NA,NA,NA,NA,NA,NA,NA,Gary R. Van Horn,NA,NA,1998,Utah,Bob Bennett,NA,NA,NA,NA,NA,NA,NA,NA,NA,NA,NA,NA,NA,NA,NA,NA,NA,NA,NA,NA,NA,NA,NA,NA,NA,NA,NA,NA,NA,NA,NA,NA,Scott Leckman,Gary R. Van Horn,Bob Bennett,NA,NA,NA,TRUE
6,Fred Tuttle,Patrick Leahy,Hugh Douglas,NA,NA,NA,NA,NA,NA,NA,NA,NA,1998,Vermont,Patrick Leahy,NA,NA,NA,NA,NA,NA,NA,NA,NA,NA,NA,NA,NA,NA,NA,NA,NA,NA,NA,NA,NA,NA,NA,NA,NA,NA,NA,NA,NA,NA,NA,NA,Patrick Leahy,NA,Fred Tuttle,NA,NA,Hugh Douglas,TRUE
2,Linda Smith,Patty Murray,NA,NA,NA,NA,NA,NA,NA,NA,NA,NA,1998,Washington,Patty Murray,NA,NA,NA,NA,NA,NA,NA,NA,NA,NA,NA,NA,NA,NA,NA,NA,NA,NA,NA,NA,NA,NA,NA,NA,NA,NA,NA,NA,NA,NA,NA,NA,Patty Murray,NA,Linda Smith,NA,NA,NA,TRUE
5,Mark Neumann,Russ Feingold,NA,NA,NA,NA,NA,NA,NA,NA,Robert R. Raymond,NA,1998,Wisconsin,Russ Feingold,NA,NA,NA,NA,NA,NA,NA,NA,NA,NA,NA,NA,NA,NA,NA,NA,NA,NA,NA,NA,NA,NA,NA,NA,NA,NA,NA,NA,NA,NA,NA,NA,Russ Feingold,NA,Mark Neumann,NA,Robert R. Raymond,NA,TRUE
4,Jon Kyl,NA,NA,NA,NA,Vance Hansen,NA,William Toel,NA,NA,NA,NA,2000,Arizona,Jon Kyl,NA,NA,NA,NA,NA,NA,NA,NA,NA,NA,NA,NA,NA,NA,NA,NA,NA,NA,NA,NA,NA,NA,NA,NA,NA,NA,NA,NA,NA,NA,NA,NA,NA,William Toel,Jon Kyl,Vance Hansen,NA,NA,TRUE
7,Tom Campbell,Dianne Feinstein,NA,NA,NA,Medea Benjamin,NA,NA,NA,NA,NA,NA,2000,California,Dianne Feinstein,NA,NA,NA,NA,NA,NA,NA,NA,NA,NA,NA,NA,NA,NA,NA,NA,NA,NA,NA,NA,NA,NA,NA,NA,NA,NA,NA,NA,NA,NA,NA,NA,Dianne Feinstein,NA,Tom Campbell,Medea Benjamin,NA,NA,TRUE
4,Philip Giordano,Joe Lieberman,NA,NA,NA,NA,NA,NA,NA,NA,NA,William Kozak,2000,Connecticut,Joe Lieberman,NA,NA,NA,NA,NA,NA,NA,NA,NA,NA,NA,NA,NA,NA,NA,NA,NA,NA,NA,NA,NA,NA,NA,NA,NA,NA,NA,NA,NA,NA,NA,NA,Joe Lieberman,NA,Philip Giordano,NA,William Kozak,NA,TRUE
5,William Roth,Tom Carper,NA,NA,NA,NA,NA,NA,Mark Dankof,NA,NA,NA,2000,Delaware,William Roth,NA,NA,NA,NA,NA,NA,NA,NA,NA,NA,NA,NA,NA,NA,NA,NA,NA,NA,NA,NA,NA,NA,NA,NA,NA,NA,NA,NA,NA,NA,NA,NA,Tom Carper,NA,William Roth,NA,Mark Dankof,NA,TRUE
8,Bill McCollum,Bill Nelson,NA,NA,NA,NA,NA,Willie Logan,NA,NA,NA,NA,2000,Florida,Connie Mack III,NA,NA,NA,NA,NA,NA,NA,NA,NA,NA,NA,NA,NA,NA,NA,NA,NA,NA,NA,NA,NA,NA,NA,NA,NA,NA,NA,NA,NA,NA,NA,NA,Bill Nelson,Willie Logan,Bill McCollum,NA,NA,NA,FALSE
5,John Carroll,Daniel Akaka,NA,Lauri Clegg,NA,NA,NA,NA,NA,NA,NA,NA,2000,Hawaii,Daniel Akaka,NA,NA,NA,NA,NA,NA,NA,NA,NA,NA,NA,NA,NA,NA,NA,NA,NA,NA,NA,NA,NA,NA,NA,NA,NA,NA,NA,NA,NA,NA,NA,NA,Daniel Akaka,NA,John Carroll,NA,Lauri Clegg,NA,TRUE
3,Richard Lugar,David Johnson,Paul Hager,NA,NA,NA,NA,NA,NA,NA,NA,NA,2000,Indiana,Richard Lugar,NA,NA,NA,NA,NA,NA,NA,NA,NA,NA,NA,NA,NA,NA,NA,NA,NA,NA,NA,NA,NA,NA,NA,NA,NA,NA,NA,NA,NA,NA,NA,NA,David Johnson,NA,Richard Lugar,NA,NA,Paul Hager,TRUE
2,Olympia Snowe,Mark Lawrence,NA,NA,NA,NA,NA,NA,NA,NA,NA,NA,2000,Maine,Olympia Snowe,NA,NA,NA,NA,NA,NA,NA,NA,NA,NA,NA,NA,NA,NA,NA,NA,NA,NA,NA,NA,NA,NA,NA,NA,NA,NA,NA,NA,NA,NA,NA,NA,Mark Lawrence,NA,Olympia Snowe,NA,NA,NA,TRUE
2,Paul Rappaport,Paul Sarbanes,NA,NA,NA,NA,NA,NA,NA,NA,NA,NA,2000,Maryland,Paul Sarbanes,NA,NA,NA,NA,NA,NA,NA,NA,NA,NA,NA,NA,NA,NA,NA,NA,NA,NA,NA,NA,NA,NA,NA,NA,NA,NA,NA,NA,NA,NA,NA,NA,Paul Sarbanes,NA,Paul Rappaport,NA,NA,NA,TRUE
5,Jack E. Robinson III,Ted Kennedy,Carla Howell,NA,NA,NA,NA,NA,NA,NA,NA,NA,2000,Massachusetts,Ted Kennedy,NA,NA,NA,NA,NA,NA,NA,NA,NA,NA,NA,NA,NA,NA,NA,NA,NA,NA,NA,NA,NA,NA,NA,NA,NA,NA,NA,NA,NA,NA,NA,NA,Ted Kennedy,NA,Jack E. Robinson III,NA,NA,Carla Howell,TRUE
7,Spencer Abraham,Debbie Stabenow,NA,NA,NA,Matthew Abel,NA,NA,NA,NA,NA,NA,2000,Michigan,Spencer Abraham,NA,NA,NA,NA,NA,NA,NA,NA,NA,NA,NA,NA,NA,NA,NA,NA,NA,NA,NA,NA,NA,NA,NA,NA,NA,NA,NA,NA,NA,NA,NA,NA,Debbie Stabenow,NA,Spencer Abraham,Matthew Abel,NA,NA,TRUE
7,Rod Grams,Mark Dayton,NA,NA,NA,NA,NA,NA,NA,NA,NA,NA,2000,Minnesota,Rod Grams,James Gibson,NA,NA,NA,NA,NA,NA,NA,NA,NA,NA,NA,NA,NA,NA,NA,NA,NA,NA,NA,NA,NA,NA,NA,NA,NA,NA,NA,NA,NA,NA,NA,Mark Dayton,James Gibson,Rod Grams,NA,NA,NA,TRUE
5,Trent Lott,Troy Brown,NA,NA,NA,NA,NA,Jim Giles,NA,NA,NA,NA,2000,Mississippi,Trent Lott,NA,NA,NA,NA,NA,NA,NA,NA,NA,NA,NA,NA,NA,NA,NA,NA,NA,NA,NA,NA,NA,NA,NA,NA,NA,NA,NA,NA,NA,NA,NA,NA,Troy Brown,Jim Giles,Trent Lott,NA,NA,NA,TRUE
6,John Ashcroft,Mel Carnahan,NA,NA,NA,Evaline Taylor,NA,NA,NA,NA,NA,NA,2000,Missouri,John Ashcroft,NA,NA,NA,NA,NA,NA,NA,NA,NA,NA,NA,NA,NA,NA,NA,NA,NA,NA,NA,NA,NA,NA,NA,NA,NA,NA,NA,NA,NA,NA,NA,NA,Mel Carnahan,NA,John Ashcroft,Evaline Taylor,NA,NA,TRUE
3,Conrad Burns,Brian Schweitzer,NA,NA,Gary Lee,NA,NA,NA,NA,NA,NA,NA,2000,Montana,Conrad Burns,NA,NA,NA,NA,NA,NA,NA,NA,NA,NA,NA,NA,NA,NA,NA,NA,NA,NA,NA,NA,NA,NA,NA,NA,NA,NA,NA,NA,NA,NA,NA,NA,Brian Schweitzer,NA,Conrad Burns,NA,Gary Lee,NA,TRUE
2,Don Stenberg,Ben Nelson,NA,NA,NA,NA,NA,NA,NA,NA,NA,NA,2000,Nebraska,Bob Kerrey,NA,NA,NA,NA,NA,NA,NA,NA,NA,NA,NA,NA,NA,NA,NA,NA,NA,NA,NA,NA,NA,NA,NA,NA,NA,NA,NA,NA,NA,NA,NA,NA,Ben Nelson,NA,Don Stenberg,NA,NA,NA,FALSE
6,John Ensign,Edward M. Bernstein,NA,NA,NA,Kathy Rusco,NA,NA,NA,NA,NA,NA,2000,Nevada,Richard Bryan,NA,NA,NA,NA,NA,NA,NA,NA,NA,NA,NA,NA,NA,NA,NA,NA,NA,NA,NA,NA,NA,NA,NA,NA,NA,NA,NA,NA,NA,NA,NA,NA,Edward M. Bernstein,NA,John Ensign,Kathy Rusco,NA,NA,FALSE
11,Bob Franks,Jon Corzine,NA,NA,NA,Bruce Afran,NA,NA,NA,NA,NA,NA,2000,New Jersey,Frank Lautenberg,NA,NA,NA,NA,NA,NA,NA,NA,NA,NA,NA,NA,NA,NA,NA,NA,NA,NA,NA,NA,NA,NA,NA,NA,NA,NA,NA,NA,NA,NA,NA,NA,Jon Corzine,NA,Bob Franks,Bruce Afran,NA,NA,FALSE
2,William T. Redmond,Jeff Bingaman,NA,NA,NA,NA,NA,NA,NA,NA,NA,NA,2000,New Mexico,Jeff Bingaman,NA,NA,NA,NA,NA,NA,NA,NA,NA,NA,NA,NA,NA,NA,NA,NA,NA,NA,NA,NA,NA,NA,NA,NA,NA,NA,NA,NA,NA,NA,NA,NA,Jeff Bingaman,NA,William T. Redmond,NA,NA,NA,TRUE
8,Rick Lazio,Hillary Clinton,NA,NA,NA,NA,NA,NA,NA,NA,NA,NA,2000,New York,Daniel Patrick Moynihan,Jeffrey E. Graham,NA,NA,NA,NA,NA,NA,NA,NA,NA,NA,NA,NA,NA,NA,NA,NA,NA,NA,NA,NA,NA,NA,NA,NA,NA,NA,NA,NA,NA,NA,NA,Hillary Clinton,Jeffrey E. Graham,Rick Lazio,NA,NA,NA,FALSE
2,Duane Sand,Kent Conrad,NA,NA,NA,NA,NA,NA,NA,NA,NA,NA,2000,North Dakota,Kent Conrad,NA,NA,NA,NA,NA,NA,NA,NA,NA,NA,NA,NA,NA,NA,NA,NA,NA,NA,NA,NA,NA,NA,NA,NA,NA,NA,NA,NA,NA,NA,NA,NA,Kent Conrad,NA,Duane Sand,NA,NA,NA,TRUE
4,Mike DeWine,Ted Celeste,John McAlister,NA,NA,NA,NA,NA,NA,NA,NA,NA,2000,Ohio,Mike DeWine,NA,NA,NA,NA,NA,NA,NA,NA,NA,NA,NA,NA,NA,NA,NA,NA,NA,NA,NA,NA,NA,NA,NA,NA,NA,NA,NA,NA,NA,NA,NA,NA,Ted Celeste,NA,Mike DeWine,NA,NA,John McAlister,TRUE
5,Rick Santorum,Ron Klink,John Featherman,NA,NA,NA,NA,NA,NA,NA,NA,NA,2000,Pennsylvania,Rick Santorum,NA,NA,NA,NA,NA,NA,NA,NA,NA,NA,NA,NA,NA,NA,NA,NA,NA,NA,NA,NA,NA,NA,NA,NA,NA,NA,NA,NA,NA,NA,NA,NA,Ron Klink,NA,Rick Santorum,NA,NA,John Featherman,TRUE
4,Lincoln Chafee,Robert Weygand,NA,NA,Christopher Young,NA,NA,NA,NA,NA,NA,NA,2000,Rhode Island,Lincoln Chafee,NA,NA,NA,NA,NA,NA,NA,NA,NA,NA,NA,NA,NA,NA,NA,NA,NA,NA,NA,NA,NA,NA,NA,NA,NA,NA,NA,NA,NA,NA,NA,NA,Robert Weygand,NA,Lincoln Chafee,NA,Christopher Young,NA,TRUE
7,Bill Frist,Jeff Clark,NA,NA,NA,Tom Burrell,NA,NA,NA,NA,NA,NA,2000,Tennessee,Bill Frist,NA,NA,NA,NA,NA,NA,NA,NA,NA,NA,NA,NA,NA,NA,NA,NA,NA,NA,NA,NA,NA,NA,NA,NA,NA,NA,NA,NA,NA,NA,NA,NA,Jeff Clark,NA,Bill Frist,Tom Burrell,NA,NA,TRUE
4,Kay Bailey Hutchison,Gene Kelly,NA,NA,NA,Doug Sandage,NA,NA,NA,NA,NA,NA,2000,Texas,Kay Bailey Hutchison,NA,NA,NA,NA,NA,NA,NA,NA,NA,NA,NA,NA,NA,NA,NA,NA,NA,NA,NA,NA,NA,NA,NA,NA,NA,NA,NA,NA,NA,NA,NA,NA,Gene Kelly,NA,Kay Bailey Hutchison,Doug Sandage,NA,NA,TRUE
4,Orrin Hatch,Scott Howell,NA,NA,NA,NA,NA,NA,NA,Carlton Edward Bowen,NA,NA,2000,Utah,Orrin Hatch,NA,NA,NA,NA,NA,NA,NA,NA,NA,NA,NA,NA,NA,NA,NA,NA,NA,NA,NA,NA,NA,NA,NA,NA,NA,NA,NA,NA,NA,NA,NA,NA,Scott Howell,Carlton Edward Bowen,Orrin Hatch,NA,NA,NA,TRUE
7,Jim Jeffords,Ed Flanagan,NA,NA,NA,NA,NA,NA,Charles W. Russell,NA,NA,NA,2000,Vermont,Jim Jeffords,NA,NA,NA,NA,NA,NA,NA,NA,NA,NA,NA,NA,NA,NA,NA,NA,NA,NA,NA,NA,NA,NA,NA,NA,NA,NA,NA,NA,NA,NA,NA,NA,Ed Flanagan,NA,Jim Jeffords,NA,Charles W. Russell,NA,TRUE
2,George Allen,Chuck Robb,NA,NA,NA,NA,NA,NA,NA,NA,NA,NA,2000,Virginia,Chuck Robb,NA,NA,NA,NA,NA,NA,NA,NA,NA,NA,NA,NA,NA,NA,NA,NA,NA,NA,NA,NA,NA,NA,NA,NA,NA,NA,NA,NA,NA,NA,NA,NA,Chuck Robb,NA,George Allen,NA,NA,NA,TRUE
3,Slade Gorton,Maria Cantwell,Jeff Jared,NA,NA,NA,NA,NA,NA,NA,NA,NA,2000,Washington,Slade Gorton,NA,NA,NA,NA,NA,NA,NA,NA,NA,NA,NA,NA,NA,NA,NA,NA,NA,NA,NA,NA,NA,NA,NA,NA,NA,NA,NA,NA,NA,NA,NA,NA,Maria Cantwell,NA,Slade Gorton,NA,NA,Jeff Jared,TRUE
3,David T. Gallaher,Robert Byrd,Joe Whelan,NA,NA,NA,NA,NA,NA,NA,NA,NA,2000,West Virginia,Robert Byrd,NA,NA,NA,NA,NA,NA,NA,NA,NA,NA,NA,NA,NA,NA,NA,NA,NA,NA,NA,NA,NA,NA,NA,NA,NA,NA,NA,NA,NA,NA,NA,NA,Robert Byrd,NA,David T. Gallaher,NA,NA,Joe Whelan,TRUE
5,John Gillespie,Herb Kohl,Tim Peterson,NA,NA,NA,NA,NA,NA,NA,NA,NA,2000,Wisconsin,Herb Kohl,NA,NA,NA,NA,NA,NA,NA,NA,NA,NA,NA,NA,NA,NA,NA,NA,NA,NA,NA,NA,NA,NA,NA,NA,NA,NA,NA,NA,NA,NA,NA,NA,Herb Kohl,NA,John Gillespie,NA,NA,Tim Peterson,TRUE
3,Craig L. Thomas,Mel Logan,Margaret Dawson,NA,NA,NA,NA,NA,NA,NA,NA,NA,2000,Wyoming,Craig L. Thomas,NA,NA,NA,NA,NA,NA,NA,NA,NA,NA,NA,NA,NA,NA,NA,NA,NA,NA,NA,NA,NA,NA,NA,NA,NA,NA,NA,NA,NA,NA,NA,NA,Mel Logan,NA,Craig L. Thomas,NA,NA,Margaret Dawson,TRUE
3,Jeff Sessions,Susan Parker,Jeff Allen,NA,NA,NA,NA,NA,NA,NA,NA,NA,2002,Alabama,Jeff Sessions,NA,NA,NA,NA,NA,NA,NA,NA,NA,NA,NA,NA,NA,NA,NA,NA,NA,NA,NA,NA,NA,NA,NA,NA,NA,NA,NA,NA,NA,NA,NA,NA,Susan Parker,NA,Jeff Sessions,NA,NA,Jeff Allen,TRUE
5,Ted Stevens,Frank J. Vondersaar,NA,NA,NA,Jim Sykes,NA,NA,NA,NA,NA,NA,2002,Alaska,Ted Stevens,NA,NA,NA,NA,NA,NA,NA,NA,NA,NA,NA,NA,NA,NA,NA,NA,NA,NA,NA,NA,NA,NA,NA,NA,NA,NA,NA,NA,NA,NA,NA,NA,Frank J. Vondersaar,NA,Ted Stevens,Jim Sykes,NA,NA,TRUE
2,Tim Hutchinson,Mark Pryor,NA,NA,NA,NA,NA,NA,NA,NA,NA,NA,2002,Arkansas,Tim Hutchinson,NA,NA,NA,NA,NA,NA,NA,NA,NA,NA,NA,NA,NA,NA,NA,NA,NA,NA,NA,NA,NA,NA,NA,NA,NA,NA,NA,NA,NA,NA,NA,NA,Mark Pryor,NA,Tim Hutchinson,NA,NA,NA,TRUE
5,Wayne Allard,Tom Strickland,NA,NA,NA,NA,NA,NA,Douglas Campbell,NA,NA,NA,2002,Colorado,Wayne Allard,NA,NA,NA,NA,NA,NA,NA,NA,NA,NA,NA,NA,NA,NA,NA,NA,NA,NA,NA,NA,NA,NA,NA,NA,NA,NA,NA,NA,NA,NA,NA,NA,Tom Strickland,NA,Wayne Allard,NA,Douglas Campbell,NA,TRUE
5,Raymond J. Clatworthy,Joe Biden,NA,NA,NA,NA,NA,NA,NA,NA,NA,NA,2002,Delaware,Joe Biden,NA,NA,Maurice Barros,NA,NA,NA,NA,NA,NA,NA,NA,NA,NA,NA,NA,NA,NA,NA,NA,NA,NA,NA,NA,NA,NA,NA,NA,NA,NA,NA,NA,NA,Joe Biden,Maurice Barros,Raymond J. Clatworthy,NA,NA,NA,TRUE
3,Saxby Chambliss,Max Cleland,Claude Thomas,NA,NA,NA,NA,NA,NA,NA,NA,NA,2002,Georgia,Max Cleland,NA,NA,NA,NA,NA,NA,NA,NA,NA,NA,NA,NA,NA,NA,NA,NA,NA,NA,NA,NA,NA,NA,NA,NA,NA,NA,NA,NA,NA,NA,NA,NA,Max Cleland,NA,Saxby Chambliss,NA,NA,Claude Thomas,TRUE
3,Larry Craig,Alan Blinken,Donovan Bramwell,NA,NA,NA,NA,NA,NA,NA,NA,NA,2002,Idaho,Larry Craig,NA,NA,NA,NA,NA,NA,NA,NA,NA,NA,NA,NA,NA,NA,NA,NA,NA,NA,NA,NA,NA,NA,NA,NA,NA,NA,NA,NA,NA,NA,NA,NA,Alan Blinken,NA,Larry Craig,NA,NA,Donovan Bramwell,TRUE
3,Jim Durkin,Dick Durbin,Steven Burgauer,NA,NA,NA,NA,NA,NA,NA,NA,NA,2002,Illinois,Dick Durbin,NA,NA,NA,NA,NA,NA,NA,NA,NA,NA,NA,NA,NA,NA,NA,NA,NA,NA,NA,NA,NA,NA,NA,NA,NA,NA,NA,NA,NA,NA,NA,NA,Dick Durbin,NA,Jim Durkin,NA,NA,Steven Burgauer,TRUE
4,Greg Ganske,Tom Harkin,NA,NA,NA,Tim Harthan,NA,NA,NA,NA,NA,NA,2002,Iowa,Tom Harkin,NA,NA,NA,NA,NA,NA,NA,NA,NA,NA,NA,NA,NA,NA,NA,NA,NA,NA,NA,NA,NA,NA,NA,NA,NA,NA,NA,NA,NA,NA,NA,NA,Tom Harkin,NA,Greg Ganske,Tim Harthan,NA,NA,TRUE
3,Pat Roberts,NA,Steven A. Rosile,NA,George Cook,NA,NA,NA,NA,NA,NA,NA,2002,Kansas,Pat Roberts,NA,NA,NA,NA,NA,NA,NA,NA,NA,NA,NA,NA,NA,NA,NA,NA,NA,NA,NA,NA,NA,NA,NA,NA,NA,NA,NA,NA,NA,NA,NA,NA,NA,NA,Pat Roberts,NA,George Cook,Steven A. Rosile,TRUE
2,Mitch McConnell,Lois Combs Weinberg,NA,NA,NA,NA,NA,NA,NA,NA,NA,NA,2002,Kentucky,Mitch McConnell,NA,NA,NA,NA,NA,NA,NA,NA,NA,NA,NA,NA,NA,NA,NA,NA,NA,NA,NA,NA,NA,NA,NA,NA,NA,NA,NA,NA,NA,NA,NA,NA,Lois Combs Weinberg,NA,Mitch McConnell,NA,NA,NA,TRUE
2,Suzanne Haik Terrell,Mary Landrieu,NA,NA,NA,NA,NA,NA,NA,NA,NA,NA,2002,Louisiana,Mary Landrieu,NA,NA,NA,NA,NA,NA,NA,NA,NA,NA,NA,NA,NA,NA,NA,NA,NA,NA,NA,NA,NA,NA,NA,NA,NA,NA,NA,NA,NA,NA,NA,NA,Mary Landrieu,NA,Suzanne Haik Terrell,NA,NA,NA,TRUE
2,Susan Collins,Chellie Pingree,NA,NA,NA,NA,NA,NA,NA,NA,NA,NA,2002,Maine,Susan Collins,NA,NA,NA,NA,NA,NA,NA,NA,NA,NA,NA,NA,NA,NA,NA,NA,NA,NA,NA,NA,NA,NA,NA,NA,NA,NA,NA,NA,NA,NA,NA,NA,Chellie Pingree,NA,Susan Collins,NA,NA,NA,TRUE
2,NA,John Kerry,Michael E. Cloud,NA,NA,NA,NA,NA,NA,NA,NA,NA,2002,Massachusetts,John Kerry,NA,NA,NA,NA,NA,NA,NA,NA,NA,NA,NA,NA,NA,NA,NA,NA,NA,NA,NA,NA,NA,NA,NA,NA,NA,NA,NA,NA,NA,NA,NA,NA,John Kerry,NA,NA,NA,NA,Michael E. Cloud,TRUE
5,Rocky Raczkowski,Carl Levin,NA,NA,NA,Eric Borregard,NA,NA,NA,NA,NA,NA,2002,Michigan,Carl Levin,NA,NA,NA,NA,NA,NA,NA,NA,NA,NA,NA,NA,NA,NA,NA,NA,NA,NA,NA,NA,NA,NA,NA,NA,NA,NA,NA,NA,NA,NA,NA,NA,Carl Levin,NA,Rocky Raczkowski,Eric Borregard,NA,NA,TRUE
6,Norm Coleman,NA,NA,NA,NA,NA,NA,NA,NA,NA,NA,NA,2002,Minnesota,Dean Barkley,Jim Moore,Walter Mondale,NA,NA,NA,NA,NA,NA,NA,NA,NA,NA,NA,NA,NA,NA,NA,NA,NA,NA,NA,NA,NA,NA,NA,NA,NA,NA,NA,NA,NA,NA,Walter Mondale,Jim Moore,Norm Coleman,NA,NA,NA,FALSE
2,Thad Cochran,NA,NA,NA,Shawn O'Hara,NA,NA,NA,NA,NA,NA,NA,2002,Mississippi,Thad Cochran,NA,NA,NA,NA,NA,NA,NA,NA,NA,NA,NA,NA,NA,NA,NA,NA,NA,NA,NA,NA,NA,NA,NA,NA,NA,NA,NA,NA,NA,NA,NA,NA,NA,NA,Thad Cochran,NA,Shawn O'Hara,NA,TRUE
4,Mike Taylor,Max Baucus,Stan Jones,NA,NA,NA,NA,NA,NA,NA,NA,NA,2002,Montana,Max Baucus,NA,NA,NA,NA,NA,NA,NA,NA,NA,NA,NA,NA,NA,NA,NA,NA,NA,NA,NA,NA,NA,NA,NA,NA,NA,NA,NA,NA,NA,NA,NA,NA,Max Baucus,NA,Mike Taylor,NA,NA,Stan Jones,TRUE
4,Chuck Hagel,Charlie A. Matulka,John J. Graziano,NA,NA,NA,NA,NA,NA,NA,NA,NA,2002,Nebraska,Chuck Hagel,NA,NA,NA,NA,NA,NA,NA,NA,NA,NA,NA,NA,NA,NA,NA,NA,NA,NA,NA,NA,NA,NA,NA,NA,NA,NA,NA,NA,NA,NA,NA,NA,Charlie A. Matulka,NA,Chuck Hagel,NA,NA,John J. Graziano,TRUE
3,John E. Sununu,Jeanne Shaheen,Ken Blevens,NA,NA,NA,NA,NA,NA,NA,NA,NA,2002,New Hampshire,Bob Smith,NA,NA,NA,NA,NA,NA,NA,NA,NA,NA,NA,NA,NA,NA,NA,NA,NA,NA,NA,NA,NA,NA,NA,NA,NA,NA,NA,NA,NA,NA,NA,NA,Jeanne Shaheen,NA,John E. Sununu,NA,NA,Ken Blevens,FALSE
6,Doug Forrester,Frank Lautenberg,NA,NA,NA,Ted Glick,NA,NA,NA,NA,NA,NA,2002,New Jersey,Robert Torricelli,NA,NA,NA,NA,NA,NA,NA,NA,NA,NA,NA,NA,NA,NA,NA,NA,NA,NA,NA,NA,NA,NA,NA,NA,NA,NA,NA,NA,NA,NA,NA,NA,Frank Lautenberg,NA,Doug Forrester,Ted Glick,NA,NA,FALSE
2,Pete Domenici,Gloria Tristani,NA,NA,NA,NA,NA,NA,NA,NA,NA,NA,2002,New Mexico,Pete Domenici,NA,NA,NA,NA,NA,NA,NA,NA,NA,NA,NA,NA,NA,NA,NA,NA,NA,NA,NA,NA,NA,NA,NA,NA,NA,NA,NA,NA,NA,NA,NA,NA,Gloria Tristani,NA,Pete Domenici,NA,NA,NA,TRUE
3,Elizabeth Dole,Erskine Bowles,Sean Haugh,NA,NA,NA,NA,NA,NA,NA,NA,NA,2002,North Carolina,Jesse Helms,NA,NA,NA,NA,NA,NA,NA,NA,NA,NA,NA,NA,NA,NA,NA,NA,NA,NA,NA,NA,NA,NA,NA,NA,NA,NA,NA,NA,NA,NA,NA,NA,Erskine Bowles,NA,Elizabeth Dole,NA,NA,Sean Haugh,FALSE
3,Jim Inhofe,David Walters,NA,NA,NA,NA,NA,James Germalic,NA,NA,NA,NA,2002,Oklahoma,Jim Inhofe,NA,NA,NA,NA,NA,NA,NA,NA,NA,NA,NA,NA,NA,NA,NA,NA,NA,NA,NA,NA,NA,NA,NA,NA,NA,NA,NA,NA,NA,NA,NA,NA,David Walters,James Germalic,Jim Inhofe,NA,NA,NA,TRUE
4,Gordon H. Smith,Bill Bradbury,Dan Fitzgerald,NA,NA,NA,NA,NA,NA,NA,NA,NA,2002,Oregon,Gordon H. Smith,NA,NA,NA,NA,NA,NA,NA,NA,NA,NA,NA,NA,NA,NA,NA,NA,NA,NA,NA,NA,NA,NA,NA,NA,NA,NA,NA,NA,NA,NA,NA,NA,Bill Bradbury,NA,Gordon H. Smith,NA,NA,Dan Fitzgerald,TRUE
2,Robert Tingle,Jack Reed,NA,NA,NA,NA,NA,NA,NA,NA,NA,NA,2002,Rhode Island,Jack Reed,NA,NA,NA,NA,NA,NA,NA,NA,NA,NA,NA,NA,NA,NA,NA,NA,NA,NA,NA,NA,NA,NA,NA,NA,NA,NA,NA,NA,NA,NA,NA,NA,Jack Reed,NA,Robert Tingle,NA,NA,NA,TRUE
4,Lindsey Graham,Alex Sanders,NA,NA,NA,NA,NA,NA,Ted Adams,NA,NA,NA,2002,South Carolina,Strom Thurmond,NA,NA,NA,NA,NA,NA,NA,NA,NA,NA,NA,NA,NA,NA,NA,NA,NA,NA,NA,NA,NA,NA,NA,NA,NA,NA,NA,NA,NA,NA,NA,NA,Alex Sanders,NA,Lindsey Graham,NA,Ted Adams,NA,FALSE
3,John Thune,Tim Johnson,Kurt Evans,NA,NA,NA,NA,NA,NA,NA,NA,NA,2002,South Dakota,Tim Johnson,NA,NA,NA,NA,NA,NA,NA,NA,NA,NA,NA,NA,NA,NA,NA,NA,NA,NA,NA,NA,NA,NA,NA,NA,NA,NA,NA,NA,NA,NA,NA,NA,Tim Johnson,NA,John Thune,NA,NA,Kurt Evans,TRUE
2,Lamar Alexander,Bob Clement,NA,NA,NA,NA,NA,NA,NA,NA,NA,NA,2002,Tennessee,Fred Thompson,NA,NA,NA,NA,NA,NA,NA,NA,NA,NA,NA,NA,NA,NA,NA,NA,NA,NA,NA,NA,NA,NA,NA,NA,NA,NA,NA,NA,NA,NA,NA,NA,Bob Clement,NA,Lamar Alexander,NA,NA,NA,FALSE
4,John Cornyn,Ron Kirk,Scott Jameson,NA,NA,NA,NA,NA,NA,NA,NA,NA,2002,Texas,Phil Gramm,NA,NA,NA,NA,NA,NA,NA,NA,NA,NA,NA,NA,NA,NA,NA,NA,NA,NA,NA,NA,NA,NA,NA,NA,NA,NA,NA,NA,NA,NA,NA,NA,Ron Kirk,NA,John Cornyn,NA,NA,Scott Jameson,FALSE
3,John Warner,NA,NA,NA,NA,NA,NA,"c(""Nancy Spannaus"", ""Jacob Hornberger"")",NA,NA,NA,NA,2002,Virginia,John Warner,NA,NA,NA,NA,NA,NA,NA,NA,NA,NA,NA,NA,NA,NA,NA,NA,NA,NA,NA,NA,NA,NA,NA,NA,NA,NA,NA,NA,NA,NA,NA,NA,NA,"c(""Nancy Spannaus"", ""Jacob Hornberger"")",John Warner,NA,NA,NA,TRUE
2,Jay Wolfe,Jay Rockefeller,NA,NA,NA,NA,NA,NA,NA,NA,NA,NA,2002,West Virginia,Jay Rockefeller,NA,NA,NA,NA,NA,NA,NA,NA,NA,NA,NA,NA,NA,NA,NA,NA,NA,NA,NA,NA,NA,NA,NA,NA,NA,NA,NA,NA,NA,NA,NA,NA,Jay Rockefeller,NA,Jay Wolfe,NA,NA,NA,TRUE
2,Mike Enzi,Joyce Jansa Corcoran,NA,NA,NA,NA,NA,NA,NA,NA,NA,NA,2002,Wyoming,Mike Enzi,NA,NA,NA,NA,NA,NA,NA,NA,NA,NA,NA,NA,NA,NA,NA,NA,NA,NA,NA,NA,NA,NA,NA,NA,NA,NA,NA,NA,NA,NA,NA,NA,Joyce Jansa Corcoran,NA,Mike Enzi,NA,NA,NA,TRUE
2,Richard Shelby,Wayne Sowell,NA,NA,NA,NA,NA,NA,NA,NA,NA,NA,2004,Alabama,Richard Shelby,NA,NA,NA,NA,NA,NA,NA,NA,NA,NA,NA,NA,NA,NA,NA,NA,NA,NA,NA,NA,NA,NA,NA,NA,NA,NA,NA,NA,NA,NA,NA,NA,Wayne Sowell,NA,Richard Shelby,NA,NA,NA,TRUE
6,Lisa Murkowski,Tony Knowles,NA,NA,NA,NA,NA,Marc Millican,NA,NA,NA,NA,2004,Alaska,Lisa Murkowski,NA,NA,NA,NA,NA,NA,NA,NA,NA,NA,NA,NA,NA,NA,NA,NA,NA,NA,NA,NA,NA,NA,NA,NA,NA,NA,NA,NA,NA,NA,NA,NA,Tony Knowles,Marc Millican,Lisa Murkowski,NA,NA,NA,TRUE
3,John McCain,Stuart Starky,Ernest Hancock,NA,NA,NA,NA,NA,NA,NA,NA,NA,2004,Arizona,John McCain,NA,NA,NA,NA,NA,NA,NA,NA,NA,NA,NA,NA,NA,NA,NA,NA,NA,NA,NA,NA,NA,NA,NA,NA,NA,NA,NA,NA,NA,NA,NA,NA,Stuart Starky,NA,John McCain,NA,NA,Ernest Hancock,TRUE
2,Jim Holt,Blanche Lincoln,NA,NA,NA,NA,NA,NA,NA,NA,NA,NA,2004,Arkansas,Blanche Lincoln,NA,NA,NA,NA,NA,NA,NA,NA,NA,NA,NA,NA,NA,NA,NA,NA,NA,NA,NA,NA,NA,NA,NA,NA,NA,NA,NA,NA,NA,NA,NA,NA,Blanche Lincoln,NA,Jim Holt,NA,NA,NA,TRUE
5,Bill Jones,Barbara Boxer,NA,NA,NA,NA,NA,NA,NA,NA,NA,NA,2004,California,Barbara Boxer,NA,NA,NA,NA,NA,NA,NA,Marsha Feinland,NA,NA,NA,NA,NA,NA,NA,NA,NA,NA,NA,NA,NA,NA,NA,NA,NA,NA,NA,NA,NA,NA,NA,NA,Barbara Boxer,NA,Bill Jones,NA,Marsha Feinland,NA,TRUE
6,Pete Coors,Ken Salazar,NA,NA,NA,NA,NA,NA,Doug Cambell,NA,NA,NA,2004,Colorado,Ben Nighthorse Campbell,NA,NA,NA,NA,NA,NA,NA,NA,NA,NA,NA,NA,NA,NA,NA,NA,NA,NA,NA,NA,NA,NA,NA,NA,NA,NA,NA,NA,NA,NA,NA,NA,Ken Salazar,NA,Pete Coors,NA,Doug Cambell,NA,FALSE
4,Jack Orchulli,Chris Dodd,NA,NA,NA,NA,NA,NA,Timothy Knibbs,NA,NA,NA,2004,Connecticut,Chris Dodd,NA,NA,NA,NA,NA,NA,NA,NA,NA,NA,NA,NA,NA,NA,NA,NA,NA,NA,NA,NA,NA,NA,NA,NA,NA,NA,NA,NA,NA,NA,NA,NA,Chris Dodd,NA,Jack Orchulli,NA,Timothy Knibbs,NA,TRUE
3,Mel Martinez,Betty Castor,NA,NA,NA,NA,NA,NA,NA,NA,NA,NA,2004,Florida,Bob Graham,NA,NA,NA,NA,NA,NA,NA,NA,Dennis Bradley,NA,NA,NA,NA,NA,NA,NA,NA,NA,NA,NA,NA,NA,NA,NA,NA,NA,NA,NA,NA,NA,NA,NA,Betty Castor,NA,Mel Martinez,NA,Dennis Bradley,NA,FALSE
3,Johnny Isakson,Denise Majette,Allen Buckley,NA,NA,NA,NA,NA,NA,NA,NA,NA,2004,Georgia,Zell Miller,NA,NA,NA,NA,NA,NA,NA,NA,NA,NA,NA,NA,NA,NA,NA,NA,NA,NA,NA,NA,NA,NA,NA,NA,NA,NA,NA,NA,NA,NA,NA,NA,Denise Majette,NA,Johnny Isakson,NA,NA,Allen Buckley,FALSE
4,Campbell Cavasso,Daniel Inouye,NA,NA,NA,NA,NA,James Brewer,NA,NA,NA,NA,2004,Hawaii,Daniel Inouye,NA,NA,NA,NA,NA,NA,NA,NA,NA,NA,NA,NA,NA,NA,NA,NA,NA,NA,NA,NA,NA,NA,NA,NA,NA,NA,NA,NA,NA,NA,NA,NA,Daniel Inouye,James Brewer,Campbell Cavasso,NA,NA,NA,TRUE
2,Mike Crapo,NA,NA,NA,NA,NA,NA,NA,NA,NA,NA,NA,2004,Idaho,Mike Crapo,NA,NA,NA,Scott McClure,NA,NA,NA,NA,NA,NA,NA,NA,NA,NA,NA,NA,NA,NA,NA,NA,NA,NA,NA,NA,NA,NA,NA,NA,NA,NA,NA,NA,NA,NA,Mike Crapo,NA,NA,NA,TRUE
4,Alan Keyes,Barack Obama,NA,NA,NA,NA,NA,Albert Franzen,NA,NA,NA,NA,2004,Illinois,Peter Fitzgerald,NA,NA,NA,NA,NA,NA,NA,NA,NA,NA,NA,NA,NA,NA,NA,NA,NA,NA,NA,NA,NA,NA,NA,NA,NA,NA,NA,NA,NA,NA,NA,NA,Barack Obama,Albert Franzen,Alan Keyes,NA,NA,NA,FALSE
3,Marvin Scott,Evan Bayh,Albert Barger,NA,NA,NA,NA,NA,NA,NA,NA,NA,2004,Indiana,Evan Bayh,NA,NA,NA,NA,NA,NA,NA,NA,NA,NA,NA,NA,NA,NA,NA,NA,NA,NA,NA,NA,NA,NA,NA,NA,NA,NA,NA,NA,NA,NA,NA,NA,Evan Bayh,NA,Marvin Scott,NA,NA,Albert Barger,TRUE
5,Chuck Grassley,Arthur Small,Christy Welty,NA,NA,NA,NA,NA,NA,NA,NA,NA,2004,Iowa,Chuck Grassley,NA,NA,NA,NA,NA,NA,NA,NA,NA,NA,NA,NA,NA,NA,NA,NA,NA,NA,NA,NA,NA,NA,NA,NA,NA,NA,NA,NA,NA,NA,NA,NA,Arthur Small,NA,Chuck Grassley,NA,NA,Christy Welty,TRUE
4,Sam Brownback,Lee Jones,Stephen A. Rosile,NA,NA,NA,NA,NA,NA,NA,NA,NA,2004,Kansas,Sam Brownback,NA,NA,NA,NA,NA,NA,NA,NA,NA,NA,NA,NA,NA,NA,NA,NA,NA,NA,NA,NA,NA,NA,NA,NA,NA,NA,NA,NA,NA,NA,NA,NA,Lee Jones,NA,Sam Brownback,NA,NA,Stephen A. Rosile,TRUE
2,Jim Bunning,Daniel Mongiardo,NA,NA,NA,NA,NA,NA,NA,NA,NA,NA,2004,Kentucky,Jim Bunning,NA,NA,NA,NA,NA,NA,NA,NA,NA,NA,NA,NA,NA,NA,NA,NA,NA,NA,NA,NA,NA,NA,NA,NA,NA,NA,NA,NA,NA,NA,NA,NA,Daniel Mongiardo,NA,Jim Bunning,NA,NA,NA,TRUE
4,E. J. Pipkin,Barbara Mikulski,NA,NA,NA,Maria Allwine],NA,NA,NA,NA,NA,NA,2004,Maryland,Barbara Mikulski,NA,NA,NA,NA,NA,NA,NA,NA,NA,NA,NA,NA,NA,NA,NA,NA,NA,NA,NA,NA,NA,NA,NA,NA,NA,NA,NA,NA,NA,NA,NA,NA,Barbara Mikulski,NA,E. J. Pipkin,Maria Allwine],NA,NA,TRUE
4,Kit Bond,Nancy Farmer,Kevin Tull,NA,NA,NA,NA,NA,NA,NA,NA,NA,2004,Missouri,Kit Bond,NA,NA,NA,NA,NA,NA,NA,NA,NA,NA,NA,NA,NA,NA,NA,NA,NA,NA,NA,NA,NA,NA,NA,NA,NA,NA,NA,NA,NA,NA,NA,NA,Nancy Farmer,NA,Kit Bond,NA,NA,Kevin Tull,TRUE
5,Richard Ziser,Harry Reid,Tomas Hurst,NA,NA,NA,NA,NA,NA,NA,NA,NA,2004,Nevada,Harry Reid,NA,NA,NA,NA,NA,NA,NA,NA,NA,NA,NA,NA,NA,NA,NA,NA,NA,NA,NA,NA,NA,NA,NA,NA,NA,NA,NA,NA,NA,NA,NA,NA,Harry Reid,NA,Richard Ziser,NA,NA,Tomas Hurst,TRUE
2,Judd Gregg,Doris Haddock,NA,NA,NA,NA,NA,NA,NA,NA,NA,NA,2004,New Hampshire,Judd Gregg,NA,NA,NA,NA,NA,NA,NA,NA,NA,NA,NA,NA,NA,NA,NA,NA,NA,NA,NA,NA,NA,NA,NA,NA,NA,NA,NA,NA,NA,NA,NA,NA,Doris Haddock,NA,Judd Gregg,NA,NA,NA,TRUE
7,Howard Mills III,Chuck Schumer,NA,NA,NA,NA,NA,NA,NA,NA,NA,NA,2004,New York,Chuck Schumer,NA,NA,NA,NA,Marilyn O'Grady,NA,NA,NA,NA,NA,NA,NA,NA,NA,NA,NA,NA,NA,NA,NA,NA,NA,NA,NA,NA,NA,NA,NA,NA,NA,NA,NA,Chuck Schumer,NA,Howard Mills III,NA,Marilyn O'Grady,NA,TRUE
3,Richard Burr,Erskine Bowles,Tom Bailey,NA,NA,NA,NA,NA,NA,NA,NA,NA,2004,North Carolina,John Edwards,NA,NA,NA,NA,NA,NA,NA,NA,NA,NA,NA,NA,NA,NA,NA,NA,NA,NA,NA,NA,NA,NA,NA,NA,NA,NA,NA,NA,NA,NA,NA,NA,Erskine Bowles,NA,Richard Burr,NA,NA,Tom Bailey,FALSE
2,Mike Liffrig,NA,NA,NA,NA,NA,NA,NA,NA,NA,NA,NA,2004,North Dakota,Byron Dorgan,NA,NA,NA,NA,NA,Byron Dorgan,NA,NA,NA,NA,NA,NA,NA,NA,NA,NA,NA,NA,NA,NA,NA,NA,NA,NA,NA,NA,NA,NA,NA,NA,NA,NA,Byron Dorgan,NA,Mike Liffrig,NA,NA,NA,TRUE
2,George Voinovich,Eric Fingerhut,NA,NA,NA,NA,NA,NA,NA,NA,NA,NA,2004,Ohio,George Voinovich,NA,NA,NA,NA,NA,NA,NA,NA,NA,NA,NA,NA,NA,NA,NA,NA,NA,NA,NA,NA,NA,NA,NA,NA,NA,NA,NA,NA,NA,NA,NA,NA,Eric Fingerhut,NA,George Voinovich,NA,NA,NA,TRUE
3,Tom Coburn,Brad Carson,NA,NA,NA,NA,NA,Sheila Bilyeu,NA,NA,NA,NA,2004,Oklahoma,Don Nickles,NA,NA,NA,NA,NA,NA,NA,NA,NA,NA,NA,NA,NA,NA,NA,NA,NA,NA,NA,NA,NA,NA,NA,NA,NA,NA,NA,NA,NA,NA,NA,NA,Brad Carson,Sheila Bilyeu,Tom Coburn,NA,NA,NA,FALSE
5,Al King,Ron Wyden,NA,NA,NA,Teresa Keane,NA,NA,NA,NA,NA,NA,2004,Oregon,Ron Wyden,NA,NA,NA,NA,NA,NA,NA,NA,NA,NA,NA,NA,NA,NA,NA,NA,NA,NA,NA,NA,NA,NA,NA,NA,NA,NA,NA,NA,NA,NA,NA,NA,Ron Wyden,NA,Al King,Teresa Keane,NA,NA,TRUE
4,Arlen Specter,Joe Hoeffel,NA,NA,NA,NA,NA,NA,Jim Clymer,NA,NA,NA,2004,Pennsylvania,Arlen Specter,NA,NA,NA,NA,NA,NA,NA,NA,NA,NA,NA,NA,NA,NA,NA,NA,NA,NA,NA,NA,NA,NA,NA,NA,NA,NA,NA,NA,NA,NA,NA,NA,Joe Hoeffel,NA,Arlen Specter,NA,Jim Clymer,NA,TRUE
6,Jim DeMint,Inez Tenenbaum,NA,NA,NA,NA,NA,NA,Patrick Tyndall,NA,NA,NA,2004,South Carolina,Fritz Hollings,NA,NA,NA,NA,NA,NA,NA,NA,NA,NA,NA,NA,NA,NA,NA,NA,NA,NA,NA,NA,NA,NA,NA,NA,NA,NA,NA,NA,NA,NA,NA,NA,Inez Tenenbaum,NA,Jim DeMint,NA,Patrick Tyndall,NA,FALSE
2,John Thune,Tom Daschle,NA,NA,NA,NA,NA,NA,NA,NA,NA,NA,2004,South Dakota,Tom Daschle,NA,NA,NA,NA,NA,NA,NA,NA,NA,NA,NA,NA,NA,NA,NA,NA,NA,NA,NA,NA,NA,NA,NA,NA,NA,NA,NA,NA,NA,NA,NA,NA,Tom Daschle,NA,John Thune,NA,NA,NA,TRUE
4,Bob Bennett,Paul Van Dam,NA,NA,NA,NA,NA,NA,Gary R. Van Horn,NA,NA,NA,2004,Utah,Bob Bennett,NA,NA,NA,NA,NA,NA,NA,NA,NA,NA,NA,NA,NA,NA,NA,NA,NA,NA,NA,NA,NA,NA,NA,NA,NA,NA,NA,NA,NA,NA,NA,NA,Paul Van Dam,NA,Bob Bennett,NA,Gary R. Van Horn,NA,TRUE
6,John A. McMullen,Patrick Leahy,NA,NA,NA,NA,NA,NA,NA,NA,NA,NA,2004,Vermont,Patrick Leahy,NA,NA,NA,NA,NA,NA,Cris Ericson,NA,NA,NA,NA,NA,NA,NA,NA,NA,NA,NA,NA,NA,NA,NA,NA,NA,NA,NA,NA,NA,NA,NA,NA,NA,Patrick Leahy,NA,John A. McMullen,NA,Cris Ericson,NA,TRUE
4,George Nethercutt,Patty Murray,J. Mills,NA,NA,NA,NA,NA,NA,NA,NA,NA,2004,Washington,Patty Murray,NA,NA,NA,NA,NA,NA,NA,NA,NA,NA,NA,NA,NA,NA,NA,NA,NA,NA,NA,NA,NA,NA,NA,NA,NA,NA,NA,NA,NA,NA,NA,NA,Patty Murray,NA,George Nethercutt,NA,NA,J. Mills,TRUE
4,Tim Michels,Russ Feingold,Arif Khan,NA,NA,NA,NA,NA,NA,NA,NA,NA,2004,Wisconsin,Russ Feingold,NA,NA,NA,NA,NA,NA,NA,NA,NA,NA,NA,NA,NA,NA,NA,NA,NA,NA,NA,NA,NA,NA,NA,NA,NA,NA,NA,NA,NA,NA,NA,NA,Russ Feingold,NA,Tim Michels,NA,NA,Arif Khan,TRUE
3,Jon Kyl,Jim Pederson,Richard Mack,NA,NA,NA,NA,NA,NA,NA,NA,NA,2006,Arizona,Jon Kyl,NA,NA,NA,NA,NA,NA,NA,NA,NA,NA,NA,NA,NA,NA,NA,NA,NA,NA,NA,NA,NA,NA,NA,NA,NA,NA,NA,NA,NA,NA,NA,NA,Jim Pederson,NA,Jon Kyl,NA,NA,Richard Mack,TRUE
6,Dick Mountjoy,Dianne Feinstein,NA,NA,NA,NA,NA,NA,NA,NA,NA,NA,2006,California,Dianne Feinstein,NA,NA,NA,NA,NA,NA,NA,NA,NA,NA,NA,Don Grundmann,NA,NA,NA,NA,NA,NA,NA,NA,NA,NA,NA,NA,NA,NA,NA,NA,NA,NA,NA,NA,Dianne Feinstein,Don Grundmann,Dick Mountjoy,NA,NA,NA,TRUE
5,Alan Schlesinger,Ned Lamont,NA,NA,NA,NA,NA,NA,NA,NA,NA,NA,2006,Connecticut,Joe Lieberman,NA,NA,NA,NA,NA,NA,NA,NA,NA,NA,NA,NA,NA,Joe Lieberman,NA,NA,NA,NA,NA,NA,NA,NA,NA,NA,NA,NA,NA,NA,NA,NA,NA,NA,Ned Lamont,Joe Lieberman,Alan Schlesinger,NA,NA,NA,TRUE
4,Jan Ting,Tom Carper,NA,NA,NA,NA,NA,NA,NA,NA,NA,NA,2006,Delaware,Tom Carper,NA,NA,NA,NA,NA,NA,NA,NA,NA,NA,NA,NA,NA,NA,NA,Christine O'Donnell,NA,NA,NA,NA,NA,NA,NA,NA,NA,NA,NA,NA,NA,NA,NA,NA,Tom Carper,NA,Jan Ting,NA,NA,NA,TRUE
6,Katherine Harris,Bill Nelson,NA,NA,NA,NA,NA,Belinda Noah,NA,NA,NA,NA,2006,Florida,Bill Nelson,NA,NA,NA,NA,NA,NA,NA,NA,NA,NA,NA,NA,NA,NA,NA,NA,NA,NA,NA,NA,NA,NA,NA,NA,NA,NA,NA,NA,NA,NA,NA,NA,Bill Nelson,Belinda Noah,Katherine Harris,NA,NA,NA,TRUE
3,Cynthia Thielen,Daniel Akaka,Lloyd Mallan,NA,NA,NA,NA,NA,NA,NA,NA,NA,2006,Hawaii,Daniel Akaka,NA,NA,NA,NA,NA,NA,NA,NA,NA,NA,NA,NA,NA,NA,NA,NA,NA,NA,NA,NA,NA,NA,NA,NA,NA,NA,NA,NA,NA,NA,NA,NA,Daniel Akaka,NA,Cynthia Thielen,NA,NA,Lloyd Mallan,TRUE
2,Richard Lugar,NA,Steve Osborn,NA,NA,NA,NA,NA,NA,NA,NA,NA,2006,Indiana,Richard Lugar,NA,NA,NA,NA,NA,NA,NA,NA,NA,NA,NA,NA,NA,NA,NA,NA,NA,NA,NA,NA,NA,NA,NA,NA,NA,NA,NA,NA,NA,NA,NA,NA,NA,NA,Richard Lugar,NA,NA,Steve Osborn,TRUE
3,Olympia Snowe,Jean Hay Bright,NA,NA,NA,NA,NA,Bill Slavick,NA,NA,NA,NA,2006,Maine,Olympia Snowe,NA,NA,NA,NA,NA,NA,NA,NA,NA,NA,NA,NA,NA,NA,NA,NA,NA,NA,NA,NA,NA,NA,NA,NA,NA,NA,NA,NA,NA,NA,NA,NA,Jean Hay Bright,Bill Slavick,Olympia Snowe,NA,NA,NA,TRUE
3,Michael Steele,Ben Cardin,NA,NA,NA,Kevin Zeese,NA,NA,NA,NA,NA,NA,2006,Maryland,Paul Sarbanes,NA,NA,NA,NA,NA,NA,NA,NA,NA,NA,NA,NA,NA,NA,NA,NA,NA,NA,NA,NA,NA,NA,NA,NA,NA,NA,NA,NA,NA,NA,NA,NA,Ben Cardin,NA,Michael Steele,Kevin Zeese,NA,NA,FALSE
2,Kenneth Chase,Ted Kennedy,NA,NA,NA,NA,NA,NA,NA,NA,NA,NA,2006,Massachusetts,Ted Kennedy,NA,NA,NA,NA,NA,NA,NA,NA,NA,NA,NA,NA,NA,NA,NA,NA,NA,NA,NA,NA,NA,NA,NA,NA,NA,NA,NA,NA,NA,NA,NA,NA,Ted Kennedy,NA,Kenneth Chase,NA,NA,NA,TRUE
5,Mike Bouchard,Debbie Stabenow,Leonard Schwartz,NA,NA,NA,NA,NA,NA,NA,NA,NA,2006,Michigan,Debbie Stabenow,NA,NA,NA,NA,NA,NA,NA,NA,NA,NA,NA,NA,NA,NA,NA,NA,NA,NA,NA,NA,NA,NA,NA,NA,NA,NA,NA,NA,NA,NA,NA,NA,Debbie Stabenow,NA,Mike Bouchard,NA,NA,Leonard Schwartz,TRUE
5,Mark Kennedy,NA,NA,NA,NA,NA,NA,NA,NA,NA,NA,NA,2006,Minnesota,Mark Dayton,Robert Fitzgerald,NA,NA,NA,NA,NA,NA,NA,NA,Amy Klobuchar,NA,NA,NA,NA,NA,NA,NA,NA,NA,NA,NA,NA,NA,NA,NA,NA,NA,NA,NA,NA,NA,NA,Amy Klobuchar,Robert Fitzgerald,Mark Kennedy,NA,NA,NA,FALSE
3,Trent Lott,Erik Fleming,NA,NA,NA,NA,NA,NA,NA,NA,NA,NA,2006,Mississippi,Trent Lott,NA,NA,NA,NA,NA,NA,NA,NA,NA,NA,Harold Taylor,NA,NA,NA,NA,NA,NA,NA,NA,NA,NA,NA,NA,NA,NA,NA,NA,NA,NA,NA,NA,NA,Erik Fleming,NA,Trent Lott,NA,Harold Taylor,NA,TRUE
4,Jim Talent,Claire McCaskill,Frank Gilmour,NA,NA,NA,NA,NA,NA,NA,NA,NA,2006,Missouri,Jim Talent,NA,NA,NA,NA,NA,NA,NA,NA,NA,NA,NA,NA,NA,NA,NA,NA,NA,NA,NA,NA,NA,NA,NA,NA,NA,NA,NA,NA,NA,NA,NA,NA,Claire McCaskill,NA,Jim Talent,NA,NA,Frank Gilmour,TRUE
3,Conrad Burns,Jon Tester,Stan Jones,NA,NA,NA,NA,NA,NA,NA,NA,NA,2006,Montana,Conrad Burns,NA,NA,NA,NA,NA,NA,NA,NA,NA,NA,NA,NA,NA,NA,NA,NA,NA,NA,NA,NA,NA,NA,NA,NA,NA,NA,NA,NA,NA,NA,NA,NA,Jon Tester,NA,Conrad Burns,NA,NA,Stan Jones,TRUE
2,Pete Ricketts,Ben Nelson,NA,NA,NA,NA,NA,NA,NA,NA,NA,NA,2006,Nebraska,Ben Nelson,NA,NA,NA,NA,NA,NA,NA,NA,NA,NA,NA,NA,NA,NA,NA,NA,NA,NA,NA,NA,NA,NA,NA,NA,NA,NA,NA,NA,NA,NA,NA,NA,Ben Nelson,NA,Pete Ricketts,NA,NA,NA,TRUE
4,John Ensign,Jack Carter,NA,NA,NA,NA,NA,NA,David Schumann,NA,NA,NA,2006,Nevada,John Ensign,NA,NA,NA,NA,NA,NA,NA,NA,NA,NA,NA,NA,NA,NA,NA,NA,NA,NA,NA,NA,NA,NA,NA,NA,NA,NA,NA,NA,NA,NA,NA,NA,Jack Carter,NA,John Ensign,NA,David Schumann,NA,TRUE
9,Thomas Kean Jr.,Bob Menendez,Len Flynn,NA,NA,NA,NA,NA,NA,NA,NA,NA,2006,New Jersey,Bob Menendez,NA,NA,NA,NA,NA,NA,NA,NA,NA,NA,NA,NA,NA,NA,NA,NA,NA,NA,NA,NA,NA,NA,NA,NA,NA,NA,NA,NA,NA,NA,NA,NA,Bob Menendez,NA,Thomas Kean Jr.,NA,NA,Len Flynn,TRUE
2,Allen McCulloch,Jeff Bingaman,NA,NA,NA,NA,NA,NA,NA,NA,NA,NA,2006,New Mexico,Jeff Bingaman,NA,NA,NA,NA,NA,NA,NA,NA,NA,NA,NA,NA,NA,NA,NA,NA,NA,NA,NA,NA,NA,NA,NA,NA,NA,NA,NA,NA,NA,NA,NA,NA,Jeff Bingaman,NA,Allen McCulloch,NA,NA,NA,TRUE
6,John Spencer,Hillary Clinton,NA,NA,NA,Howie Hawkins,NA,NA,NA,NA,NA,NA,2006,New York,Hillary Clinton,NA,NA,NA,NA,NA,NA,NA,NA,NA,NA,NA,NA,NA,NA,NA,NA,NA,NA,NA,NA,NA,NA,NA,NA,NA,NA,NA,NA,NA,NA,NA,NA,Hillary Clinton,NA,John Spencer,Howie Hawkins,NA,NA,TRUE
4,Dwight Grotberg,Kent Conrad,NA,NA,NA,NA,NA,Roland Riemers,NA,NA,NA,NA,2006,North Dakota,Kent Conrad,NA,NA,NA,NA,NA,NA,NA,NA,NA,NA,NA,NA,NA,NA,NA,NA,NA,NA,NA,NA,NA,NA,NA,NA,NA,NA,NA,NA,NA,NA,NA,NA,Kent Conrad,Roland Riemers,Dwight Grotberg,NA,NA,NA,TRUE
2,Mike DeWine,Sherrod Brown,NA,NA,NA,NA,NA,NA,NA,NA,NA,NA,2006,Ohio,Mike DeWine,NA,NA,NA,NA,NA,NA,NA,NA,NA,NA,NA,NA,NA,NA,NA,NA,NA,NA,NA,NA,NA,NA,NA,NA,NA,NA,NA,NA,NA,NA,NA,NA,Sherrod Brown,NA,Mike DeWine,NA,NA,NA,TRUE
2,Rick Santorum,Bob Casey Jr.,NA,NA,NA,NA,NA,NA,NA,NA,NA,NA,2006,Pennsylvania,Rick Santorum,NA,NA,NA,NA,NA,NA,NA,NA,NA,NA,NA,NA,NA,NA,NA,NA,NA,NA,NA,NA,NA,NA,NA,NA,NA,NA,NA,NA,NA,NA,NA,NA,Bob Casey Jr.,NA,Rick Santorum,NA,NA,NA,TRUE
2,Lincoln Chafee,Sheldon Whitehouse,NA,NA,NA,NA,NA,NA,NA,NA,NA,NA,2006,Rhode Island,Lincoln Chafee,NA,NA,NA,NA,NA,NA,NA,NA,NA,NA,NA,NA,NA,NA,NA,NA,NA,NA,NA,NA,NA,NA,NA,NA,NA,NA,NA,NA,NA,NA,NA,NA,Sheldon Whitehouse,NA,Lincoln Chafee,NA,NA,NA,TRUE
7,Bob Corker,Harold Ford Jr.,NA,NA,NA,NA,NA,Ed Choate,NA,NA,NA,NA,2006,Tennessee,Bill Frist,NA,NA,NA,NA,NA,NA,NA,NA,NA,NA,NA,NA,NA,NA,NA,NA,NA,NA,NA,NA,NA,NA,NA,NA,NA,NA,NA,NA,NA,NA,NA,NA,Harold Ford Jr.,Ed Choate,Bob Corker,NA,NA,NA,FALSE
3,Kay Bailey Hutchison,Barbara Ann Radnofsky,Scott Jameson,NA,NA,NA,NA,NA,NA,NA,NA,NA,2006,Texas,Kay Bailey Hutchison,NA,NA,NA,NA,NA,NA,NA,NA,NA,NA,NA,NA,NA,NA,NA,NA,NA,NA,NA,NA,NA,NA,NA,NA,NA,NA,NA,NA,NA,NA,NA,NA,Barbara Ann Radnofsky,NA,Kay Bailey Hutchison,NA,NA,Scott Jameson,TRUE
6,Orrin Hatch,Pete Ashdown,NA,NA,NA,NA,NA,NA,Scott Bradley,NA,NA,NA,2006,Utah,Orrin Hatch,NA,NA,NA,NA,NA,NA,NA,NA,NA,NA,NA,NA,NA,NA,NA,NA,NA,NA,NA,NA,NA,NA,NA,NA,NA,NA,NA,NA,NA,NA,NA,NA,Pete Ashdown,NA,Orrin Hatch,NA,Scott Bradley,NA,TRUE
6,Richard Tarrant,NA,NA,NA,NA,NA,NA,"c(""Bernie Sanders"", ""Cris Ericson"")",NA,NA,NA,NA,2006,Vermont,Jim Jeffords,NA,NA,NA,NA,NA,NA,NA,NA,NA,NA,NA,NA,NA,NA,NA,NA,NA,NA,NA,NA,NA,NA,NA,NA,NA,NA,NA,NA,NA,NA,NA,NA,NA,"c(""Bernie Sanders"", ""Cris Ericson"")",Richard Tarrant,NA,NA,NA,FALSE
3,George Allen,Jim Webb,NA,NA,NA,NA,NA,NA,NA,NA,NA,NA,2006,Virginia,George Allen,NA,NA,NA,NA,NA,NA,NA,NA,NA,NA,NA,NA,Gail Parker,NA,NA,NA,NA,NA,NA,NA,NA,NA,NA,NA,NA,NA,NA,NA,NA,NA,NA,NA,Jim Webb,Gail Parker,George Allen,NA,NA,NA,TRUE
5,Mike McGavick,Maria Cantwell,Bruce Guthrie,NA,NA,NA,NA,NA,NA,NA,NA,NA,2006,Washington,Maria Cantwell,NA,NA,NA,NA,NA,NA,NA,NA,NA,NA,NA,NA,NA,NA,NA,NA,NA,NA,NA,NA,NA,NA,NA,NA,NA,NA,NA,NA,NA,NA,NA,NA,Maria Cantwell,NA,Mike McGavick,NA,NA,Bruce Guthrie,TRUE
3,John Raese,Robert Byrd,NA,NA,NA,NA,NA,NA,NA,NA,NA,NA,2006,West Virginia,Robert Byrd,NA,NA,NA,NA,NA,NA,NA,NA,NA,NA,NA,NA,NA,NA,Jesse Johnson,NA,NA,NA,NA,NA,NA,NA,NA,NA,NA,NA,NA,NA,NA,NA,NA,NA,Robert Byrd,NA,John Raese,NA,Jesse Johnson,NA,TRUE
4,Robert Lorge,Herb Kohl,NA,NA,NA,Rae Vogeler,NA,NA,NA,NA,NA,NA,2006,Wisconsin,Herb Kohl,NA,NA,NA,NA,NA,NA,NA,NA,NA,NA,NA,NA,NA,NA,NA,NA,NA,NA,NA,NA,NA,NA,NA,NA,NA,NA,NA,NA,NA,NA,NA,NA,Herb Kohl,NA,Robert Lorge,Rae Vogeler,NA,NA,TRUE
2,Craig L. Thomas,Dale Groutage,NA,NA,NA,NA,NA,NA,NA,NA,NA,NA,2006,Wyoming,Craig L. Thomas,NA,NA,NA,NA,NA,NA,NA,NA,NA,NA,NA,NA,NA,NA,NA,NA,NA,NA,NA,NA,NA,NA,NA,NA,NA,NA,NA,NA,NA,NA,NA,NA,Dale Groutage,NA,Craig L. Thomas,NA,NA,NA,TRUE
2,Jeff Sessions,Vivian Davis Figures,NA,NA,NA,NA,NA,NA,NA,NA,NA,NA,2008,Alabama,Jeff Sessions,NA,NA,NA,NA,NA,NA,NA,NA,NA,NA,NA,NA,NA,NA,NA,NA,NA,NA,NA,NA,NA,NA,NA,NA,NA,NA,NA,NA,NA,NA,NA,NA,Vivian Davis Figures,NA,Jeff Sessions,NA,NA,NA,TRUE
5,Ted Stevens,Mark Begich,NA,NA,NA,NA,NA,NA,NA,NA,NA,NA,2008,Alaska,Ted Stevens,NA,NA,NA,NA,NA,NA,NA,NA,NA,NA,NA,NA,NA,NA,NA,NA,NA,NA,Bob Bird,NA,NA,NA,NA,NA,NA,NA,NA,NA,NA,NA,NA,NA,Mark Begich,Bob Bird,Ted Stevens,NA,NA,NA,TRUE
2,NA,Mark Pryor,NA,NA,NA,Rebekah Kennedy,NA,NA,NA,NA,NA,NA,2008,Arkansas,Mark Pryor,NA,NA,NA,NA,NA,NA,NA,NA,NA,NA,NA,NA,NA,NA,NA,NA,NA,NA,NA,NA,NA,NA,NA,NA,NA,NA,NA,NA,NA,NA,NA,NA,Mark Pryor,NA,NA,Rebekah Kennedy,NA,NA,TRUE
4,Bob Schaffer,Mark Udall,NA,NA,NA,NA,NA,NA,Doug Campbell,NA,NA,NA,2008,Colorado,Wayne Allard,NA,NA,NA,NA,NA,NA,NA,NA,NA,NA,NA,NA,NA,NA,NA,NA,NA,NA,NA,NA,NA,NA,NA,NA,NA,NA,NA,NA,NA,NA,NA,NA,Mark Udall,NA,Bob Schaffer,NA,Doug Campbell,NA,FALSE
2,Christine O'Donnell,Joe Biden,NA,NA,NA,NA,NA,NA,NA,NA,NA,NA,2008,Delaware,Joe Biden,NA,NA,NA,NA,NA,NA,NA,NA,NA,NA,NA,NA,NA,NA,NA,NA,NA,NA,NA,NA,NA,NA,NA,NA,NA,NA,NA,NA,NA,NA,NA,NA,Joe Biden,NA,Christine O'Donnell,NA,NA,NA,TRUE
3,Saxby Chambliss,Jim Martin,Allen Buckley,NA,NA,NA,NA,NA,NA,NA,NA,NA,2008,Georgia,Saxby Chambliss,NA,NA,NA,NA,NA,NA,NA,NA,NA,NA,NA,NA,NA,NA,NA,NA,NA,NA,NA,NA,NA,NA,NA,NA,NA,NA,NA,NA,NA,NA,NA,NA,Jim Martin,NA,Saxby Chambliss,NA,NA,Allen Buckley,TRUE
5,Jim Risch,Larry LaRocco,NA,NA,NA,NA,NA,Rex Rammell,NA,NA,NA,NA,2008,Idaho,Larry Craig,NA,NA,NA,NA,NA,NA,NA,NA,NA,NA,NA,NA,NA,NA,NA,NA,NA,NA,NA,NA,NA,NA,NA,NA,NA,NA,NA,NA,NA,NA,NA,NA,Larry LaRocco,Rex Rammell,Jim Risch,NA,NA,NA,FALSE
5,Steve Sauerberg,Dick Durbin,NA,NA,NA,Kathy Cummings,NA,NA,NA,NA,NA,NA,2008,Illinois,Dick Durbin,NA,NA,NA,NA,NA,NA,NA,NA,NA,NA,NA,NA,NA,NA,NA,NA,NA,NA,NA,NA,NA,NA,NA,NA,NA,NA,NA,NA,NA,NA,NA,NA,Dick Durbin,NA,Steve Sauerberg,Kathy Cummings,NA,NA,TRUE
2,Christopher Reed,Tom Harkin,NA,NA,NA,NA,NA,NA,NA,NA,NA,NA,2008,Iowa,Tom Harkin,NA,NA,NA,NA,NA,NA,NA,NA,NA,NA,NA,NA,NA,NA,NA,NA,NA,NA,NA,NA,NA,NA,NA,NA,NA,NA,NA,NA,NA,NA,NA,NA,Tom Harkin,NA,Christopher Reed,NA,NA,NA,TRUE
4,Pat Roberts,Jim Slattery,Randall Hodgkinson,NA,NA,NA,NA,NA,NA,NA,NA,NA,2008,Kansas,Pat Roberts,NA,NA,NA,NA,NA,NA,NA,NA,NA,NA,NA,NA,NA,NA,NA,NA,NA,NA,NA,NA,NA,NA,NA,NA,NA,NA,NA,NA,NA,NA,NA,NA,Jim Slattery,NA,Pat Roberts,NA,NA,Randall Hodgkinson,TRUE
2,Mitch McConnell,Bruce Lunsford,NA,NA,NA,NA,NA,NA,NA,NA,NA,NA,2008,Kentucky,Mitch McConnell,NA,NA,NA,NA,NA,NA,NA,NA,NA,NA,NA,NA,NA,NA,NA,NA,NA,NA,NA,NA,NA,NA,NA,NA,NA,NA,NA,NA,NA,NA,NA,NA,Bruce Lunsford,NA,Mitch McConnell,NA,NA,NA,TRUE
5,John Kennedy,Mary Landrieu,Richard Fontanesi,NA,NA,NA,NA,NA,NA,NA,NA,NA,2008,Louisiana,Mary Landrieu,NA,NA,NA,NA,NA,NA,NA,NA,NA,NA,NA,NA,NA,NA,NA,NA,NA,NA,NA,NA,NA,NA,NA,NA,NA,NA,NA,NA,NA,NA,NA,NA,Mary Landrieu,NA,John Kennedy,NA,NA,Richard Fontanesi,TRUE
2,Susan Collins,Tom Allen,NA,NA,NA,NA,NA,NA,NA,NA,NA,NA,2008,Maine,Susan Collins,NA,NA,NA,NA,NA,NA,NA,NA,NA,NA,NA,NA,NA,NA,NA,NA,NA,NA,NA,NA,NA,NA,NA,NA,NA,NA,NA,NA,NA,NA,NA,NA,Tom Allen,NA,Susan Collins,NA,NA,NA,TRUE
3,Jeff Beatty,John Kerry,Robert Underwood,NA,NA,NA,NA,NA,NA,NA,NA,NA,2008,Massachusetts,John Kerry,NA,NA,NA,NA,NA,NA,NA,NA,NA,NA,NA,NA,NA,NA,NA,NA,NA,NA,NA,NA,NA,NA,NA,NA,NA,NA,NA,NA,NA,NA,NA,NA,John Kerry,NA,Jeff Beatty,NA,NA,Robert Underwood,TRUE
6,Jack Hoogendyk,Carl Levin,Scott Boman,NA,NA,NA,NA,NA,NA,NA,NA,NA,2008,Michigan,Carl Levin,NA,NA,NA,NA,NA,NA,NA,NA,NA,NA,NA,NA,NA,NA,NA,NA,NA,NA,NA,NA,NA,NA,NA,NA,NA,NA,NA,NA,NA,NA,NA,NA,Carl Levin,NA,Jack Hoogendyk,NA,NA,Scott Boman,TRUE
5,Norm Coleman,NA,NA,NA,NA,NA,NA,NA,NA,NA,NA,NA,2008,Minnesota,Norm Coleman,NA,Al Franken,NA,NA,NA,NA,NA,NA,NA,NA,NA,NA,NA,NA,NA,NA,Dean Barkley,NA,NA,NA,NA,NA,NA,NA,NA,NA,NA,NA,NA,NA,NA,NA,Al Franken,Dean Barkley,Norm Coleman,NA,NA,NA,TRUE
2,Thad Cochran,Erik Fleming,NA,NA,NA,NA,NA,NA,NA,NA,NA,NA,2008,Mississippi,Thad Cochran,NA,NA,NA,NA,NA,NA,NA,NA,NA,NA,NA,NA,NA,NA,NA,NA,NA,NA,NA,NA,NA,NA,NA,NA,NA,NA,NA,NA,NA,NA,NA,NA,Erik Fleming,NA,Thad Cochran,NA,NA,NA,TRUE
2,Bob Kelleher,Max Baucus,NA,NA,NA,NA,NA,NA,NA,NA,NA,NA,2008,Montana,Max Baucus,NA,NA,NA,NA,NA,NA,NA,NA,NA,NA,NA,NA,NA,NA,NA,NA,NA,NA,NA,NA,NA,NA,NA,NA,NA,NA,NA,NA,NA,NA,NA,NA,Max Baucus,NA,Bob Kelleher,NA,NA,NA,TRUE
4,Mike Johanns,Scott Kleeb,NA,NA,NA,NA,NA,NA,NA,NA,NA,NA,2008,Nebraska,Chuck Hagel,NA,NA,NA,NA,NA,NA,NA,NA,NA,NA,NA,NA,NA,NA,NA,NA,NA,Kelly Rosberg,NA,NA,NA,NA,NA,NA,NA,NA,NA,NA,NA,NA,NA,NA,Scott Kleeb,NA,Mike Johanns,NA,Kelly Rosberg,NA,FALSE
3,John E. Sununu,Jeanne Shaheen,Ken Blevens,NA,NA,NA,NA,NA,NA,NA,NA,NA,2008,New Hampshire,John E. Sununu,NA,NA,NA,NA,NA,NA,NA,NA,NA,NA,NA,NA,NA,NA,NA,NA,NA,NA,NA,NA,NA,NA,NA,NA,NA,NA,NA,NA,NA,NA,NA,NA,Jeanne Shaheen,NA,John E. Sununu,NA,NA,Ken Blevens,TRUE
7,Dick Zimmer,Frank Lautenberg,Jason Scheurer,NA,NA,NA,NA,NA,NA,NA,NA,NA,2008,New Jersey,Frank Lautenberg,NA,NA,NA,NA,NA,NA,NA,NA,NA,NA,NA,NA,NA,NA,NA,NA,NA,NA,NA,NA,NA,NA,NA,NA,NA,NA,NA,NA,NA,NA,NA,NA,Frank Lautenberg,NA,Dick Zimmer,NA,NA,Jason Scheurer,TRUE
2,Steve Pearce,Tom Udall,NA,NA,NA,NA,NA,NA,NA,NA,NA,NA,2008,New Mexico,Pete Domenici,NA,NA,NA,NA,NA,NA,NA,NA,NA,NA,NA,NA,NA,NA,NA,NA,NA,NA,NA,NA,NA,NA,NA,NA,NA,NA,NA,NA,NA,NA,NA,NA,Tom Udall,NA,Steve Pearce,NA,NA,NA,FALSE
3,Elizabeth Dole,Kay Hagan,Chris Cole,NA,NA,NA,NA,NA,NA,NA,NA,NA,2008,North Carolina,Elizabeth Dole,NA,NA,NA,NA,NA,NA,NA,NA,NA,NA,NA,NA,NA,NA,NA,NA,NA,NA,NA,NA,NA,NA,NA,NA,NA,NA,NA,NA,NA,NA,NA,NA,Kay Hagan,NA,Elizabeth Dole,NA,NA,Chris Cole,TRUE
3,Jim Inhofe,Andrew Rice,NA,NA,NA,NA,NA,Stephen Wallace,NA,NA,NA,NA,2008,Oklahoma,Jim Inhofe,NA,NA,NA,NA,NA,NA,NA,NA,NA,NA,NA,NA,NA,NA,NA,NA,NA,NA,NA,NA,NA,NA,NA,NA,NA,NA,NA,NA,NA,NA,NA,NA,Andrew Rice,Stephen Wallace,Jim Inhofe,NA,NA,NA,TRUE
3,Gordon H. Smith,Jeff Merkley,NA,NA,NA,NA,NA,NA,Dave Brownlow,NA,NA,NA,2008,Oregon,Gordon H. Smith,NA,NA,NA,NA,NA,NA,NA,NA,NA,NA,NA,NA,NA,NA,NA,NA,NA,NA,NA,NA,NA,NA,NA,NA,NA,NA,NA,NA,NA,NA,NA,NA,Jeff Merkley,NA,Gordon H. Smith,NA,Dave Brownlow,NA,TRUE
2,Robert Tingle,Jack Reed,NA,NA,NA,NA,NA,NA,NA,NA,NA,NA,2008,Rhode Island,Jack Reed,NA,NA,NA,NA,NA,NA,NA,NA,NA,NA,NA,NA,NA,NA,NA,NA,NA,NA,NA,NA,NA,NA,NA,NA,NA,NA,NA,NA,NA,NA,NA,NA,Jack Reed,NA,Robert Tingle,NA,NA,NA,TRUE
2,Lindsey Graham,Bob Conley,NA,NA,NA,NA,NA,NA,NA,NA,NA,NA,2008,South Carolina,Lindsey Graham,NA,NA,NA,NA,NA,NA,NA,NA,NA,NA,NA,NA,NA,NA,NA,NA,NA,NA,NA,NA,NA,NA,NA,NA,NA,NA,NA,NA,NA,NA,NA,NA,Bob Conley,NA,Lindsey Graham,NA,NA,NA,TRUE
2,Joel Dykstra,Tim Johnson,NA,NA,NA,NA,NA,NA,NA,NA,NA,NA,2008,South Dakota,Tim Johnson,NA,NA,NA,NA,NA,NA,NA,NA,NA,NA,NA,NA,NA,NA,NA,NA,NA,NA,NA,NA,NA,NA,NA,NA,NA,NA,NA,NA,NA,NA,NA,NA,Tim Johnson,NA,Joel Dykstra,NA,NA,NA,TRUE
8,Lamar Alexander,Bob Tuke,NA,NA,NA,NA,NA,Edward Buck,NA,NA,NA,NA,2008,Tennessee,Lamar Alexander,NA,NA,NA,NA,NA,NA,NA,NA,NA,NA,NA,NA,NA,NA,NA,NA,NA,NA,NA,NA,NA,NA,NA,NA,NA,NA,NA,NA,NA,NA,NA,NA,Bob Tuke,Edward Buck,Lamar Alexander,NA,NA,NA,TRUE
3,John Cornyn,Rick Noriega,Yvonne Adams Schick,NA,NA,NA,NA,NA,NA,NA,NA,NA,2008,Texas,John Cornyn,NA,NA,NA,NA,NA,NA,NA,NA,NA,NA,NA,NA,NA,NA,NA,NA,NA,NA,NA,NA,NA,NA,NA,NA,NA,NA,NA,NA,NA,NA,NA,NA,Rick Noriega,NA,John Cornyn,NA,NA,Yvonne Adams Schick,TRUE
4,Jim Gilmore,Mark Warner,Bill Redpath,NA,NA,NA,NA,NA,NA,NA,NA,NA,2008,Virginia,John Warner,NA,NA,NA,NA,NA,NA,NA,NA,NA,NA,NA,NA,NA,NA,NA,NA,NA,NA,NA,NA,NA,NA,NA,NA,NA,NA,NA,NA,NA,NA,NA,NA,Mark Warner,NA,Jim Gilmore,NA,NA,Bill Redpath,FALSE
2,Jay Wolfe,Jay Rockefeller,NA,NA,NA,NA,NA,NA,NA,NA,NA,NA,2008,West Virginia,Jay Rockefeller,NA,NA,NA,NA,NA,NA,NA,NA,NA,NA,NA,NA,NA,NA,NA,NA,NA,NA,NA,NA,NA,NA,NA,NA,NA,NA,NA,NA,NA,NA,NA,NA,Jay Rockefeller,NA,Jay Wolfe,NA,NA,NA,TRUE
2,Mike Enzi,Chris Rothfuss,NA,NA,NA,NA,NA,NA,NA,NA,NA,NA,2008,Wyoming,Mike Enzi,NA,NA,NA,NA,NA,NA,NA,NA,NA,NA,NA,NA,NA,NA,NA,NA,NA,NA,NA,NA,NA,NA,NA,NA,NA,NA,NA,NA,NA,NA,NA,NA,Chris Rothfuss,NA,Mike Enzi,NA,NA,NA,TRUE
2,Richard Shelby,William G. Barnes,NA,NA,NA,NA,NA,NA,NA,NA,NA,NA,2010,Alabama,Richard Shelby,NA,NA,NA,NA,NA,NA,NA,NA,NA,NA,NA,NA,NA,NA,NA,NA,NA,NA,NA,NA,NA,NA,NA,NA,NA,NA,NA,NA,NA,NA,NA,NA,William G. Barnes,NA,Richard Shelby,NA,NA,NA,TRUE
4,John McCain,Rodney Glassman,David Nolan,NA,NA,NA,NA,NA,NA,NA,NA,NA,2010,Arizona,John McCain,NA,NA,NA,NA,NA,NA,NA,NA,NA,NA,NA,NA,NA,NA,NA,NA,NA,NA,NA,NA,NA,NA,NA,NA,NA,NA,NA,NA,NA,NA,NA,NA,Rodney Glassman,NA,John McCain,NA,NA,David Nolan,TRUE
4,John Boozman,Blanche Lincoln,NA,NA,NA,NA,NA,Trevor Drown,NA,NA,NA,NA,2010,Arkansas,Blanche Lincoln,NA,NA,NA,NA,NA,NA,NA,NA,NA,NA,NA,NA,NA,NA,NA,NA,NA,NA,NA,NA,NA,NA,NA,NA,NA,NA,NA,NA,NA,NA,NA,NA,Blanche Lincoln,Trevor Drown,John Boozman,NA,NA,NA,TRUE
6,Carly Fiorina,Barbara Boxer,Gail Lightfoot,NA,NA,NA,NA,NA,NA,NA,NA,NA,2010,California,Barbara Boxer,NA,NA,NA,NA,NA,NA,NA,NA,NA,NA,NA,NA,NA,NA,NA,NA,NA,NA,NA,NA,NA,NA,NA,NA,NA,NA,NA,NA,NA,NA,NA,NA,Barbara Boxer,NA,Carly Fiorina,NA,NA,Gail Lightfoot,TRUE
4,Ken Buck,Michael Bennet,NA,NA,NA,Bob Kinsey,NA,NA,NA,NA,NA,NA,2010,Colorado,Michael Bennet,NA,NA,NA,NA,NA,NA,NA,NA,NA,NA,NA,NA,NA,NA,NA,NA,NA,NA,NA,NA,NA,NA,NA,NA,NA,NA,NA,NA,NA,NA,NA,NA,Michael Bennet,NA,Ken Buck,Bob Kinsey,NA,NA,TRUE
4,Linda McMahon,Richard Blumenthal,NA,NA,NA,NA,NA,Warren Mosler,NA,NA,NA,NA,2010,Connecticut,Chris Dodd,NA,NA,NA,NA,NA,NA,NA,NA,NA,NA,NA,NA,NA,NA,NA,NA,NA,NA,NA,NA,NA,NA,NA,NA,NA,NA,NA,NA,NA,NA,NA,NA,Richard Blumenthal,Warren Mosler,Linda McMahon,NA,NA,NA,FALSE
4,Marco Rubio,Kendrick Meek,NA,NA,NA,NA,NA,Charlie Crist,NA,NA,NA,NA,2010,Florida,George LeMieux,NA,NA,NA,NA,NA,NA,NA,NA,NA,NA,NA,NA,NA,NA,NA,NA,NA,NA,NA,NA,NA,NA,NA,NA,NA,NA,NA,NA,NA,NA,NA,NA,Kendrick Meek,Charlie Crist,Marco Rubio,NA,NA,NA,FALSE
3,Johnny Isakson,Michael Thurmond,Chuck Donovan,NA,NA,NA,NA,NA,NA,NA,NA,NA,2010,Georgia,Johnny Isakson,NA,NA,NA,NA,NA,NA,NA,NA,NA,NA,NA,NA,NA,NA,NA,NA,NA,NA,NA,NA,NA,NA,NA,NA,NA,NA,NA,NA,NA,NA,NA,NA,Michael Thurmond,NA,Johnny Isakson,NA,NA,Chuck Donovan,TRUE
4,Campbell Cavasso,Daniel Inouye,NA,NA,NA,James Brewer,NA,NA,NA,NA,NA,NA,2010,Hawaii,Daniel Inouye,NA,NA,NA,NA,NA,NA,NA,NA,NA,NA,NA,NA,NA,NA,NA,NA,NA,NA,NA,NA,NA,NA,NA,NA,NA,NA,NA,NA,NA,NA,NA,NA,Daniel Inouye,NA,Campbell Cavasso,James Brewer,NA,NA,TRUE
3,Mike Crapo,Tom Sullivan,NA,NA,NA,NA,NA,NA,Randy Bergquist,NA,NA,NA,2010,Idaho,Mike Crapo,NA,NA,NA,NA,NA,NA,NA,NA,NA,NA,NA,NA,NA,NA,NA,NA,NA,NA,NA,NA,NA,NA,NA,NA,NA,NA,NA,NA,NA,NA,NA,NA,Tom Sullivan,NA,Mike Crapo,NA,Randy Bergquist,NA,TRUE
4,Mark Kirk,Alexi Giannoulias,NA,NA,NA,LeAlan Jones,NA,NA,NA,NA,NA,NA,2010,Illinois,Roland Burris,NA,NA,NA,NA,NA,NA,NA,NA,NA,NA,NA,NA,NA,NA,NA,NA,NA,NA,NA,NA,NA,NA,NA,NA,NA,NA,NA,NA,NA,NA,NA,NA,Alexi Giannoulias,NA,Mark Kirk,LeAlan Jones,NA,NA,FALSE
3,Dan Coats,Brad Ellsworth,Rebecca Sink-Burris,NA,NA,NA,NA,NA,NA,NA,NA,NA,2010,Indiana,Evan Bayh,NA,NA,NA,NA,NA,NA,NA,NA,NA,NA,NA,NA,NA,NA,NA,NA,NA,NA,NA,NA,NA,NA,NA,NA,NA,NA,NA,NA,NA,NA,NA,NA,Brad Ellsworth,NA,Dan Coats,NA,NA,Rebecca Sink-Burris,FALSE
3,Chuck Grassley,Roxanne Conlin,John Heiderscheit,NA,NA,NA,NA,NA,NA,NA,NA,NA,2010,Iowa,Chuck Grassley,NA,NA,NA,NA,NA,NA,NA,NA,NA,NA,NA,NA,NA,NA,NA,NA,NA,NA,NA,NA,NA,NA,NA,NA,NA,NA,NA,NA,NA,NA,NA,NA,Roxanne Conlin,NA,Chuck Grassley,NA,NA,John Heiderscheit,TRUE
4,Jerry Moran,Lisa Johnston,Michael Dann,NA,NA,NA,NA,NA,NA,NA,NA,NA,2010,Kansas,Sam Brownback,NA,NA,NA,NA,NA,NA,NA,NA,NA,NA,NA,NA,NA,NA,NA,NA,NA,NA,NA,NA,NA,NA,NA,NA,NA,NA,NA,NA,NA,NA,NA,NA,Lisa Johnston,NA,Jerry Moran,NA,NA,Michael Dann,FALSE
2,Rand Paul,Jack Conway,NA,NA,NA,NA,NA,NA,NA,NA,NA,NA,2010,Kentucky,Jim Bunning,NA,NA,NA,NA,NA,NA,NA,NA,NA,NA,NA,NA,NA,NA,NA,NA,NA,NA,NA,NA,NA,NA,NA,NA,NA,NA,NA,NA,NA,NA,NA,NA,Jack Conway,NA,Rand Paul,NA,NA,NA,FALSE
4,David Vitter,Charles Melancon,Randall Hayes,NA,NA,NA,NA,NA,NA,NA,NA,NA,2010,Louisiana,David Vitter,NA,NA,NA,NA,NA,NA,NA,NA,NA,NA,NA,NA,NA,NA,NA,NA,NA,NA,NA,NA,NA,NA,NA,NA,NA,NA,NA,NA,NA,NA,NA,NA,Charles Melancon,NA,David Vitter,NA,NA,Randall Hayes,TRUE
4,Eric Wargotz,Barbara Mikulski,NA,NA,NA,Kenniss Henry,NA,NA,NA,NA,NA,NA,2010,Maryland,Barbara Mikulski,NA,NA,NA,NA,NA,NA,NA,NA,NA,NA,NA,NA,NA,NA,NA,NA,NA,NA,NA,NA,NA,NA,NA,NA,NA,NA,NA,NA,NA,NA,NA,NA,Barbara Mikulski,NA,Eric Wargotz,Kenniss Henry,NA,NA,TRUE
4,Roy Blunt,Robin Carnahan,Jonathan Dine,NA,NA,NA,NA,NA,NA,NA,NA,NA,2010,Missouri,Kit Bond,NA,NA,NA,NA,NA,NA,NA,NA,NA,NA,NA,NA,NA,NA,NA,NA,NA,NA,NA,NA,NA,NA,NA,NA,NA,NA,NA,NA,NA,NA,NA,NA,Robin Carnahan,NA,Roy Blunt,NA,NA,Jonathan Dine,FALSE
3,Sharron Angle,Harry Reid,NA,NA,NA,NA,NA,NA,NA,NA,NA,NA,2010,Nevada,Harry Reid,NA,NA,NA,NA,NA,NA,NA,NA,NA,NA,NA,NA,NA,NA,NA,NA,NA,NA,NA,Scott Ashjian,NA,NA,NA,NA,NA,NA,NA,NA,NA,NA,NA,NA,Harry Reid,NA,Sharron Angle,NA,Scott Ashjian,NA,TRUE
4,Kelly Ayotte,Paul Hodes,NA,NA,NA,NA,NA,Chris Booth,NA,NA,NA,NA,2010,New Hampshire,Judd Gregg,NA,NA,NA,NA,NA,NA,NA,NA,NA,NA,NA,NA,NA,NA,NA,NA,NA,NA,NA,NA,NA,NA,NA,NA,NA,NA,NA,NA,NA,NA,NA,NA,Paul Hodes,Chris Booth,Kelly Ayotte,NA,NA,NA,FALSE
4,Jay Townsend,Chuck Schumer,NA,NA,NA,Colia Clark,NA,NA,NA,NA,NA,NA,2010,New York,Chuck Schumer,NA,NA,NA,NA,NA,NA,NA,NA,NA,NA,NA,NA,NA,NA,NA,NA,NA,NA,NA,NA,NA,NA,NA,NA,NA,NA,NA,NA,NA,NA,NA,NA,Chuck Schumer,NA,Jay Townsend,Colia Clark,NA,NA,TRUE
3,Richard Burr,Elaine Marshall,Mike Beitler,NA,NA,NA,NA,NA,NA,NA,NA,NA,2010,North Carolina,Richard Burr,NA,NA,NA,NA,NA,NA,NA,NA,NA,NA,NA,NA,NA,NA,NA,NA,NA,NA,NA,NA,NA,NA,NA,NA,NA,NA,NA,NA,NA,NA,NA,NA,Elaine Marshall,NA,Richard Burr,NA,NA,Mike Beitler,TRUE
3,John Hoeven,Tracy Potter,Keith Hanson,NA,NA,NA,NA,NA,NA,NA,NA,NA,2010,North Dakota,Byron Dorgan,NA,NA,NA,NA,NA,NA,NA,NA,NA,NA,NA,NA,NA,NA,NA,NA,NA,NA,NA,NA,NA,NA,NA,NA,NA,NA,NA,NA,NA,NA,NA,NA,Tracy Potter,NA,John Hoeven,NA,NA,Keith Hanson,FALSE
4,Rob Portman,Lee Fisher,NA,NA,NA,NA,NA,NA,Eric Deaton,NA,NA,NA,2010,Ohio,George Voinovich,NA,NA,NA,NA,NA,NA,NA,NA,NA,NA,NA,NA,NA,NA,NA,NA,NA,NA,NA,NA,NA,NA,NA,NA,NA,NA,NA,NA,NA,NA,NA,NA,Lee Fisher,NA,Rob Portman,NA,Eric Deaton,NA,FALSE
4,Tom Coburn,Jim Rogers,NA,NA,NA,NA,NA,Stephen Wallace,NA,NA,NA,NA,2010,Oklahoma,Tom Coburn,NA,NA,NA,NA,NA,NA,NA,NA,NA,NA,NA,NA,NA,NA,NA,NA,NA,NA,NA,NA,NA,NA,NA,NA,NA,NA,NA,NA,NA,NA,NA,NA,Jim Rogers,Stephen Wallace,Tom Coburn,NA,NA,NA,TRUE
5,Jim Huffman,Ron Wyden,NA,NA,NA,NA,NA,NA,NA,NA,NA,NA,2010,Oregon,Ron Wyden,NA,NA,NA,NA,NA,NA,NA,NA,NA,NA,NA,NA,NA,NA,NA,NA,NA,NA,NA,NA,Bruce Cronk,NA,NA,NA,NA,NA,NA,NA,NA,NA,NA,NA,Ron Wyden,NA,Jim Huffman,NA,Bruce Cronk,NA,TRUE
2,Pat Toomey,Joe Sestak,NA,NA,NA,NA,NA,NA,NA,NA,NA,NA,2010,Pennsylvania,Arlen Specter,NA,NA,NA,NA,NA,NA,NA,NA,NA,NA,NA,NA,NA,NA,NA,NA,NA,NA,NA,NA,NA,NA,NA,NA,NA,NA,NA,NA,NA,NA,NA,NA,Joe Sestak,NA,Pat Toomey,NA,NA,NA,FALSE
3,Jim DeMint,Alvin Greene,NA,NA,NA,Tom Clements,NA,NA,NA,NA,NA,NA,2010,South Carolina,Jim DeMint,NA,NA,NA,NA,NA,NA,NA,NA,NA,NA,NA,NA,NA,NA,NA,NA,NA,NA,NA,NA,NA,NA,NA,NA,NA,NA,NA,NA,NA,NA,NA,NA,Alvin Greene,NA,Jim DeMint,Tom Clements,NA,NA,TRUE
1,John Thune,NA,NA,NA,NA,NA,NA,NA,NA,NA,NA,NA,2010,South Dakota,John Thune,NA,NA,NA,NA,NA,NA,NA,NA,NA,NA,NA,NA,NA,NA,NA,NA,NA,NA,NA,NA,NA,NA,NA,NA,NA,NA,NA,NA,NA,NA,NA,NA,NA,NA,John Thune,NA,NA,NA,TRUE
3,Mike Lee,Sam Granato,NA,NA,NA,NA,NA,NA,Scott Bradley,NA,NA,NA,2010,Utah,Bob Bennett,NA,NA,NA,NA,NA,NA,NA,NA,NA,NA,NA,NA,NA,NA,NA,NA,NA,NA,NA,NA,NA,NA,NA,NA,NA,NA,NA,NA,NA,NA,NA,NA,Sam Granato,NA,Mike Lee,NA,Scott Bradley,NA,FALSE
5,Len Britton,Patrick Leahy,NA,NA,NA,NA,NA,Daniel Freilich,NA,NA,NA,NA,2010,Vermont,Patrick Leahy,NA,NA,NA,NA,NA,NA,NA,NA,NA,NA,NA,NA,NA,NA,NA,NA,NA,NA,NA,NA,NA,NA,NA,NA,NA,NA,NA,NA,NA,NA,NA,NA,Patrick Leahy,Daniel Freilich,Len Britton,NA,NA,NA,TRUE
2,Dino Rossi,Patty Murray,NA,NA,NA,NA,NA,NA,NA,NA,NA,NA,2010,Washington,Patty Murray,NA,NA,NA,NA,NA,NA,NA,NA,NA,NA,NA,NA,NA,NA,NA,NA,NA,NA,NA,NA,NA,NA,NA,NA,NA,NA,NA,NA,NA,NA,NA,NA,Patty Murray,NA,Dino Rossi,NA,NA,NA,TRUE
3,Ron Johnson,Russ Feingold,NA,NA,NA,NA,NA,NA,Rob Taylor,NA,NA,NA,2010,Wisconsin,Russ Feingold,NA,NA,NA,NA,NA,NA,NA,NA,NA,NA,NA,NA,NA,NA,NA,NA,NA,NA,NA,NA,NA,NA,NA,NA,NA,NA,NA,NA,NA,NA,NA,NA,Russ Feingold,NA,Ron Johnson,NA,Rob Taylor,NA,TRUE
3,Jeff Flake,Richard Carmona,Marc Victor,NA,NA,NA,NA,NA,NA,NA,NA,NA,2012,Arizona,Jon Kyl,NA,NA,NA,NA,NA,NA,NA,NA,NA,NA,NA,NA,NA,NA,NA,NA,NA,NA,NA,NA,NA,NA,NA,NA,NA,NA,NA,NA,NA,NA,NA,NA,Richard Carmona,NA,Jeff Flake,NA,NA,Marc Victor,FALSE
2,Elizabeth Emken,Dianne Feinstein,NA,NA,NA,NA,NA,NA,NA,NA,NA,NA,2012,California,Dianne Feinstein,NA,NA,NA,NA,NA,NA,NA,NA,NA,NA,NA,NA,NA,NA,NA,NA,NA,NA,NA,NA,NA,NA,NA,NA,NA,NA,NA,NA,NA,NA,NA,NA,Dianne Feinstein,NA,Elizabeth Emken,NA,NA,NA,TRUE
3,Linda McMahon,Chris Murphy,Paul Passarelli,NA,NA,NA,NA,NA,NA,NA,NA,NA,2012,Connecticut,Joe Lieberman,NA,NA,NA,NA,NA,NA,NA,NA,NA,NA,NA,NA,NA,NA,NA,NA,NA,NA,NA,NA,NA,NA,NA,NA,NA,NA,NA,NA,NA,NA,NA,NA,Chris Murphy,NA,Linda McMahon,NA,NA,Paul Passarelli,FALSE
4,Kevin Wade,Tom Carper,NA,NA,NA,NA,NA,Alex Pires,NA,NA,NA,NA,2012,Delaware,Tom Carper,NA,NA,NA,NA,NA,NA,NA,NA,NA,NA,NA,NA,NA,NA,NA,NA,NA,NA,NA,NA,NA,NA,NA,NA,NA,NA,NA,NA,NA,NA,NA,NA,Tom Carper,Alex Pires,Kevin Wade,NA,NA,NA,TRUE
4,Connie Mack IV,Bill Nelson,NA,NA,NA,NA,NA,Chris Borgia,NA,NA,NA,NA,2012,Florida,Bill Nelson,NA,NA,NA,NA,NA,NA,NA,NA,NA,NA,NA,NA,NA,NA,NA,NA,NA,NA,NA,NA,NA,NA,NA,NA,NA,NA,NA,NA,NA,NA,NA,NA,Bill Nelson,Chris Borgia,Connie Mack IV,NA,NA,NA,TRUE
2,Linda Lingle,Mazie Hirono,NA,NA,NA,NA,NA,NA,NA,NA,NA,NA,2012,Hawaii,Daniel Akaka,NA,NA,NA,NA,NA,NA,NA,NA,NA,NA,NA,NA,NA,NA,NA,NA,NA,NA,NA,NA,NA,NA,NA,NA,NA,NA,NA,NA,NA,NA,NA,NA,Mazie Hirono,NA,Linda Lingle,NA,NA,NA,FALSE
3,Richard Mourdock,Joe Donnelly,Andrew Horning,NA,NA,NA,NA,NA,NA,NA,NA,NA,2012,Indiana,Richard Lugar,NA,NA,NA,NA,NA,NA,NA,NA,NA,NA,NA,NA,NA,NA,NA,NA,NA,NA,NA,NA,NA,NA,NA,NA,NA,NA,NA,NA,NA,NA,NA,NA,Joe Donnelly,NA,Richard Mourdock,NA,NA,Andrew Horning,FALSE
5,"Charles E. Summers, Jr.",Cynthia Dill,NA,NA,NA,NA,NA,Angus King,NA,NA,NA,NA,2012,Maine,Olympia Snowe,NA,NA,NA,NA,NA,NA,NA,NA,NA,NA,NA,NA,NA,NA,NA,NA,NA,NA,NA,NA,NA,NA,NA,NA,NA,NA,NA,NA,NA,NA,NA,NA,Cynthia Dill,Angus King,"Charles E. Summers, Jr.",NA,NA,NA,FALSE
4,Dan Bongino,Ben Cardin,NA,NA,NA,NA,NA,Rob Sobhani,NA,NA,NA,NA,2012,Maryland,Ben Cardin,NA,NA,NA,NA,NA,NA,NA,NA,NA,NA,NA,NA,NA,NA,NA,NA,NA,NA,NA,NA,NA,NA,NA,NA,NA,NA,NA,NA,NA,NA,NA,NA,Ben Cardin,Rob Sobhani,Dan Bongino,NA,NA,NA,TRUE
2,Scott Brown,Elizabeth Warren,NA,NA,NA,NA,NA,NA,NA,NA,NA,NA,2012,Massachusetts,Scott Brown,NA,NA,NA,NA,NA,NA,NA,NA,NA,NA,NA,NA,NA,NA,NA,NA,NA,NA,NA,NA,NA,NA,NA,NA,NA,NA,NA,NA,NA,NA,NA,NA,Elizabeth Warren,NA,Scott Brown,NA,NA,NA,TRUE
6,Pete Hoekstra,Debbie Stabenow,Scotty Boman,NA,NA,NA,NA,NA,NA,NA,NA,NA,2012,Michigan,Debbie Stabenow,NA,NA,NA,NA,NA,NA,NA,NA,NA,NA,NA,NA,NA,NA,NA,NA,NA,NA,NA,NA,NA,NA,NA,NA,NA,NA,NA,NA,NA,NA,NA,NA,Debbie Stabenow,NA,Pete Hoekstra,NA,NA,Scotty Boman,TRUE
5,Kurt Bills,Amy Klobuchar,NA,NA,NA,NA,NA,NA,NA,NA,NA,NA,2012,Minnesota,Amy Klobuchar,Stephen Williams,NA,NA,NA,NA,NA,NA,NA,NA,NA,NA,NA,NA,NA,NA,NA,NA,NA,NA,NA,NA,NA,NA,NA,NA,NA,NA,NA,NA,NA,NA,NA,Amy Klobuchar,Stephen Williams,Kurt Bills,NA,NA,NA,TRUE
4,Roger Wicker,"Albert N. Gore, Jr.",NA,NA,NA,NA,NA,NA,NA,NA,NA,NA,2012,Mississippi,Roger Wicker,NA,NA,NA,NA,NA,NA,NA,NA,NA,NA,NA,NA,NA,NA,NA,NA,NA,NA,NA,NA,NA,Thomas Cramer,NA,NA,NA,NA,NA,NA,NA,NA,NA,NA,"Albert N. Gore, Jr.",NA,Roger Wicker,NA,Thomas Cramer,NA,TRUE
3,Todd Akin,Claire McCaskill,Jonathan Dine,NA,NA,NA,NA,NA,NA,NA,NA,NA,2012,Missouri,Claire McCaskill,NA,NA,NA,NA,NA,NA,NA,NA,NA,NA,NA,NA,NA,NA,NA,NA,NA,NA,NA,NA,NA,NA,NA,NA,NA,NA,NA,NA,NA,NA,NA,NA,Claire McCaskill,NA,Todd Akin,NA,NA,Jonathan Dine,TRUE
3,Denny Rehberg,Jon Tester,Dan Cox,NA,NA,NA,NA,NA,NA,NA,NA,NA,2012,Montana,Jon Tester,NA,NA,NA,NA,NA,NA,NA,NA,NA,NA,NA,NA,NA,NA,NA,NA,NA,NA,NA,NA,NA,NA,NA,NA,NA,NA,NA,NA,NA,NA,NA,NA,Jon Tester,NA,Denny Rehberg,NA,NA,Dan Cox,TRUE
2,Deb Fischer,Bob Kerrey,NA,NA,NA,NA,NA,NA,NA,NA,NA,NA,2012,Nebraska,Ben Nelson,NA,NA,NA,NA,NA,NA,NA,NA,NA,NA,NA,NA,NA,NA,NA,NA,NA,NA,NA,NA,NA,NA,NA,NA,NA,NA,NA,NA,NA,NA,NA,NA,Bob Kerrey,NA,Deb Fischer,NA,NA,NA,FALSE
3,Dean Heller,Shelley Berkley,NA,NA,NA,NA,NA,NA,NA,David VanderBeek,NA,NA,2012,Nevada,Dean Heller,NA,NA,NA,NA,NA,NA,NA,NA,NA,NA,NA,NA,NA,NA,NA,NA,NA,NA,NA,NA,NA,NA,NA,NA,NA,NA,NA,NA,NA,NA,NA,NA,Shelley Berkley,David VanderBeek,Dean Heller,NA,NA,NA,TRUE
4,Joe Kyrillos,Bob Menendez,Ken Kaplan,NA,NA,NA,NA,NA,NA,NA,NA,NA,2012,New Jersey,Bob Menendez,NA,NA,NA,NA,NA,NA,NA,NA,NA,NA,NA,NA,NA,NA,NA,NA,NA,NA,NA,NA,NA,NA,NA,NA,NA,NA,NA,NA,NA,NA,NA,NA,Bob Menendez,NA,Joe Kyrillos,NA,NA,Ken Kaplan,TRUE
4,Heather Wilson,Martin Heinrich,NA,NA,NA,NA,NA,NA,NA,NA,NA,NA,2012,New Mexico,Jeff Bingaman,NA,NA,NA,NA,NA,NA,NA,NA,NA,NA,NA,NA,NA,NA,NA,NA,NA,NA,NA,NA,NA,NA,Jon Barrie,NA,NA,NA,NA,NA,NA,NA,NA,NA,Martin Heinrich,Jon Barrie,Heather Wilson,NA,NA,NA,FALSE
5,Wendy E. Long,Kirsten Gillibrand,NA,NA,NA,Colia Clark,NA,NA,NA,NA,NA,NA,2012,New York,Kirsten Gillibrand,NA,NA,NA,NA,NA,NA,NA,NA,NA,NA,NA,NA,NA,NA,NA,NA,NA,NA,NA,NA,NA,NA,NA,NA,NA,NA,NA,NA,NA,NA,NA,NA,Kirsten Gillibrand,NA,Wendy E. Long,Colia Clark,NA,NA,TRUE
2,Rick Berg,Heidi Heitkamp,NA,NA,NA,NA,NA,NA,NA,NA,NA,NA,2012,North Dakota,Kent Conrad,NA,NA,NA,NA,NA,NA,NA,NA,NA,NA,NA,NA,NA,NA,NA,NA,NA,NA,NA,NA,NA,NA,NA,NA,NA,NA,NA,NA,NA,NA,NA,NA,Heidi Heitkamp,NA,Rick Berg,NA,NA,NA,FALSE
3,Josh Mandel,Sherrod Brown,NA,NA,NA,NA,NA,Scott A. Rupert,NA,NA,NA,NA,2012,Ohio,Sherrod Brown,NA,NA,NA,NA,NA,NA,NA,NA,NA,NA,NA,NA,NA,NA,NA,NA,NA,NA,NA,NA,NA,NA,NA,NA,NA,NA,NA,NA,NA,NA,NA,NA,Sherrod Brown,Scott A. Rupert,Josh Mandel,NA,NA,NA,TRUE
3,Tom Smith,"Bob Casey, Jr.",Rayburn Douglas Smith,NA,NA,NA,NA,NA,NA,NA,NA,NA,2012,Pennsylvania,Bob Casey Jr.,NA,NA,NA,NA,NA,NA,NA,NA,NA,NA,NA,NA,NA,NA,NA,NA,NA,NA,NA,NA,NA,NA,NA,NA,NA,NA,NA,NA,NA,NA,NA,NA,"Bob Casey, Jr.",NA,Tom Smith,NA,NA,Rayburn Douglas Smith,FALSE
2,Barry Hinckley,Sheldon Whitehouse,NA,NA,NA,NA,NA,NA,NA,NA,NA,NA,2012,Rhode Island,Sheldon Whitehouse,NA,NA,NA,NA,NA,NA,NA,NA,NA,NA,NA,NA,NA,NA,NA,NA,NA,NA,NA,NA,NA,NA,NA,NA,NA,NA,NA,NA,NA,NA,NA,NA,Sheldon Whitehouse,NA,Barry Hinckley,NA,NA,NA,TRUE
5,Bob Corker,Mark Clayton,NA,NA,NA,Martin Pleasant,NA,NA,NA,NA,NA,NA,2012,Tennessee,Bob Corker,NA,NA,NA,NA,NA,NA,NA,NA,NA,NA,NA,NA,NA,NA,NA,NA,NA,NA,NA,NA,NA,NA,NA,NA,NA,NA,NA,NA,NA,NA,NA,NA,Mark Clayton,NA,Bob Corker,Martin Pleasant,NA,NA,TRUE
4,Ted Cruz,Paul Sadler,John Jay Myers,NA,NA,NA,NA,NA,NA,NA,NA,NA,2012,Texas,Kay Bailey Hutchison,NA,NA,NA,NA,NA,NA,NA,NA,NA,NA,NA,NA,NA,NA,NA,NA,NA,NA,NA,NA,NA,NA,NA,NA,NA,NA,NA,NA,NA,NA,NA,NA,Paul Sadler,NA,Ted Cruz,NA,NA,John Jay Myers,FALSE
3,Orrin Hatch,Scott Howell,NA,NA,NA,NA,NA,NA,NA,NA,NA,NA,2012,Utah,Orrin Hatch,NA,NA,NA,NA,NA,NA,NA,NA,NA,NA,NA,NA,NA,NA,NA,NA,NA,NA,NA,NA,NA,NA,NA,Daniel Geery,NA,NA,NA,NA,NA,NA,NA,NA,Scott Howell,NA,Orrin Hatch,NA,Daniel Geery,NA,TRUE
6,John MacGovern,NA,NA,NA,NA,NA,NA,Bernie Sanders,NA,NA,NA,NA,2012,Vermont,Bernie Sanders,NA,NA,NA,NA,NA,NA,NA,NA,NA,NA,NA,NA,NA,NA,NA,NA,NA,NA,NA,NA,NA,NA,NA,NA,Cris Ericson,NA,NA,NA,NA,NA,NA,NA,NA,Bernie Sanders,John MacGovern,NA,Cris Ericson,NA,TRUE
2,George Allen,Tim Kaine,NA,NA,NA,NA,NA,NA,NA,NA,NA,NA,2012,Virginia,Jim Webb,NA,NA,NA,NA,NA,NA,NA,NA,NA,NA,NA,NA,NA,NA,NA,NA,NA,NA,NA,NA,NA,NA,NA,NA,NA,NA,NA,NA,NA,NA,NA,NA,Tim Kaine,NA,George Allen,NA,NA,NA,FALSE
2,Michael Baumgartner,Maria Cantwell,NA,NA,NA,NA,NA,NA,NA,NA,NA,NA,2012,Washington,Maria Cantwell,NA,NA,NA,NA,NA,NA,NA,NA,NA,NA,NA,NA,NA,NA,NA,NA,NA,NA,NA,NA,NA,NA,NA,NA,NA,NA,NA,NA,NA,NA,NA,NA,Maria Cantwell,NA,Michael Baumgartner,NA,NA,NA,TRUE
3,John Raese,Joe Manchin,NA,NA,NA,NA,NA,NA,NA,NA,NA,NA,2012,West Virginia,Joe Manchin,NA,NA,NA,NA,NA,NA,NA,NA,NA,NA,NA,NA,NA,NA,Bob Henry Baber,NA,NA,NA,NA,NA,NA,NA,NA,NA,NA,NA,NA,NA,NA,NA,NA,NA,Joe Manchin,NA,John Raese,NA,Bob Henry Baber,NA,TRUE
4,Tommy Thompson,Tammy Baldwin,Joseph Kexel,NA,NA,NA,NA,NA,NA,NA,NA,NA,2012,Wisconsin,Herb Kohl,NA,NA,NA,NA,NA,NA,NA,NA,NA,NA,NA,NA,NA,NA,NA,NA,NA,NA,NA,NA,NA,NA,NA,NA,NA,NA,NA,NA,NA,NA,NA,NA,Tammy Baldwin,NA,Tommy Thompson,NA,NA,Joseph Kexel,FALSE
3,John Barrasso,Tim Chesnut,NA,NA,NA,NA,NA,NA,NA,NA,NA,NA,2012,Wyoming,John Barrasso,NA,NA,NA,NA,NA,NA,NA,NA,NA,NA,NA,NA,NA,NA,NA,NA,NA,NA,NA,NA,NA,NA,NA,NA,NA,Joel Otto,NA,NA,NA,NA,NA,NA,Tim Chesnut,NA,John Barrasso,NA,Joel Otto,NA,TRUE
1,Jeff Sessions,NA,NA,NA,NA,NA,NA,NA,NA,NA,NA,NA,2014,Alabama,Jeff Sessions,NA,NA,NA,NA,NA,NA,NA,NA,NA,NA,NA,NA,NA,NA,NA,NA,NA,NA,NA,NA,NA,NA,NA,NA,NA,NA,NA,NA,NA,NA,NA,NA,NA,NA,Jeff Sessions,NA,NA,NA,TRUE
4,Dan Sullivan,Mark Begich,Mark Fish,NA,NA,NA,NA,NA,NA,NA,NA,NA,2014,Alaska,Mark Begich,NA,NA,NA,NA,NA,NA,NA,NA,NA,NA,NA,NA,NA,NA,NA,NA,NA,NA,NA,NA,NA,NA,NA,NA,NA,NA,NA,NA,NA,NA,NA,NA,Mark Begich,NA,Dan Sullivan,NA,NA,Mark Fish,FALSE
4,Tom Cotton,Mark Pryor,Nathan LaFrance,NA,NA,NA,NA,NA,NA,NA,NA,NA,2014,Arkansas,Mark Pryor,NA,NA,NA,NA,NA,NA,NA,NA,NA,NA,NA,NA,NA,NA,NA,NA,NA,NA,NA,NA,NA,NA,NA,NA,NA,NA,NA,NA,NA,NA,NA,NA,Mark Pryor,NA,Tom Cotton,NA,NA,Nathan LaFrance,FALSE
6,Cory Gardner,Mark Udall,Gaylon Kent,NA,NA,NA,NA,NA,NA,NA,NA,NA,2014,Colorado,Mark Udall,NA,NA,NA,NA,NA,NA,NA,NA,NA,NA,NA,NA,NA,NA,NA,NA,NA,NA,NA,NA,NA,NA,NA,NA,NA,NA,NA,NA,NA,NA,NA,NA,Mark Udall,NA,Cory Gardner,NA,NA,Gaylon Kent,FALSE
3,Kevin Wade,Chris Coons,NA,NA,NA,Andrew Groff,NA,NA,NA,NA,NA,NA,2014,Delaware,Chris Coons,NA,NA,NA,NA,NA,NA,NA,NA,NA,NA,NA,NA,NA,NA,NA,NA,NA,NA,NA,NA,NA,NA,NA,NA,NA,NA,NA,NA,NA,NA,NA,NA,Chris Coons,NA,Kevin Wade,Andrew Groff,NA,NA,TRUE
3,David Perdue,Michelle Nunn,Amanda Swafford,NA,NA,NA,NA,NA,NA,NA,NA,NA,2014,Georgia,Saxby Chambliss,NA,NA,NA,NA,NA,NA,NA,NA,NA,NA,NA,NA,NA,NA,NA,NA,NA,NA,NA,NA,NA,NA,NA,NA,NA,NA,NA,NA,NA,NA,NA,NA,Michelle Nunn,NA,David Perdue,NA,NA,Amanda Swafford,FALSE
2,Jim Risch,Nels Mitchell,NA,NA,NA,NA,NA,NA,NA,NA,NA,NA,2014,Idaho,Jim Risch,NA,NA,NA,NA,NA,NA,NA,NA,NA,NA,NA,NA,NA,NA,NA,NA,NA,NA,NA,NA,NA,NA,NA,NA,NA,NA,NA,NA,NA,NA,NA,NA,Nels Mitchell,NA,Jim Risch,NA,NA,NA,TRUE
3,Jim Oberweis,Dick Durbin,Sharon Hansen,NA,NA,NA,NA,NA,NA,NA,NA,NA,2014,Illinois,Dick Durbin,NA,NA,NA,NA,NA,NA,NA,NA,NA,NA,NA,NA,NA,NA,NA,NA,NA,NA,NA,NA,NA,NA,NA,NA,NA,NA,NA,NA,NA,NA,NA,NA,Dick Durbin,NA,Jim Oberweis,NA,NA,Sharon Hansen,TRUE
6,Joni Ernst,Bruce Braley,NA,NA,NA,NA,NA,Rick Stewart,NA,NA,NA,NA,2014,Iowa,Tom Harkin,NA,NA,NA,NA,NA,NA,NA,NA,NA,NA,NA,NA,NA,NA,NA,NA,NA,NA,NA,NA,NA,NA,NA,NA,NA,NA,NA,NA,NA,NA,NA,NA,Bruce Braley,Rick Stewart,Joni Ernst,NA,NA,NA,FALSE
3,Pat Roberts,NA,Randall Batson,NA,NA,NA,NA,Greg Orman,NA,NA,NA,NA,2014,Kansas,Pat Roberts,NA,NA,NA,NA,NA,NA,NA,NA,NA,NA,NA,NA,NA,NA,NA,NA,NA,NA,NA,NA,NA,NA,NA,NA,NA,NA,NA,NA,NA,NA,NA,NA,NA,Greg Orman,Pat Roberts,NA,NA,Randall Batson,TRUE
3,Mitch McConnell,Alison Lundergan Grimes,David Patterson,NA,NA,NA,NA,NA,NA,NA,NA,NA,2014,Kentucky,Mitch McConnell,NA,NA,NA,NA,NA,NA,NA,NA,NA,NA,NA,NA,NA,NA,NA,NA,NA,NA,NA,NA,NA,NA,NA,NA,NA,NA,NA,NA,NA,NA,NA,NA,Alison Lundergan Grimes,NA,Mitch McConnell,NA,NA,David Patterson,TRUE
2,Bill Cassidy,Mary Landrieu,NA,NA,NA,NA,NA,NA,NA,NA,NA,NA,2014,Louisiana,Mary Landrieu,NA,NA,NA,NA,NA,NA,NA,NA,NA,NA,NA,NA,NA,NA,NA,NA,NA,NA,NA,NA,NA,NA,NA,NA,NA,NA,NA,NA,NA,NA,NA,NA,Mary Landrieu,NA,Bill Cassidy,NA,NA,NA,FALSE
2,Susan Collins,Shenna Bellows,NA,NA,NA,NA,NA,NA,NA,NA,NA,NA,2014,Maine,Susan Collins,NA,NA,NA,NA,NA,NA,NA,NA,NA,NA,NA,NA,NA,NA,NA,NA,NA,NA,NA,NA,NA,NA,NA,NA,NA,NA,NA,NA,NA,NA,NA,NA,Shenna Bellows,NA,Susan Collins,NA,NA,NA,TRUE
2,Brian Herr,Ed Markey,NA,NA,NA,NA,NA,NA,NA,NA,NA,NA,2014,Massachusetts,Ed Markey,NA,NA,NA,NA,NA,NA,NA,NA,NA,NA,NA,NA,NA,NA,NA,NA,NA,NA,NA,NA,NA,NA,NA,NA,NA,NA,NA,NA,NA,NA,NA,NA,Ed Markey,NA,Brian Herr,NA,NA,NA,TRUE
5,Terri Lynn Land,Gary Peters,Jim Fulner,NA,NA,NA,NA,NA,NA,NA,NA,NA,2014,Michigan,Carl Levin,NA,NA,NA,NA,NA,NA,NA,NA,NA,NA,NA,NA,NA,NA,NA,NA,NA,NA,NA,NA,NA,NA,NA,NA,NA,NA,NA,NA,NA,NA,NA,NA,Gary Peters,NA,Terri Lynn Land,NA,NA,Jim Fulner,FALSE
4,Mike McFadden,NA,NA,NA,NA,NA,NA,NA,NA,NA,NA,NA,2014,Minnesota,Al Franken,Steve Carlson,NA,NA,NA,NA,NA,NA,NA,NA,NA,NA,NA,NA,NA,NA,NA,NA,NA,NA,NA,NA,NA,NA,NA,NA,NA,Al Franken,NA,NA,NA,NA,NA,Al Franken,Steve Carlson,Mike McFadden,NA,NA,NA,TRUE
3,Thad Cochran,Travis Childers,NA,NA,Shawn O'Hara,NA,NA,NA,NA,NA,NA,NA,2014,Mississippi,Thad Cochran,NA,NA,NA,NA,NA,NA,NA,NA,NA,NA,NA,NA,NA,NA,NA,NA,NA,NA,NA,NA,NA,NA,NA,NA,NA,NA,NA,NA,NA,NA,NA,NA,Travis Childers,NA,Thad Cochran,NA,Shawn O'Hara,NA,TRUE
3,Steve Daines,Amanda Curtis,Roger Roots,NA,NA,NA,NA,NA,NA,NA,NA,NA,2014,Montana,John Walsh,NA,NA,NA,NA,NA,NA,NA,NA,NA,NA,NA,NA,NA,NA,NA,NA,NA,NA,NA,NA,NA,NA,NA,NA,NA,NA,NA,NA,NA,NA,NA,NA,Amanda Curtis,NA,Steve Daines,NA,NA,Roger Roots,FALSE
4,Ben Sasse,David Domina,NA,NA,NA,NA,NA,Jim Jenkins,NA,NA,NA,NA,2014,Nebraska,Mike Johanns,NA,NA,NA,NA,NA,NA,NA,NA,NA,NA,NA,NA,NA,NA,NA,NA,NA,NA,NA,NA,NA,NA,NA,NA,NA,NA,NA,NA,NA,NA,NA,NA,David Domina,Jim Jenkins,Ben Sasse,NA,NA,NA,FALSE
2,Scott Brown,Jeanne Shaheen,NA,NA,NA,NA,NA,NA,NA,NA,NA,NA,2014,New Hampshire,Jeanne Shaheen,NA,NA,NA,NA,NA,NA,NA,NA,NA,NA,NA,NA,NA,NA,NA,NA,NA,NA,NA,NA,NA,NA,NA,NA,NA,NA,NA,NA,NA,NA,NA,NA,Jeanne Shaheen,NA,Scott Brown,NA,NA,NA,TRUE
7,Jeff Bell,Cory Booker,Joe Baratelli,NA,NA,NA,NA,NA,NA,NA,NA,NA,2014,New Jersey,Cory Booker,NA,NA,NA,NA,NA,NA,NA,NA,NA,NA,NA,NA,NA,NA,NA,NA,NA,NA,NA,NA,NA,NA,NA,NA,NA,NA,NA,NA,NA,NA,NA,NA,Cory Booker,NA,Jeff Bell,NA,NA,Joe Baratelli,TRUE
2,Allen Weh,Tom Udall,NA,NA,NA,NA,NA,NA,NA,NA,NA,NA,2014,New Mexico,Tom Udall,NA,NA,NA,NA,NA,NA,NA,NA,NA,NA,NA,NA,NA,NA,NA,NA,NA,NA,NA,NA,NA,NA,NA,NA,NA,NA,NA,NA,NA,NA,NA,NA,Tom Udall,NA,Allen Weh,NA,NA,NA,TRUE
3,Thom Tillis,Kay Hagan,Sean Haugh,NA,NA,NA,NA,NA,NA,NA,NA,NA,2014,North Carolina,Kay Hagan,NA,NA,NA,NA,NA,NA,NA,NA,NA,NA,NA,NA,NA,NA,NA,NA,NA,NA,NA,NA,NA,NA,NA,NA,NA,NA,NA,NA,NA,NA,NA,NA,Kay Hagan,NA,Thom Tillis,NA,NA,Sean Haugh,FALSE
5,Jim Inhofe,Matt Silverstein,NA,NA,NA,NA,NA,Joan Farr,NA,NA,NA,NA,2014,Oklahoma,Jim Inhofe,NA,NA,NA,NA,NA,NA,NA,NA,NA,NA,NA,NA,NA,NA,NA,NA,NA,NA,NA,NA,NA,NA,NA,NA,NA,NA,NA,NA,NA,NA,NA,NA,Matt Silverstein,Joan Farr,Jim Inhofe,NA,NA,NA,TRUE
5,Monica Wehby,Jeff Merkley,Mike Montchalin,NA,NA,NA,NA,NA,NA,NA,NA,NA,2014,Oregon,Jeff Merkley,NA,NA,NA,NA,NA,NA,NA,NA,NA,NA,NA,NA,NA,NA,NA,NA,NA,NA,NA,NA,NA,NA,NA,NA,NA,NA,NA,NA,NA,NA,NA,NA,Jeff Merkley,NA,Monica Wehby,NA,NA,Mike Montchalin,TRUE
2,Mark Zaccaria,Jack Reed,NA,NA,NA,NA,NA,NA,NA,NA,NA,NA,2014,Rhode Island,Jack Reed,NA,NA,NA,NA,NA,NA,NA,NA,NA,NA,NA,NA,NA,NA,NA,NA,NA,NA,NA,NA,NA,NA,NA,NA,NA,NA,NA,NA,NA,NA,NA,NA,Jack Reed,NA,Mark Zaccaria,NA,NA,NA,TRUE
4,Lindsey Graham,Brad Hutto,NA,NA,NA,NA,NA,Thomas Ravenel,NA,NA,NA,NA,2014,South Carolina,Lindsey Graham,NA,NA,NA,NA,NA,NA,NA,NA,NA,NA,NA,NA,NA,NA,NA,NA,NA,NA,NA,NA,NA,NA,NA,NA,NA,NA,NA,NA,NA,NA,NA,NA,Brad Hutto,Thomas Ravenel,Lindsey Graham,NA,NA,NA,TRUE
4,Mike Rounds,Rick Weiland,NA,NA,NA,NA,NA,Larry Pressler,NA,NA,NA,NA,2014,South Dakota,Tim Johnson,NA,NA,NA,NA,NA,NA,NA,NA,NA,NA,NA,NA,NA,NA,NA,NA,NA,NA,NA,NA,NA,NA,NA,NA,NA,NA,NA,NA,NA,NA,NA,NA,Rick Weiland,Larry Pressler,Mike Rounds,NA,NA,NA,FALSE
12,Lamar Alexander,Gordon Ball,NA,NA,NA,NA,NA,NA,Joe B. Wilmoth,NA,NA,NA,2014,Tennessee,Lamar Alexander,NA,NA,NA,NA,NA,NA,NA,NA,NA,NA,NA,NA,NA,NA,NA,NA,NA,NA,NA,NA,NA,NA,NA,NA,NA,NA,NA,NA,NA,NA,NA,NA,Gordon Ball,NA,Lamar Alexander,NA,Joe B. Wilmoth,NA,TRUE
4,John Cornyn,David Alameel,Rebecca Paddock,NA,NA,NA,NA,NA,NA,NA,NA,NA,2014,Texas,John Cornyn,NA,NA,NA,NA,NA,NA,NA,NA,NA,NA,NA,NA,NA,NA,NA,NA,NA,NA,NA,NA,NA,NA,NA,NA,NA,NA,NA,NA,NA,NA,NA,NA,David Alameel,NA,John Cornyn,NA,NA,Rebecca Paddock,TRUE
3,Ed Gillespie,Mark Warner,Robert Sarvis,NA,NA,NA,NA,NA,NA,NA,NA,NA,2014,Virginia,Mark Warner,NA,NA,NA,NA,NA,NA,NA,NA,NA,NA,NA,NA,NA,NA,NA,NA,NA,NA,NA,NA,NA,NA,NA,NA,NA,NA,NA,NA,NA,NA,NA,NA,Mark Warner,NA,Ed Gillespie,NA,NA,Robert Sarvis,TRUE
5,Shelley Moore Capito,Natalie Tennant,John S. Buckley,NA,NA,NA,NA,NA,NA,NA,NA,NA,2014,West Virginia,Jay Rockefeller,NA,NA,NA,NA,NA,NA,NA,NA,NA,NA,NA,NA,NA,NA,NA,NA,NA,NA,NA,NA,NA,NA,NA,NA,NA,NA,NA,NA,NA,NA,NA,NA,Natalie Tennant,NA,Shelley Moore Capito,NA,NA,John S. Buckley,FALSE
4,Mike Enzi,Charlie Hardy,NA,NA,NA,NA,NA,Curt Gottshall,NA,NA,NA,NA,2014,Wyoming,Mike Enzi,NA,NA,NA,NA,NA,NA,NA,NA,NA,NA,NA,NA,NA,NA,NA,NA,NA,NA,NA,NA,NA,NA,NA,NA,NA,NA,NA,NA,NA,NA,NA,NA,Charlie Hardy,Curt Gottshall,Mike Enzi,NA,NA,NA,TRUE
3,Richard Shelby,Ron Crumpton,NA,NA,NA,NA,NA,NA,NA,NA,NA,NA,2016,Alabama,Richard Shelby,NA,NA,NA,NA,NA,NA,NA,NA,NA,NA,NA,NA,NA,NA,NA,NA,NA,NA,NA,NA,NA,NA,NA,NA,NA,NA,NA,Others,NA,NA,NA,NA,Ron Crumpton,NA,Richard Shelby,NA,NA,NA,TRUE
4,Lisa Murkowski,NA,Joe Miller,NA,NA,NA,NA,Margaret Stock,NA,NA,NA,NA,2016,Alaska,Lisa Murkowski,NA,NA,NA,NA,NA,NA,NA,NA,NA,NA,NA,NA,NA,NA,NA,NA,NA,NA,NA,NA,NA,NA,NA,NA,NA,NA,NA,NA,NA,NA,NA,NA,NA,Margaret Stock,Lisa Murkowski,NA,NA,Joe Miller,TRUE
3,John McCain,Ann Kirkpatrick,NA,NA,NA,NA,NA,NA,NA,NA,NA,NA,2016,Arizona,John McCain,NA,NA,NA,NA,NA,NA,NA,NA,NA,NA,NA,NA,NA,NA,NA,NA,NA,NA,NA,NA,NA,NA,NA,NA,NA,NA,NA,NA,Pat Quinn,NA,NA,NA,Ann Kirkpatrick,Pat Quinn,John McCain,NA,NA,NA,TRUE
3,John Boozman,Conner Eldridge,Frank Gilbert,NA,NA,NA,NA,NA,NA,NA,NA,NA,2016,Arkansas,John Boozman,NA,NA,NA,NA,NA,NA,NA,NA,NA,NA,NA,NA,NA,NA,NA,NA,NA,NA,NA,NA,NA,NA,NA,NA,NA,NA,NA,NA,NA,NA,NA,NA,Conner Eldridge,NA,John Boozman,NA,NA,Frank Gilbert,TRUE
4,Darryl Glenn,Michael Bennet,Lily Tang Williams,NA,NA,NA,NA,NA,NA,NA,NA,NA,2016,Colorado,Michael Bennet,NA,NA,NA,NA,NA,NA,NA,NA,NA,NA,NA,NA,NA,NA,NA,NA,NA,NA,NA,NA,NA,NA,NA,NA,NA,NA,NA,NA,NA,NA,NA,NA,Michael Bennet,NA,Darryl Glenn,NA,NA,Lily Tang Williams,TRUE
4,Dan Carter,Richard Blumenthal,Richard Lion,NA,NA,NA,NA,NA,NA,NA,NA,NA,2016,Connecticut,Richard Blumenthal,NA,NA,NA,NA,NA,NA,NA,NA,NA,NA,NA,NA,NA,NA,NA,NA,NA,NA,NA,NA,NA,NA,NA,NA,NA,NA,NA,NA,NA,NA,NA,NA,Richard Blumenthal,NA,Dan Carter,NA,NA,Richard Lion,TRUE
3,Marco Rubio,Patrick Murphy,Paul Stanton,NA,NA,NA,NA,NA,NA,NA,NA,NA,2016,Florida,Marco Rubio,NA,NA,NA,NA,NA,NA,NA,NA,NA,NA,NA,NA,NA,NA,NA,NA,NA,NA,NA,NA,NA,NA,NA,NA,NA,NA,NA,NA,NA,NA,NA,NA,Patrick Murphy,NA,Marco Rubio,NA,NA,Paul Stanton,TRUE
3,Johnny Isakson,Jim Barksdale,Allen Buckley,NA,NA,NA,NA,NA,NA,NA,NA,NA,2016,Georgia,Johnny Isakson,NA,NA,NA,NA,NA,NA,NA,NA,NA,NA,NA,NA,NA,NA,NA,NA,NA,NA,NA,NA,NA,NA,NA,NA,NA,NA,NA,NA,NA,NA,NA,NA,Jim Barksdale,NA,Johnny Isakson,NA,NA,Allen Buckley,TRUE
2,John Carroll,Brian Schatz,NA,NA,NA,NA,NA,NA,NA,NA,NA,NA,2016,Hawaii,Brian Schatz,NA,NA,NA,NA,NA,NA,NA,NA,NA,NA,NA,NA,NA,NA,NA,NA,NA,NA,NA,NA,NA,NA,NA,NA,NA,NA,NA,NA,NA,NA,NA,NA,Brian Schatz,NA,John Carroll,NA,NA,NA,TRUE
3,Mike Crapo,Jerry Sturgill,NA,NA,NA,NA,NA,NA,Ray Writz,NA,NA,NA,2016,Idaho,Mike Crapo,NA,NA,NA,NA,NA,NA,NA,NA,NA,NA,NA,NA,NA,NA,NA,NA,NA,NA,NA,NA,NA,NA,NA,NA,NA,NA,NA,NA,NA,NA,NA,NA,Jerry Sturgill,NA,Mike Crapo,NA,Ray Writz,NA,TRUE
4,Mark Kirk,Tammy Duckworth,Kent McMillen,NA,NA,NA,NA,NA,NA,NA,NA,NA,2016,Illinois,Mark Kirk,NA,NA,NA,NA,NA,NA,NA,NA,NA,NA,NA,NA,NA,NA,NA,NA,NA,NA,NA,NA,NA,NA,NA,NA,NA,NA,NA,NA,NA,NA,NA,NA,Tammy Duckworth,NA,Mark Kirk,NA,NA,Kent McMillen,TRUE
3,Todd Young,Evan Bayh,Lucy Brenton,NA,NA,NA,NA,NA,NA,NA,NA,NA,2016,Indiana,Dan Coats,NA,NA,NA,NA,NA,NA,NA,NA,NA,NA,NA,NA,NA,NA,NA,NA,NA,NA,NA,NA,NA,NA,NA,NA,NA,NA,NA,NA,NA,NA,NA,NA,Evan Bayh,NA,Todd Young,NA,NA,Lucy Brenton,FALSE
3,Chuck Grassley,Patty Judge,John Heiderscheit,NA,NA,NA,NA,NA,NA,NA,NA,NA,2016,Iowa,Chuck Grassley,NA,NA,NA,NA,NA,NA,NA,NA,NA,NA,NA,NA,NA,NA,NA,NA,NA,NA,NA,NA,NA,NA,NA,NA,NA,NA,NA,NA,NA,NA,NA,NA,Patty Judge,NA,Chuck Grassley,NA,NA,John Heiderscheit,TRUE
3,Jerry Moran,Patrick Wiesner,Robert Garrard,NA,NA,NA,NA,NA,NA,NA,NA,NA,2016,Kansas,Jerry Moran,NA,NA,NA,NA,NA,NA,NA,NA,NA,NA,NA,NA,NA,NA,NA,NA,NA,NA,NA,NA,NA,NA,NA,NA,NA,NA,NA,NA,NA,NA,NA,NA,Patrick Wiesner,NA,Jerry Moran,NA,NA,Robert Garrard,TRUE
2,Rand Paul,Jim Gray,NA,NA,NA,NA,NA,NA,NA,NA,NA,NA,2016,Kentucky,Rand Paul,NA,NA,NA,NA,NA,NA,NA,NA,NA,NA,NA,NA,NA,NA,NA,NA,NA,NA,NA,NA,NA,NA,NA,NA,NA,NA,NA,NA,NA,NA,NA,NA,Jim Gray,NA,Rand Paul,NA,NA,NA,TRUE
2,John Kennedy,Foster Campbell,NA,NA,NA,NA,NA,NA,NA,NA,NA,NA,2016,Louisiana,David Vitter,NA,NA,NA,NA,NA,NA,NA,NA,NA,NA,NA,NA,NA,NA,NA,NA,NA,NA,NA,NA,NA,NA,NA,NA,NA,NA,NA,NA,NA,NA,NA,NA,Foster Campbell,NA,John Kennedy,NA,NA,NA,FALSE
3,Kathy Szeliga,Chris Van Hollen,NA,NA,NA,Margaret Flowers,NA,NA,NA,NA,NA,NA,2016,Maryland,Barbara Mikulski,NA,NA,NA,NA,NA,NA,NA,NA,NA,NA,NA,NA,NA,NA,NA,NA,NA,NA,NA,NA,NA,NA,NA,NA,NA,NA,NA,NA,NA,NA,NA,NA,Chris Van Hollen,NA,Kathy Szeliga,Margaret Flowers,NA,NA,FALSE
3,Roy Blunt,Jason Kander,Jonathan Dine,NA,NA,NA,NA,NA,NA,NA,NA,NA,2016,Missouri,Roy Blunt,NA,NA,NA,NA,NA,NA,NA,NA,NA,NA,NA,NA,NA,NA,NA,NA,NA,NA,NA,NA,NA,NA,NA,NA,NA,NA,NA,NA,NA,NA,NA,NA,Jason Kander,NA,Roy Blunt,NA,NA,Jonathan Dine,TRUE
5,Joe Heck,Catherine Cortez Masto,NA,NA,NA,NA,NA,NA,NA,Tom Jones,NA,NA,2016,Nevada,Harry Reid,NA,NA,NA,NA,NA,NA,NA,NA,NA,NA,NA,NA,NA,NA,NA,NA,NA,NA,NA,NA,NA,NA,NA,NA,NA,NA,NA,NA,NA,NA,NA,NA,Catherine Cortez Masto,Tom Jones,Joe Heck,NA,NA,NA,FALSE
3,Kelly Ayotte,Maggie Hassan,Brian Chabot,NA,NA,NA,NA,NA,NA,NA,NA,NA,2016,New Hampshire,Kelly Ayotte,NA,NA,NA,NA,NA,NA,NA,NA,NA,NA,NA,NA,NA,NA,NA,NA,NA,NA,NA,NA,NA,NA,NA,NA,NA,NA,NA,NA,NA,NA,NA,NA,Maggie Hassan,NA,Kelly Ayotte,NA,NA,Brian Chabot,FALSE
4,Wendy Long,Chuck Schumer,NA,NA,NA,Robin Wilson,NA,NA,NA,NA,NA,NA,2016,New York,Chuck Schumer,NA,NA,NA,NA,NA,NA,NA,NA,NA,NA,NA,NA,NA,NA,NA,NA,NA,NA,NA,NA,NA,NA,NA,NA,NA,NA,NA,NA,NA,NA,NA,NA,Chuck Schumer,NA,Wendy Long,Robin Wilson,NA,NA,TRUE
3,Richard Burr,Deborah Ross,Sean Haugh,NA,NA,NA,NA,NA,NA,NA,NA,NA,2016,North Carolina,Richard Burr,NA,NA,NA,NA,NA,NA,NA,NA,NA,NA,NA,NA,NA,NA,NA,NA,NA,NA,NA,NA,NA,NA,NA,NA,NA,NA,NA,NA,NA,NA,NA,NA,Deborah Ross,NA,Richard Burr,NA,NA,Sean Haugh,TRUE
3,John Hoeven,Eliot Glassheim,Robert Marquette,NA,NA,NA,NA,NA,NA,NA,NA,NA,2016,North Dakota,John Hoeven,NA,NA,NA,NA,NA,NA,NA,NA,NA,NA,NA,NA,NA,NA,NA,NA,NA,NA,NA,NA,NA,NA,NA,NA,NA,NA,NA,NA,NA,NA,NA,NA,Eliot Glassheim,NA,John Hoeven,NA,NA,Robert Marquette,TRUE
3,Rob Portman,Ted Strickland,NA,NA,NA,Joseph DeMare,NA,NA,NA,NA,NA,NA,2016,Ohio,Rob Portman,NA,NA,NA,NA,NA,NA,NA,NA,NA,NA,NA,NA,NA,NA,NA,NA,NA,NA,NA,NA,NA,NA,NA,NA,NA,NA,NA,NA,NA,NA,NA,NA,Ted Strickland,NA,Rob Portman,Joseph DeMare,NA,NA,TRUE
3,James Lankford,Mike Workman,Robert Murphy,NA,NA,NA,NA,NA,NA,NA,NA,NA,2016,Oklahoma,James Lankford,NA,NA,NA,NA,NA,NA,NA,NA,NA,NA,NA,NA,NA,NA,NA,NA,NA,NA,NA,NA,NA,NA,NA,NA,NA,NA,NA,NA,NA,NA,NA,NA,Mike Workman,NA,James Lankford,NA,NA,Robert Murphy,TRUE
4,Mark Callahan,Ron Wyden,Jim Lindsay,NA,NA,NA,NA,NA,NA,NA,NA,NA,2016,Oregon,Ron Wyden,NA,NA,NA,NA,NA,NA,NA,NA,NA,NA,NA,NA,NA,NA,NA,NA,NA,NA,NA,NA,NA,NA,NA,NA,NA,NA,NA,NA,NA,NA,NA,NA,Ron Wyden,NA,Mark Callahan,NA,NA,Jim Lindsay,TRUE
3,Pat Toomey,Katie McGinty,Edward Clifford,NA,NA,NA,NA,NA,NA,NA,NA,NA,2016,Pennsylvania,Pat Toomey,NA,NA,NA,NA,NA,NA,NA,NA,NA,NA,NA,NA,NA,NA,NA,NA,NA,NA,NA,NA,NA,NA,NA,NA,NA,NA,NA,NA,NA,NA,NA,NA,Katie McGinty,NA,Pat Toomey,NA,NA,Edward Clifford,TRUE
3,Tim Scott,Thomas Dixon,Bill Bledsoe,NA,NA,NA,NA,NA,NA,NA,NA,NA,2016,South Carolina,Tim Scott,NA,NA,NA,NA,NA,NA,NA,NA,NA,NA,NA,NA,NA,NA,NA,NA,NA,NA,NA,NA,NA,NA,NA,NA,NA,NA,NA,NA,NA,NA,NA,NA,Thomas Dixon,NA,Tim Scott,NA,NA,Bill Bledsoe,TRUE
2,John Thune,Jay Williams,NA,NA,NA,NA,NA,NA,NA,NA,NA,NA,2016,South Dakota,John Thune,NA,NA,NA,NA,NA,NA,NA,NA,NA,NA,NA,NA,NA,NA,NA,NA,NA,NA,NA,NA,NA,NA,NA,NA,NA,NA,NA,NA,NA,NA,NA,NA,Jay Williams,NA,John Thune,NA,NA,NA,TRUE
4,Mike Lee,Misty K. Snow,NA,NA,NA,NA,NA,NA,NA,Stoney Fonua,NA,NA,2016,Utah,Mike Lee,NA,NA,NA,NA,NA,NA,NA,NA,NA,NA,NA,NA,NA,NA,NA,NA,NA,NA,NA,NA,NA,NA,NA,NA,NA,NA,NA,NA,NA,NA,NA,NA,Misty K. Snow,Stoney Fonua,Mike Lee,NA,NA,NA,TRUE
5,Scott Milne,Patrick Leahy,NA,NA,NA,NA,NA,NA,NA,NA,NA,NA,2016,Vermont,Patrick Leahy,NA,NA,NA,NA,NA,NA,Cris Ericson,NA,NA,NA,NA,NA,NA,NA,NA,NA,NA,NA,NA,NA,NA,NA,NA,NA,NA,NA,NA,NA,NA,NA,NA,NA,Patrick Leahy,NA,Scott Milne,NA,Cris Ericson,NA,TRUE
2,Chris Vance,Patty Murray,NA,NA,NA,NA,NA,NA,NA,NA,NA,NA,2016,Washington,Patty Murray,NA,NA,NA,NA,NA,NA,NA,NA,NA,NA,NA,NA,NA,NA,NA,NA,NA,NA,NA,NA,NA,NA,NA,NA,NA,NA,NA,NA,NA,NA,NA,NA,Patty Murray,NA,Chris Vance,NA,NA,NA,TRUE
3,Ron Johnson,Russ Feingold,Phil Anderson,NA,NA,NA,NA,NA,NA,NA,NA,NA,2016,Wisconsin,Ron Johnson,NA,NA,NA,NA,NA,NA,NA,NA,NA,NA,NA,NA,NA,NA,NA,NA,NA,NA,NA,NA,NA,NA,NA,NA,NA,NA,NA,NA,NA,NA,NA,NA,Russ Feingold,NA,Ron Johnson,NA,NA,Phil Anderson,TRUE
3,Martha McSally,Kyrsten Sinema,NA,NA,NA,Angela Green,NA,NA,NA,NA,NA,NA,2018,Arizona,Jeff Flake,NA,NA,NA,NA,NA,NA,NA,NA,NA,NA,NA,NA,NA,NA,NA,NA,NA,NA,NA,NA,NA,NA,NA,NA,NA,NA,NA,NA,NA,NA,NA,NA,Kyrsten Sinema,NA,Martha McSally,Angela Green,NA,NA,FALSE
4,Matthew Corey,Chris Murphy,Richard Lion,NA,NA,NA,NA,NA,NA,NA,NA,NA,2018,Connecticut,Chris Murphy,NA,NA,NA,NA,NA,NA,NA,NA,NA,NA,NA,NA,NA,NA,NA,NA,NA,NA,NA,NA,NA,NA,NA,NA,NA,NA,NA,NA,NA,NA,NA,NA,Chris Murphy,NA,Matthew Corey,NA,NA,Richard Lion,TRUE
4,Robert Arlett,Tom Carper,NA,NA,NA,Demitri Theodoropoulos,NA,NA,NA,NA,NA,NA,2018,Delaware,Tom Carper,NA,NA,NA,NA,NA,NA,NA,NA,NA,NA,NA,NA,NA,NA,NA,NA,NA,NA,NA,NA,NA,NA,NA,NA,NA,NA,NA,NA,NA,NA,NA,NA,Tom Carper,NA,Robert Arlett,Demitri Theodoropoulos,NA,NA,TRUE
2,Rick Scott,Bill Nelson,NA,NA,NA,NA,NA,NA,NA,NA,NA,NA,2018,Florida,Bill Nelson,NA,NA,NA,NA,NA,NA,NA,NA,NA,NA,NA,NA,NA,NA,NA,NA,NA,NA,NA,NA,NA,NA,NA,NA,NA,NA,NA,NA,NA,NA,NA,NA,Bill Nelson,NA,Rick Scott,NA,NA,NA,TRUE
2,Ron Curtis,Mazie Hirono,NA,NA,NA,NA,NA,NA,NA,NA,NA,NA,2018,Hawaii,Mazie Hirono,NA,NA,NA,NA,NA,NA,NA,NA,NA,NA,NA,NA,NA,NA,NA,NA,NA,NA,NA,NA,NA,NA,NA,NA,NA,NA,NA,NA,NA,NA,NA,NA,Mazie Hirono,NA,Ron Curtis,NA,NA,NA,TRUE
3,Mike Braun,Joe Donnelly,Lucy Brenton,NA,NA,NA,NA,NA,NA,NA,NA,NA,2018,Indiana,Joe Donnelly,NA,NA,NA,NA,NA,NA,NA,NA,NA,NA,NA,NA,NA,NA,NA,NA,NA,NA,NA,NA,NA,NA,NA,NA,NA,NA,NA,NA,NA,NA,NA,NA,Joe Donnelly,NA,Mike Braun,NA,NA,Lucy Brenton,TRUE
3,Eric Brakey,Zak Ringelstein,NA,NA,NA,NA,NA,Angus King,NA,NA,NA,NA,2018,Maine,Angus King,NA,NA,NA,NA,NA,NA,NA,NA,NA,NA,NA,NA,NA,NA,NA,NA,NA,NA,NA,NA,NA,NA,NA,NA,NA,NA,NA,NA,NA,NA,NA,NA,Zak Ringelstein,Angus King,Eric Brakey,NA,NA,NA,TRUE
5,Tony Campbell,Ben Cardin,NA,NA,NA,NA,NA,Neal Simon,NA,NA,NA,NA,2018,Maryland,Ben Cardin,NA,NA,NA,NA,NA,NA,NA,NA,NA,NA,NA,NA,NA,NA,NA,NA,NA,NA,NA,NA,NA,NA,NA,NA,NA,NA,NA,NA,NA,NA,NA,NA,Ben Cardin,Neal Simon,Tony Campbell,NA,NA,NA,TRUE
3,Geoff Diehl,Elizabeth Warren,NA,NA,NA,NA,NA,Shiva Ayyadurai,NA,NA,NA,NA,2018,Massachusetts,Elizabeth Warren,NA,NA,NA,NA,NA,NA,NA,NA,NA,NA,NA,NA,NA,NA,NA,NA,NA,NA,NA,NA,NA,NA,NA,NA,NA,NA,NA,NA,NA,NA,NA,NA,Elizabeth Warren,Shiva Ayyadurai,Geoff Diehl,NA,NA,NA,TRUE
4,John James,Debbie Stabenow,NA,NA,NA,NA,NA,Marcia Squier,NA,NA,NA,NA,2018,Michigan,Debbie Stabenow,NA,NA,NA,NA,NA,NA,NA,NA,NA,NA,NA,NA,NA,NA,NA,NA,NA,NA,NA,NA,NA,NA,NA,NA,NA,NA,NA,NA,NA,NA,NA,NA,Debbie Stabenow,Marcia Squier,John James,NA,NA,NA,TRUE
4,Jim Newberger,Amy Klobuchar,NA,NA,NA,NA,NA,NA,NA,NA,NA,NA,2018,Minnesota,Amy Klobuchar,NA,NA,NA,NA,NA,NA,NA,NA,NA,NA,NA,NA,NA,NA,NA,NA,NA,NA,NA,NA,NA,NA,NA,NA,NA,NA,NA,NA,NA,Dennis Schuller,NA,NA,Amy Klobuchar,NA,Jim Newberger,NA,Dennis Schuller,NA,TRUE
4,Roger Wicker,David Baria,Danny Bedwell,NA,NA,NA,NA,NA,NA,NA,NA,NA,2018,Mississippi,Roger Wicker,NA,NA,NA,NA,NA,NA,NA,NA,NA,NA,NA,NA,NA,NA,NA,NA,NA,NA,NA,NA,NA,NA,NA,NA,NA,NA,NA,NA,NA,NA,NA,NA,David Baria,NA,Roger Wicker,NA,NA,Danny Bedwell,TRUE
5,Josh Hawley,Claire McCaskill,NA,NA,NA,NA,NA,NA,NA,NA,NA,NA,2018,Missouri,Claire McCaskill,NA,NA,NA,NA,NA,NA,NA,NA,NA,NA,NA,NA,NA,NA,NA,NA,NA,NA,NA,NA,NA,NA,NA,NA,NA,NA,NA,NA,NA,NA,Craig O'Dear,NA,Claire McCaskill,Craig O'Dear,Josh Hawley,NA,NA,NA,TRUE
3,Matt Rosendale,Jon Tester,Rick Breckenridge,NA,NA,NA,NA,NA,NA,NA,NA,NA,2018,Montana,Jon Tester,NA,NA,NA,NA,NA,NA,NA,NA,NA,NA,NA,NA,NA,NA,NA,NA,NA,NA,NA,NA,NA,NA,NA,NA,NA,NA,NA,NA,NA,NA,NA,NA,Jon Tester,NA,Matt Rosendale,NA,NA,Rick Breckenridge,TRUE
3,Deb Fischer,Jane Raybould,Jim Schultz,NA,NA,NA,NA,NA,NA,NA,NA,NA,2018,Nebraska,Deb Fischer,NA,NA,NA,NA,NA,NA,NA,NA,NA,NA,NA,NA,NA,NA,NA,NA,NA,NA,NA,NA,NA,NA,NA,NA,NA,NA,NA,NA,NA,NA,NA,NA,Jane Raybould,NA,Deb Fischer,NA,NA,Jim Schultz,TRUE
5,Dean Heller,Jacky Rosen,NA,NA,NA,NA,NA,NA,NA,NA,NA,NA,2018,Nevada,Dean Heller,NA,NA,NA,NA,NA,NA,NA,NA,NA,NA,NA,NA,NA,NA,NA,NA,NA,NA,NA,NA,NA,NA,NA,NA,NA,NA,NA,NA,NA,NA,Barry Michaels,NA,Jacky Rosen,Barry Michaels,Dean Heller,NA,NA,NA,TRUE
8,Bob Hugin,Bob Menendez,NA,NA,NA,Madelyn Hoffman,NA,NA,NA,NA,NA,NA,2018,New Jersey,Bob Menendez,NA,NA,NA,NA,NA,NA,NA,NA,NA,NA,NA,NA,NA,NA,NA,NA,NA,NA,NA,NA,NA,NA,NA,NA,NA,NA,NA,NA,NA,NA,NA,NA,Bob Menendez,NA,Bob Hugin,Madelyn Hoffman,NA,NA,TRUE
3,Mick Rich,Martin Heinrich,Gary Johnson,NA,NA,NA,NA,NA,NA,NA,NA,NA,2018,New Mexico,Martin Heinrich,NA,NA,NA,NA,NA,NA,NA,NA,NA,NA,NA,NA,NA,NA,NA,NA,NA,NA,NA,NA,NA,NA,NA,NA,NA,NA,NA,NA,NA,NA,NA,NA,Martin Heinrich,NA,Mick Rich,NA,NA,Gary Johnson,TRUE
2,Chele Chiavacci Farley,Kirsten Gillibrand,NA,NA,NA,NA,NA,NA,NA,NA,NA,NA,2018,New York,Kirsten Gillibrand,NA,NA,NA,NA,NA,NA,NA,NA,NA,NA,NA,NA,NA,NA,NA,NA,NA,NA,NA,NA,NA,NA,NA,NA,NA,NA,NA,NA,NA,NA,NA,NA,Kirsten Gillibrand,NA,Chele Chiavacci Farley,NA,NA,NA,TRUE
2,Kevin Cramer,Heidi Heitkamp,NA,NA,NA,NA,NA,NA,NA,NA,NA,NA,2018,North Dakota,Heidi Heitkamp,NA,NA,NA,NA,NA,NA,NA,NA,NA,NA,NA,NA,NA,NA,NA,NA,NA,NA,NA,NA,NA,NA,NA,NA,NA,NA,NA,NA,NA,NA,NA,NA,Heidi Heitkamp,NA,Kevin Cramer,NA,NA,NA,TRUE
2,Jim Renacci,Sherrod Brown,NA,NA,NA,NA,NA,NA,NA,NA,NA,NA,2018,Ohio,Sherrod Brown,NA,NA,NA,NA,NA,NA,NA,NA,NA,NA,NA,NA,NA,NA,NA,NA,NA,NA,NA,NA,NA,NA,NA,NA,NA,NA,NA,NA,NA,NA,NA,NA,Sherrod Brown,NA,Jim Renacci,NA,NA,NA,TRUE
4,Lou Barletta,Bob Casey Jr.,Dale Kerns,NA,NA,NA,NA,NA,NA,NA,NA,NA,2018,Pennsylvania,Bob Casey Jr.,NA,NA,NA,NA,NA,NA,NA,NA,NA,NA,NA,NA,NA,NA,NA,NA,NA,NA,NA,NA,NA,NA,NA,NA,NA,NA,NA,NA,NA,NA,NA,NA,Bob Casey Jr.,NA,Lou Barletta,NA,NA,Dale Kerns,TRUE
2,Robert Flanders,Sheldon Whitehouse,NA,NA,NA,NA,NA,NA,NA,NA,NA,NA,2018,Rhode Island,Sheldon Whitehouse,NA,NA,NA,NA,NA,NA,NA,NA,NA,NA,NA,NA,NA,NA,NA,NA,NA,NA,NA,NA,NA,NA,NA,NA,NA,NA,NA,NA,NA,NA,NA,NA,Sheldon Whitehouse,NA,Robert Flanders,NA,NA,NA,TRUE
8,Marsha Blackburn,Phil Bredesen,NA,NA,NA,NA,NA,NA,NA,NA,NA,NA,2018,Tennessee,Bob Corker,NA,NA,NA,NA,NA,NA,NA,NA,NA,NA,NA,NA,NA,NA,NA,NA,NA,NA,NA,NA,NA,NA,NA,NA,NA,NA,NA,NA,NA,NA,Trudy Austin,NA,Phil Bredesen,Trudy Austin,Marsha Blackburn,NA,NA,NA,FALSE
3,Ted Cruz,Beto O'Rourke,Neal Dikeman,NA,NA,NA,NA,NA,NA,NA,NA,NA,2018,Texas,Ted Cruz,NA,NA,NA,NA,NA,NA,NA,NA,NA,NA,NA,NA,NA,NA,NA,NA,NA,NA,NA,NA,NA,NA,NA,NA,NA,NA,NA,NA,NA,NA,NA,NA,Beto O'Rourke,NA,Ted Cruz,NA,NA,Neal Dikeman,TRUE
5,Mitt Romney,Jenny Wilson,NA,NA,NA,NA,NA,NA,Tim Aalders,NA,NA,NA,2018,Utah,Orrin Hatch,NA,NA,NA,NA,NA,NA,NA,NA,NA,NA,NA,NA,NA,NA,NA,NA,NA,NA,NA,NA,NA,NA,NA,NA,NA,NA,NA,NA,NA,NA,NA,NA,Jenny Wilson,NA,Mitt Romney,NA,Tim Aalders,NA,FALSE
2,Lawrence Zupan,NA,NA,NA,NA,NA,NA,Bernie Sanders,NA,NA,NA,NA,2018,Vermont,Bernie Sanders,NA,NA,NA,NA,NA,NA,NA,NA,NA,NA,NA,NA,NA,NA,NA,NA,NA,NA,NA,NA,NA,NA,NA,NA,NA,NA,NA,NA,NA,NA,NA,NA,NA,Bernie Sanders,Lawrence Zupan,NA,NA,NA,TRUE
3,Corey Stewart,Tim Kaine,Matt Waters,NA,NA,NA,NA,NA,NA,NA,NA,NA,2018,Virginia,Tim Kaine,NA,NA,NA,NA,NA,NA,NA,NA,NA,NA,NA,NA,NA,NA,NA,NA,NA,NA,NA,NA,NA,NA,NA,NA,NA,NA,NA,NA,NA,NA,NA,NA,Tim Kaine,NA,Corey Stewart,NA,NA,Matt Waters,TRUE
2,Susan Hutchison,Maria Cantwell,NA,NA,NA,NA,NA,NA,NA,NA,NA,NA,2018,Washington,Maria Cantwell,NA,NA,NA,NA,NA,NA,NA,NA,NA,NA,NA,NA,NA,NA,NA,NA,NA,NA,NA,NA,NA,NA,NA,NA,NA,NA,NA,NA,NA,NA,NA,NA,Maria Cantwell,NA,Susan Hutchison,NA,NA,NA,TRUE
3,Patrick Morrisey,Joe Manchin,Rusty Hollen,NA,NA,NA,NA,NA,NA,NA,NA,NA,2018,West Virginia,Joe Manchin,NA,NA,NA,NA,NA,NA,NA,NA,NA,NA,NA,NA,NA,NA,NA,NA,NA,NA,NA,NA,NA,NA,NA,NA,NA,NA,NA,NA,NA,NA,NA,NA,Joe Manchin,NA,Patrick Morrisey,NA,NA,Rusty Hollen,TRUE
2,Leah Vukmir,Tammy Baldwin,NA,NA,NA,NA,NA,NA,NA,NA,NA,NA,2018,Wisconsin,Tammy Baldwin,NA,NA,NA,NA,NA,NA,NA,NA,NA,NA,NA,NA,NA,NA,NA,NA,NA,NA,NA,NA,NA,NA,NA,NA,NA,NA,NA,NA,NA,NA,NA,NA,Tammy Baldwin,NA,Leah Vukmir,NA,NA,NA,TRUE
3,John Barrasso,Gary Trauner,Joe Porambo,NA,NA,NA,NA,NA,NA,NA,NA,NA,2018,Wyoming,John Barrasso,NA,NA,NA,NA,NA,NA,NA,NA,NA,NA,NA,NA,NA,NA,NA,NA,NA,NA,NA,NA,NA,NA,NA,NA,NA,NA,NA,NA,NA,NA,NA,NA,Gary Trauner,NA,John Barrasso,NA,NA,Joe Porambo,TRUE
2,Mack Mattingly,Zell Miller,NA,NA,NA,NA,NA,NA,NA,NA,NA,NA,2000,Georgia,Zell Miller,NA,NA,NA,NA,NA,NA,NA,NA,NA,NA,NA,NA,NA,NA,NA,NA,NA,NA,NA,NA,NA,NA,NA,NA,NA,NA,NA,NA,NA,NA,NA,NA,Zell Miller,NA,Mack Mattingly,NA,NA,NA,TRUE
4,Jim Talent,Jean Carnahan,Tamara A. Millay,NA,NA,NA,NA,NA,NA,NA,NA,NA,2002,Missouri,Jean Carnahan,NA,NA,NA,NA,NA,NA,NA,NA,NA,NA,NA,NA,NA,NA,NA,NA,NA,NA,NA,NA,NA,NA,NA,NA,NA,NA,NA,NA,NA,NA,NA,NA,Jean Carnahan,NA,Jim Talent,NA,NA,Tamara A. Millay,TRUE
2,Roger Wicker,Ronnie Musgrove,NA,NA,NA,NA,NA,NA,NA,NA,NA,NA,2008,Mississippi,Roger Wicker,NA,NA,NA,NA,NA,NA,NA,NA,NA,NA,NA,NA,NA,NA,NA,NA,NA,NA,NA,NA,NA,NA,NA,NA,NA,NA,NA,NA,NA,NA,NA,NA,Ronnie Musgrove,NA,Roger Wicker,NA,NA,NA,TRUE
2,John Barrasso,Nick Carter,NA,NA,NA,NA,NA,NA,NA,NA,NA,NA,2008,Wyoming,John Barrasso,NA,NA,NA,NA,NA,NA,NA,NA,NA,NA,NA,NA,NA,NA,NA,NA,NA,NA,NA,NA,NA,NA,NA,NA,NA,NA,NA,NA,NA,NA,NA,NA,Nick Carter,NA,John Barrasso,NA,NA,NA,TRUE
3,Scott Brown,Martha Coakley,Joseph L. Kennedy,NA,NA,NA,NA,NA,NA,NA,NA,NA,2010,Massachusetts,Paul G. Kirk,NA,NA,NA,NA,NA,NA,NA,NA,NA,NA,NA,NA,NA,NA,NA,NA,NA,NA,NA,NA,NA,NA,NA,NA,NA,NA,NA,NA,NA,NA,NA,NA,Martha Coakley,NA,Scott Brown,NA,NA,Joseph L. Kennedy,FALSE
4,Christine O'Donnell,Chris Coons,NA,NA,NA,NA,NA,Glenn Miller,NA,NA,NA,NA,2010,Delaware,Ted Kaufman,NA,NA,NA,NA,NA,NA,NA,NA,NA,NA,NA,NA,NA,NA,NA,NA,NA,NA,NA,NA,NA,NA,NA,NA,NA,NA,NA,NA,NA,NA,NA,NA,Chris Coons,Glenn Miller,Christine O'Donnell,NA,NA,NA,FALSE
4,Mark Kirk,Alexi Giannoulias,NA,NA,NA,LeAlan Jones,NA,NA,NA,NA,NA,NA,2010,Illinois,Roland Burris,NA,NA,NA,NA,NA,NA,NA,NA,NA,NA,NA,NA,NA,NA,NA,NA,NA,NA,NA,NA,NA,NA,NA,NA,NA,NA,NA,NA,NA,NA,NA,NA,Alexi Giannoulias,NA,Mark Kirk,LeAlan Jones,NA,NA,FALSE
4,Joseph DioGuardi,Kirsten Gillibrand,NA,NA,NA,Cecile Lawrence,NA,NA,NA,NA,NA,NA,2010,New York,Kirsten Gillibrand,NA,NA,NA,NA,NA,NA,NA,NA,NA,NA,NA,NA,NA,NA,NA,NA,NA,NA,NA,NA,NA,NA,NA,NA,NA,NA,NA,NA,NA,NA,NA,NA,Kirsten Gillibrand,NA,Joseph DioGuardi,Cecile Lawrence,NA,NA,TRUE
4,John Raese,Joe Manchin,NA,NA,NA,NA,NA,NA,NA,NA,NA,NA,2010,West Virginia,Carte Goodwin,NA,NA,NA,NA,NA,NA,NA,NA,NA,NA,NA,NA,NA,NA,Jesse Johnson,NA,NA,NA,NA,NA,NA,NA,NA,NA,NA,NA,NA,NA,NA,NA,NA,NA,Joe Manchin,NA,John Raese,NA,Jesse Johnson,NA,FALSE
3,Campbell Cavasso,Brian Schatz,Michael A. Kokoski,NA,NA,NA,NA,NA,NA,NA,NA,NA,2014,Hawaii,Brian Schatz,NA,NA,NA,NA,NA,NA,NA,NA,NA,NA,NA,NA,NA,NA,NA,NA,NA,NA,NA,NA,NA,NA,NA,NA,NA,NA,NA,NA,NA,NA,NA,NA,Brian Schatz,NA,Campbell Cavasso,NA,NA,Michael A. Kokoski,TRUE
3,James Lankford,Connie Johnson,NA,NA,NA,NA,NA,Mark T. Beard,NA,NA,NA,NA,2014,Oklahoma,Tom Coburn,NA,NA,NA,NA,NA,NA,NA,NA,NA,NA,NA,NA,NA,NA,NA,NA,NA,NA,NA,NA,NA,NA,NA,NA,NA,NA,NA,NA,NA,NA,NA,NA,Connie Johnson,Mark T. Beard,James Lankford,NA,NA,NA,FALSE
3,Tim Scott,Joyce Dickerson,NA,NA,NA,NA,NA,NA,NA,NA,NA,NA,2014,South Carolina,Tim Scott,NA,NA,NA,NA,NA,NA,NA,NA,NA,NA,NA,NA,NA,NA,NA,NA,NA,NA,NA,NA,NA,NA,NA,NA,NA,NA,NA,NA,NA,NA,NA,Jill Bossi,Joyce Dickerson,NA,Tim Scott,NA,Jill Bossi,NA,TRUE
4,Karin Housley,Tina Smith,NA,NA,NA,NA,NA,NA,NA,NA,NA,NA,2018,Minnesota,Tina Smith,NA,NA,NA,NA,NA,NA,NA,NA,NA,NA,NA,NA,NA,NA,NA,NA,NA,NA,NA,NA,NA,NA,NA,NA,NA,NA,NA,NA,NA,Sarah Wellington,NA,NA,Tina Smith,NA,Karin Housley,NA,Sarah Wellington,NA,TRUE
2,Cindy Hyde-Smith,Mike Espy,NA,NA,NA,NA,NA,NA,NA,NA,NA,NA,2018,Mississippi,Cindy Hyde-Smith,NA,NA,NA,NA,NA,NA,NA,NA,NA,NA,NA,NA,NA,NA,NA,NA,NA,NA,NA,NA,NA,NA,NA,NA,NA,NA,NA,NA,NA,NA,NA,NA,Mike Espy,NA,Cindy Hyde-Smith,NA,NA,NA,TRUE
